Cleaning up project files...
rm -rf output/*.v
rm -rf output/*.def
rm -rf output/*.log
Starting Synthesis for mini_soc_top...
bash "/home/manal/projects/RiscV-mini-SoC"/scripts/run_flow.sh --design "mini_soc_top" --step synth | tee output/synth.log
Running Yosys Synthesis for mini_soc_top...
ERROR: Can't guess frontend for input file `read_verilog' (missing -f option)!
yosys: invalid option -- 'I'
Run 'yosys -h' for help.
ERROR: Can't guess frontend for input file `read_liberty' (missing -f option)!
ERROR: Can't guess frontend for input file `blackbox' (missing -f option)!
[00000.000697] ERROR: Can't guess frontend for input file `hierarchy' (missing -f option)!
ERROR: Can't guess frontend for input file `proc' (missing -f option)!
ERROR: Can't guess frontend for input file `opt' (missing -f option)!
ERROR: Can't guess frontend for input file `fsm' (missing -f option)!
ERROR: Can't guess frontend for input file `opt' (missing -f option)!
ERROR: Can't guess frontend for input file `memory' (missing -f option)!
ERROR: Can't guess frontend for input file `opt' (missing -f option)!
ERROR: Can't guess frontend for input file `techmap' (missing -f option)!
ERROR: Can't guess frontend for input file `dfflibmap' (missing -f option)!
ERROR: Can't guess frontend for input file `abc' (missing -f option)!
ERROR: Can't guess frontend for input file `clean' (missing -f option)!
ERROR: Can't guess frontend for input file `splitnets' (missing -f option)!
yosys: invalid option -- 'z'
Run 'yosys -h' for help.
ERROR: Can't guess frontend for input file `check' (missing -f option)!
ERROR: Can't guess frontend for input file `hilomap' (missing -f option)!
yosys: invalid option -- 'n'
Run 'yosys -h' for help.
ERROR: Can't guess frontend for input file `stat' (missing -f option)!

 /----------------------------------------------------------------------------\
 |                                                                            |
 |  yosys -- Yosys Open SYnthesis Suite                                       |
 |                                                                            |
 |  Copyright (C) 2012 - 2020  Claire Xenia Wolf <claire@yosyshq.com>         |
 |                                                                            |
 |  Permission to use, copy, modify, and/or distribute this software for any  |
 |  purpose with or without fee is hereby granted, provided that the above    |
 |  copyright notice and this permission notice appear in all copies.         |
 |                                                                            |
 |  THE SOFTWARE IS PROVIDED "AS IS" AND THE AUTHOR DISCLAIMS ALL WARRANTIES  |
 |  WITH REGARD TO THIS SOFTWARE INCLUDING ALL IMPLIED WARRANTIES OF          |
 |  MERCHANTABILITY AND FITNESS. IN NO EVENT SHALL THE AUTHOR BE LIABLE FOR   |
 |  ANY SPECIAL, DIRECT, INDIRECT, OR CONSEQUENTIAL DAMAGES OR ANY DAMAGES    |
 |  WHATSOEVER RESULTING FROM LOSS OF USE, DATA OR PROFITS, WHETHER IN AN     |
 |  ACTION OF CONTRACT, NEGLIGENCE OR OTHER TORTIOUS ACTION, ARISING OUT OF   |
 |  OR IN CONNECTION WITH THE USE OR PERFORMANCE OF THIS SOFTWARE.            |
 |                                                                            |
 \----------------------------------------------------------------------------/

 Yosys 0.33 (git sha1 2584903a060)

1. Executing Verilog-2005 frontend: ../macros/sky130_sram_1kbyte_1rw1r_32x256_8.v
Parsing Verilog input from `../macros/sky130_sram_1kbyte_1rw1r_32x256_8.v' to AST representation.
Generating RTLIL representation for module `\sky130_sram_1kbyte_1rw1r_32x256_8'.
Successfully finished Verilog frontend.

2. Executing Verilog-2005 frontend: ../rtl/cpu/picorv32.v
Parsing SystemVerilog input from `../rtl/cpu/picorv32.v' to AST representation.
Generating RTLIL representation for module `\picorv32'.
Generating RTLIL representation for module `\picorv32_regs'.
Generating RTLIL representation for module `\picorv32_pcpi_mul'.
Generating RTLIL representation for module `\picorv32_pcpi_fast_mul'.
Generating RTLIL representation for module `\picorv32_pcpi_div'.
Generating RTLIL representation for module `\picorv32_axi'.
Generating RTLIL representation for module `\picorv32_axi_adapter'.
Generating RTLIL representation for module `\picorv32_wb'.
Successfully finished Verilog frontend.

3. Executing Verilog-2005 frontend: ../rtl/bus/simple_interconnect.v
Parsing SystemVerilog input from `../rtl/bus/simple_interconnect.v' to AST representation.
Generating RTLIL representation for module `\simple_interconnect'.
Successfully finished Verilog frontend.

4. Executing Verilog-2005 frontend: ../rtl/memory/instr_mem.v
Parsing SystemVerilog input from `../rtl/memory/instr_mem.v' to AST representation.
Generating RTLIL representation for module `\instr_mem'.
Successfully finished Verilog frontend.

5. Executing Verilog-2005 frontend: ../rtl/memory/data_mem.v
Parsing SystemVerilog input from `../rtl/memory/data_mem.v' to AST representation.
Generating RTLIL representation for module `\data_mem'.
Successfully finished Verilog frontend.

6. Executing Verilog-2005 frontend: ../rtl/peripherals/uart.v
Parsing SystemVerilog input from `../rtl/peripherals/uart.v' to AST representation.
Generating RTLIL representation for module `\uart_periph'.
Successfully finished Verilog frontend.

7. Executing Verilog-2005 frontend: ../rtl/peripherals/timer.v
Parsing SystemVerilog input from `../rtl/peripherals/timer.v' to AST representation.
Generating RTLIL representation for module `\timer_periph'.
Successfully finished Verilog frontend.

8. Executing Verilog-2005 frontend: ../rtl/top/mini_soc_top.v
Parsing SystemVerilog input from `../rtl/top/mini_soc_top.v' to AST representation.
Generating RTLIL representation for module `\mini_soc_top'.
Successfully finished Verilog frontend.

9. Executing Liberty frontend: ../macros/sky130_sram_1kbyte_1rw1r_32x256_8_TT_1p8V_25C.lib
Replacing existing blackbox module sky130_sram_1kbyte_1rw1r_32x256_8.
Imported 1 cell types from liberty file.
Warning: Selection "sky130_sram_1kbyte_1rw1r_32x256_8" did not match any module.

10. Executing HIERARCHY pass (managing design hierarchy).

10.1. Analyzing design hierarchy..
Top module:  \mini_soc_top
Used module:     \timer_periph
Used module:     \uart_periph
Used module:     \data_mem
Used module:     \instr_mem
Used module:     \simple_interconnect
Used module:     \picorv32
Parameter \ENABLE_IRQ = 1
Parameter \PROGADDR_RESET = 0
Parameter \STACKADDR = 66560

10.2. Executing AST frontend in derive mode using pre-parsed AST for module `\picorv32'.
Parameter \ENABLE_IRQ = 1
Parameter \PROGADDR_RESET = 0
Parameter \STACKADDR = 66560
Generating RTLIL representation for module `$paramod$ce97735b3e205300b7cc20b49638b23e37b300ee\picorv32'.

10.3. Analyzing design hierarchy..
Top module:  \mini_soc_top
Used module:     \timer_periph
Used module:     \uart_periph
Used module:     \data_mem
Used module:     \instr_mem
Used module:     \simple_interconnect
Used module:     $paramod$ce97735b3e205300b7cc20b49638b23e37b300ee\picorv32

10.4. Analyzing design hierarchy..
Top module:  \mini_soc_top
Used module:     \timer_periph
Used module:     \uart_periph
Used module:     \data_mem
Used module:     \instr_mem
Used module:     \simple_interconnect
Used module:     $paramod$ce97735b3e205300b7cc20b49638b23e37b300ee\picorv32
Removing unused module `\picorv32_wb'.
Removing unused module `\picorv32_axi_adapter'.
Removing unused module `\picorv32_axi'.
Removing unused module `\picorv32_pcpi_div'.
Removing unused module `\picorv32_pcpi_fast_mul'.
Removing unused module `\picorv32_pcpi_mul'.
Removing unused module `\picorv32_regs'.
Removing unused module `\picorv32'.
Removed 8 unused modules.

11. Executing PROC pass (convert processes to netlists).

11.1. Executing PROC_CLEAN pass (remove empty switches from decision trees).
Found and cleaned up 1 empty switch in `$paramod$ce97735b3e205300b7cc20b49638b23e37b300ee\picorv32.$proc$../rtl/cpu/picorv32.v:0$1615'.
Removing empty process `$paramod$ce97735b3e205300b7cc20b49638b23e37b300ee\picorv32.$proc$../rtl/cpu/picorv32.v:0$1615'.
Found and cleaned up 16 empty switches in `$paramod$ce97735b3e205300b7cc20b49638b23e37b300ee\picorv32.$proc$../rtl/cpu/picorv32.v:1402$1431'.
Found and cleaned up 1 empty switch in `$paramod$ce97735b3e205300b7cc20b49638b23e37b300ee\picorv32.$proc$../rtl/cpu/picorv32.v:1348$1415'.
Found and cleaned up 6 empty switches in `$paramod$ce97735b3e205300b7cc20b49638b23e37b300ee\picorv32.$proc$../rtl/cpu/picorv32.v:546$1051'.
Removing empty process `$paramod$ce97735b3e205300b7cc20b49638b23e37b300ee\picorv32.$proc$../rtl/cpu/picorv32.v:546$1051'.
Cleaned up 24 empty switches.

11.2. Executing PROC_RMDEAD pass (remove dead branches from decision trees).
Marked 2 switch rules as full_case in process $proc$../rtl/peripherals/timer.v:60$924 in module timer_periph.
Marked 2 switch rules as full_case in process $proc$../rtl/peripherals/timer.v:42$918 in module timer_periph.
Marked 1 switch rules as full_case in process $proc$../rtl/peripherals/timer.v:33$915 in module timer_periph.
Marked 2 switch rules as full_case in process $proc$../rtl/peripherals/uart.v:75$912 in module uart_periph.
Marked 4 switch rules as full_case in process $proc$../rtl/peripherals/uart.v:33$903 in module uart_periph.
Marked 1 switch rules as full_case in process $proc$../rtl/peripherals/uart.v:21$896 in module uart_periph.
Marked 4 switch rules as full_case in process $proc$../rtl/bus/simple_interconnect.v:120$887 in module simple_interconnect.
Marked 1 switch rules as full_case in process $proc$../rtl/bus/simple_interconnect.v:97$881 in module simple_interconnect.
Marked 3 switch rules as full_case in process $proc$../rtl/bus/simple_interconnect.v:72$873 in module simple_interconnect.
Marked 37 switch rules as full_case in process $proc$../rtl/cpu/picorv32.v:1402$1431 in module $paramod$ce97735b3e205300b7cc20b49638b23e37b300ee\picorv32.
Marked 1 switch rules as full_case in process $proc$../rtl/cpu/picorv32.v:1337$1406 in module $paramod$ce97735b3e205300b7cc20b49638b23e37b300ee\picorv32.
Marked 2 switch rules as full_case in process $proc$../rtl/cpu/picorv32.v:1309$1394 in module $paramod$ce97735b3e205300b7cc20b49638b23e37b300ee\picorv32.
Marked 2 switch rules as full_case in process $proc$../rtl/cpu/picorv32.v:1295$1389 in module $paramod$ce97735b3e205300b7cc20b49638b23e37b300ee\picorv32.
Marked 8 switch rules as full_case in process $proc$../rtl/cpu/picorv32.v:1186$1354 in module $paramod$ce97735b3e205300b7cc20b49638b23e37b300ee\picorv32.
Marked 3 switch rules as full_case in process $proc$../rtl/cpu/picorv32.v:858$1091 in module $paramod$ce97735b3e205300b7cc20b49638b23e37b300ee\picorv32.
Marked 3 switch rules as full_case in process $proc$../rtl/cpu/picorv32.v:809$1089 in module $paramod$ce97735b3e205300b7cc20b49638b23e37b300ee\picorv32.
Marked 2 switch rules as full_case in process $proc$../rtl/cpu/picorv32.v:778$1085 in module $paramod$ce97735b3e205300b7cc20b49638b23e37b300ee\picorv32.
Marked 48 switch rules as full_case in process $proc$../rtl/cpu/picorv32.v:701$1084 in module $paramod$ce97735b3e205300b7cc20b49638b23e37b300ee\picorv32.
Marked 4 switch rules as full_case in process $proc$../rtl/cpu/picorv32.v:565$1060 in module $paramod$ce97735b3e205300b7cc20b49638b23e37b300ee\picorv32.
Marked 1 switch rules as full_case in process $proc$../rtl/cpu/picorv32.v:430$1022 in module $paramod$ce97735b3e205300b7cc20b49638b23e37b300ee\picorv32.
Removed 2 dead cases from process $proc$../rtl/cpu/picorv32.v:401$1019 in module $paramod$ce97735b3e205300b7cc20b49638b23e37b300ee\picorv32.
Marked 2 switch rules as full_case in process $proc$../rtl/cpu/picorv32.v:401$1019 in module $paramod$ce97735b3e205300b7cc20b49638b23e37b300ee\picorv32.
Marked 1 switch rules as full_case in process $proc$../rtl/cpu/picorv32.v:390$1014 in module $paramod$ce97735b3e205300b7cc20b49638b23e37b300ee\picorv32.
Marked 1 switch rules as full_case in process $proc$../rtl/cpu/picorv32.v:325$940 in module $paramod$ce97735b3e205300b7cc20b49638b23e37b300ee\picorv32.
Removed a total of 2 dead cases.

11.3. Executing PROC_PRUNE pass (remove redundant assignments in processes).
Removed 10 redundant assignments.
Promoted 66 assignments to connections.

11.4. Executing PROC_INIT pass (extract init attributes).

11.5. Executing PROC_ARST pass (detect async resets in processes).
Found async reset \reset_n in `\simple_interconnect.$proc$../rtl/bus/simple_interconnect.v:97$881'.

11.6. Executing PROC_ROM pass (convert switches to ROMs).
Converted 0 switches.
<suppressed ~213 debug messages>

11.7. Executing PROC_MUX pass (convert decision trees to multiplexers).
Creating decoders for process `\timer_periph.$proc$../rtl/peripherals/timer.v:60$924'.
     1/2: $2\rdata[31:0]
     2/2: $1\rdata[31:0]
Creating decoders for process `\timer_periph.$proc$../rtl/peripherals/timer.v:42$918'.
     1/2: $0\compare_reg[31:0]
     2/2: $0\irq[0:0]
Creating decoders for process `\timer_periph.$proc$../rtl/peripherals/timer.v:33$915'.
     1/1: $0\count_reg[31:0]
Creating decoders for process `\uart_periph.$proc$../rtl/peripherals/uart.v:75$912'.
     1/2: $2\rdata[31:0]
     2/2: $1\rdata[31:0]
Creating decoders for process `\uart_periph.$proc$../rtl/peripherals/uart.v:33$903'.
     1/5: $0\baud_restart[0:0]
     2/5: $0\bit_idx[3:0]
     3/5: $0\tx_data[7:0]
     4/5: $0\tx_state[3:0]
     5/5: $0\tx[0:0]
Creating decoders for process `\uart_periph.$proc$../rtl/peripherals/uart.v:21$896'.
     1/1: $0\baud_counter[15:0]
Creating decoders for process `\simple_interconnect.$proc$../rtl/bus/simple_interconnect.v:133$888'.
Creating decoders for process `\simple_interconnect.$proc$../rtl/bus/simple_interconnect.v:120$887'.
     1/4: $4\cpu_rdata[31:0]
     2/4: $3\cpu_rdata[31:0]
     3/4: $2\cpu_rdata[31:0]
     4/4: $1\cpu_rdata[31:0]
Creating decoders for process `\simple_interconnect.$proc$../rtl/bus/simple_interconnect.v:97$881'.
     1/4: $0\pending_timer[0:0]
     2/4: $0\pending_uart[0:0]
     3/4: $0\pending_dmem[0:0]
     4/4: $0\pending_imem[0:0]
Creating decoders for process `\simple_interconnect.$proc$../rtl/bus/simple_interconnect.v:72$873'.
     1/3: $1\timer_we[0:0]
     2/3: $1\uart_we[0:0]
     3/3: $1\dmem_wstrb[3:0]
Creating decoders for process `$paramod$ce97735b3e205300b7cc20b49638b23e37b300ee\picorv32.$proc$../rtl/cpu/picorv32.v:1402$1431'.
     1/82: $20\next_irq_pending[2:2]
     2/82: $19\next_irq_pending[2:2]
     3/82: $18\next_irq_pending[2:2]
     4/82: $17\next_irq_pending[2:2]
     5/82: $16\next_irq_pending[2:2]
     6/82: $15\next_irq_pending[2:2]
     7/82: $14\next_irq_pending[2:2]
     8/82: $13\next_irq_pending[0:0]
     9/82: $12\next_irq_pending[0:0]
    10/82: $11\next_irq_pending[31:0] [0]
    11/82: $11\next_irq_pending[31:0] [31:1]
    12/82: $2\next_irq_pending[31:0] [31:2]
    13/82: $3\set_mem_do_rdata[0:0]
    14/82: $2\next_irq_pending[31:0] [1]
    15/82: $3\set_mem_do_wdata[0:0]
    16/82: $2\next_irq_pending[31:0] [0]
    17/82: $4\set_mem_do_rinst[0:0]
    18/82: $3\set_mem_do_rinst[0:0]
    19/82: $4\set_mem_do_wdata[0:0]
    20/82: $9\next_irq_pending[1:1]
    21/82: $8\next_irq_pending[1:1]
    22/82: $7\next_irq_pending[1:1]
    23/82: $4\set_mem_do_rdata[0:0]
    24/82: $5\next_irq_pending[1:1]
    25/82: $4\next_irq_pending[1:1]
    26/82: $10\next_irq_pending[1:1]
    27/82: $5\set_mem_do_rinst[0:0]
    28/82: $6\next_irq_pending[1:1]
    29/82: $3\next_irq_pending[31:0]
    30/82: $3\current_pc[31:0]
    31/82: $2\current_pc[31:0]
    32/82: $2\set_mem_do_wdata[0:0]
    33/82: $2\set_mem_do_rdata[0:0]
    34/82: $2\set_mem_do_rinst[0:0]
    35/82: $1\next_irq_pending[31:0]
    36/82: $1\current_pc[31:0]
    37/82: $1\set_mem_do_wdata[0:0]
    38/82: $1\set_mem_do_rdata[0:0]
    39/82: $1\set_mem_do_rinst[0:0]
    40/82: $0\trace_data[35:0]
    41/82: $0\count_cycle[63:0]
    42/82: $0\trace_valid[0:0]
    43/82: $0\do_waitirq[0:0]
    44/82: $0\decoder_pseudo_trigger[0:0]
    45/82: $0\decoder_trigger[0:0]
    46/82: $0\alu_wait_2[0:0]
    47/82: $0\alu_wait[0:0]
    48/82: $0\reg_out[31:0]
    49/82: $0\reg_sh[4:0]
    50/82: $0\trap[0:0]
    51/82: $0\pcpi_timeout[0:0]
    52/82: $0\latched_rd[5:0]
    53/82: $0\latched_is_lb[0:0]
    54/82: $0\latched_is_lh[0:0]
    55/82: $0\latched_is_lu[0:0]
    56/82: $0\latched_trace[0:0]
    57/82: $0\latched_compr[0:0]
    58/82: $0\latched_branch[0:0]
    59/82: $0\latched_stalu[0:0]
    60/82: $0\latched_store[0:0]
    61/82: $0\irq_state[1:0]
    62/82: $0\cpu_state[7:0]
    63/82: $0\dbg_rs2val_valid[0:0]
    64/82: $0\dbg_rs1val_valid[0:0]
    65/82: $0\dbg_rs2val[31:0]
    66/82: $0\dbg_rs1val[31:0]
    67/82: $0\mem_do_wdata[0:0]
    68/82: $0\mem_do_rdata[0:0]
    69/82: $0\mem_do_rinst[0:0]
    70/82: $0\mem_do_prefetch[0:0]
    71/82: $0\mem_wordsize[1:0]
    72/82: $0\timer[31:0]
    73/82: $0\irq_mask[31:0]
    74/82: $0\irq_active[0:0]
    75/82: $0\irq_delay[0:0]
    76/82: $0\reg_op2[31:0]
    77/82: $0\reg_op1[31:0]
    78/82: $0\reg_next_pc[31:0]
    79/82: $0\reg_pc[31:0]
    80/82: $0\count_instr[63:0]
    81/82: $0\eoi[31:0]
    82/82: $0\pcpi_valid[0:0]
Creating decoders for process `$paramod$ce97735b3e205300b7cc20b49638b23e37b300ee\picorv32.$proc$../rtl/cpu/picorv32.v:1348$1415'.
Creating decoders for process `$paramod$ce97735b3e205300b7cc20b49638b23e37b300ee\picorv32.$proc$../rtl/cpu/picorv32.v:1337$1406'.
     1/3: $1$memwr$\cpuregs$../rtl/cpu/picorv32.v:1344$939_EN[31:0]$1412
     2/3: $1$memwr$\cpuregs$../rtl/cpu/picorv32.v:1344$939_DATA[31:0]$1413
     3/3: $1$memwr$\cpuregs$../rtl/cpu/picorv32.v:1344$939_ADDR[5:0]$1414
Creating decoders for process `$paramod$ce97735b3e205300b7cc20b49638b23e37b300ee\picorv32.$proc$../rtl/cpu/picorv32.v:1309$1394'.
     1/4: $2\cpuregs_write[0:0]
     2/4: $2\cpuregs_wrdata[31:0]
     3/4: $1\cpuregs_wrdata[31:0]
     4/4: $1\cpuregs_write[0:0]
Creating decoders for process `$paramod$ce97735b3e205300b7cc20b49638b23e37b300ee\picorv32.$proc$../rtl/cpu/picorv32.v:1295$1389'.
     1/2: $2\clear_prefetched_high_word[0:0]
     2/2: $1\clear_prefetched_high_word[0:0]
Creating decoders for process `$paramod$ce97735b3e205300b7cc20b49638b23e37b300ee\picorv32.$proc$../rtl/cpu/picorv32.v:1293$1388'.
Creating decoders for process `$paramod$ce97735b3e205300b7cc20b49638b23e37b300ee\picorv32.$proc$../rtl/cpu/picorv32.v:1249$1366'.
     1/2: $1\alu_out[31:0]
     2/2: $1\alu_out_0[0:0]
Creating decoders for process `$paramod$ce97735b3e205300b7cc20b49638b23e37b300ee\picorv32.$proc$../rtl/cpu/picorv32.v:1186$1354'.
     1/8: $8\dbg_ascii_state[127:0]
     2/8: $7\dbg_ascii_state[127:0]
     3/8: $6\dbg_ascii_state[127:0]
     4/8: $5\dbg_ascii_state[127:0]
     5/8: $4\dbg_ascii_state[127:0]
     6/8: $3\dbg_ascii_state[127:0]
     7/8: $2\dbg_ascii_state[127:0]
     8/8: $1\dbg_ascii_state[127:0]
Creating decoders for process `$paramod$ce97735b3e205300b7cc20b49638b23e37b300ee\picorv32.$proc$../rtl/cpu/picorv32.v:858$1091'.
     1/77: $0\decoded_rs1[5:0] [5]
     2/77: $0\decoded_imm_j[31:0] [10]
     3/77: $0\decoded_imm_j[31:0] [7]
     4/77: $0\decoded_imm_j[31:0] [6]
     5/77: $0\decoded_imm_j[31:0] [3:1]
     6/77: $0\decoded_imm_j[31:0] [5]
     7/77: $0\decoded_imm_j[31:0] [9:8]
     8/77: $0\decoded_imm_j[31:0] [31:20]
     9/77: $0\decoded_imm_j[31:0] [4]
    10/77: $0\decoded_imm_j[31:0] [11]
    11/77: $0\decoded_imm_j[31:0] [0]
    12/77: $0\decoded_rs1[5:0] [4:0]
    13/77: $0\is_lui_auipc_jal_jalr_addi_add_sub[0:0]
    14/77: $0\is_alu_reg_reg[0:0]
    15/77: $0\is_alu_reg_imm[0:0]
    16/77: $0\is_beq_bne_blt_bge_bltu_bgeu[0:0]
    17/77: $0\is_sll_srl_sra[0:0]
    18/77: $0\is_sb_sh_sw[0:0]
    19/77: $0\is_jalr_addi_slti_sltiu_xori_ori_andi[0:0]
    20/77: $0\is_slli_srli_srai[0:0]
    21/77: $0\is_lb_lh_lw_lbu_lhu[0:0]
    22/77: $0\compressed_instr[0:0]
    23/77: $0\is_compare[0:0]
    24/77: $0\decoded_imm[31:0]
    25/77: $0\decoded_rs2[4:0]
    26/77: $0\decoded_imm_j[31:0] [19:12]
    27/77: $0\decoded_rd[5:0]
    28/77: $0\instr_timer[0:0]
    29/77: $0\instr_waitirq[0:0]
    30/77: $0\instr_maskirq[0:0]
    31/77: $0\instr_retirq[0:0]
    32/77: $0\instr_setq[0:0]
    33/77: $0\instr_getq[0:0]
    34/77: $0\instr_fence[0:0]
    35/77: $0\instr_ecall_ebreak[0:0]
    36/77: $0\instr_rdinstrh[0:0]
    37/77: $0\instr_rdinstr[0:0]
    38/77: $0\instr_rdcycleh[0:0]
    39/77: $0\instr_rdcycle[0:0]
    40/77: $0\instr_and[0:0]
    41/77: $0\instr_or[0:0]
    42/77: $0\instr_sra[0:0]
    43/77: $0\instr_srl[0:0]
    44/77: $0\instr_xor[0:0]
    45/77: $0\instr_sltu[0:0]
    46/77: $0\instr_slt[0:0]
    47/77: $0\instr_sll[0:0]
    48/77: $0\instr_sub[0:0]
    49/77: $0\instr_add[0:0]
    50/77: $0\instr_srai[0:0]
    51/77: $0\instr_srli[0:0]
    52/77: $0\instr_slli[0:0]
    53/77: $0\instr_andi[0:0]
    54/77: $0\instr_ori[0:0]
    55/77: $0\instr_xori[0:0]
    56/77: $0\instr_sltiu[0:0]
    57/77: $0\instr_slti[0:0]
    58/77: $0\instr_addi[0:0]
    59/77: $0\instr_sw[0:0]
    60/77: $0\instr_sh[0:0]
    61/77: $0\instr_sb[0:0]
    62/77: $0\instr_lhu[0:0]
    63/77: $0\instr_lbu[0:0]
    64/77: $0\instr_lw[0:0]
    65/77: $0\instr_lh[0:0]
    66/77: $0\instr_lb[0:0]
    67/77: $0\instr_bgeu[0:0]
    68/77: $0\instr_bltu[0:0]
    69/77: $0\instr_bge[0:0]
    70/77: $0\instr_blt[0:0]
    71/77: $0\instr_bne[0:0]
    72/77: $0\instr_beq[0:0]
    73/77: $0\instr_jalr[0:0]
    74/77: $0\instr_jal[0:0]
    75/77: $0\instr_auipc[0:0]
    76/77: $0\instr_lui[0:0]
    77/77: $0\pcpi_insn[31:0]
Creating decoders for process `$paramod$ce97735b3e205300b7cc20b49638b23e37b300ee\picorv32.$proc$../rtl/cpu/picorv32.v:809$1089'.
     1/13: $3\dbg_insn_opcode[31:0]
     2/13: $2\dbg_insn_rd[4:0]
     3/13: $2\dbg_insn_rs2[4:0]
     4/13: $2\dbg_insn_rs1[4:0]
     5/13: $2\dbg_insn_opcode[31:0]
     6/13: $2\dbg_insn_imm[31:0]
     7/13: $2\dbg_ascii_instr[63:0]
     8/13: $1\dbg_insn_rd[4:0]
     9/13: $1\dbg_insn_rs2[4:0]
    10/13: $1\dbg_insn_rs1[4:0]
    11/13: $1\dbg_insn_imm[31:0]
    12/13: $1\dbg_ascii_instr[63:0]
    13/13: $1\dbg_insn_opcode[31:0]
Creating decoders for process `$paramod$ce97735b3e205300b7cc20b49638b23e37b300ee\picorv32.$proc$../rtl/cpu/picorv32.v:778$1085'.
     1/8: $0\cached_insn_rd[4:0]
     2/8: $0\cached_insn_rs2[4:0]
     3/8: $0\cached_insn_rs1[4:0]
     4/8: $0\cached_insn_opcode[31:0]
     5/8: $0\cached_insn_imm[31:0]
     6/8: $0\cached_ascii_instr[63:0]
     7/8: $0\dbg_valid_insn[0:0]
     8/8: $0\dbg_insn_addr[31:0]
Creating decoders for process `$paramod$ce97735b3e205300b7cc20b49638b23e37b300ee\picorv32.$proc$../rtl/cpu/picorv32.v:701$1084'.
     1/48: $48\new_ascii_instr[63:0]
     2/48: $47\new_ascii_instr[63:0]
     3/48: $46\new_ascii_instr[63:0]
     4/48: $45\new_ascii_instr[63:0]
     5/48: $44\new_ascii_instr[63:0]
     6/48: $43\new_ascii_instr[63:0]
     7/48: $42\new_ascii_instr[63:0]
     8/48: $41\new_ascii_instr[63:0]
     9/48: $40\new_ascii_instr[63:0]
    10/48: $39\new_ascii_instr[63:0]
    11/48: $38\new_ascii_instr[63:0]
    12/48: $37\new_ascii_instr[63:0]
    13/48: $36\new_ascii_instr[63:0]
    14/48: $35\new_ascii_instr[63:0]
    15/48: $34\new_ascii_instr[63:0]
    16/48: $33\new_ascii_instr[63:0]
    17/48: $32\new_ascii_instr[63:0]
    18/48: $31\new_ascii_instr[63:0]
    19/48: $30\new_ascii_instr[63:0]
    20/48: $29\new_ascii_instr[63:0]
    21/48: $28\new_ascii_instr[63:0]
    22/48: $27\new_ascii_instr[63:0]
    23/48: $26\new_ascii_instr[63:0]
    24/48: $25\new_ascii_instr[63:0]
    25/48: $24\new_ascii_instr[63:0]
    26/48: $23\new_ascii_instr[63:0]
    27/48: $22\new_ascii_instr[63:0]
    28/48: $21\new_ascii_instr[63:0]
    29/48: $20\new_ascii_instr[63:0]
    30/48: $19\new_ascii_instr[63:0]
    31/48: $18\new_ascii_instr[63:0]
    32/48: $17\new_ascii_instr[63:0]
    33/48: $16\new_ascii_instr[63:0]
    34/48: $15\new_ascii_instr[63:0]
    35/48: $14\new_ascii_instr[63:0]
    36/48: $13\new_ascii_instr[63:0]
    37/48: $12\new_ascii_instr[63:0]
    38/48: $11\new_ascii_instr[63:0]
    39/48: $10\new_ascii_instr[63:0]
    40/48: $9\new_ascii_instr[63:0]
    41/48: $8\new_ascii_instr[63:0]
    42/48: $7\new_ascii_instr[63:0]
    43/48: $6\new_ascii_instr[63:0]
    44/48: $5\new_ascii_instr[63:0]
    45/48: $4\new_ascii_instr[63:0]
    46/48: $3\new_ascii_instr[63:0]
    47/48: $2\new_ascii_instr[63:0]
    48/48: $1\new_ascii_instr[63:0]
Creating decoders for process `$paramod$ce97735b3e205300b7cc20b49638b23e37b300ee\picorv32.$proc$../rtl/cpu/picorv32.v:565$1060'.
     1/9: $0\mem_16bit_buffer[15:0]
     2/9: $0\prefetched_high_word[0:0]
     3/9: $0\mem_la_secondword[0:0]
     4/9: $0\mem_state[1:0]
     5/9: $0\mem_wstrb[3:0]
     6/9: $0\mem_wdata[31:0]
     7/9: $0\mem_addr[31:0]
     8/9: $0\mem_instr[0:0]
     9/9: $0\mem_valid[0:0]
Creating decoders for process `$paramod$ce97735b3e205300b7cc20b49638b23e37b300ee\picorv32.$proc$../rtl/cpu/picorv32.v:1239$1604'.
Creating decoders for process `$paramod$ce97735b3e205300b7cc20b49638b23e37b300ee\picorv32.$proc$../rtl/cpu/picorv32.v:430$1022'.
     1/9: $0\mem_rdata_q[31:0] [31]
     2/9: $0\mem_rdata_q[31:0] [7]
     3/9: $0\mem_rdata_q[31:0] [24:20]
     4/9: $0\mem_rdata_q[31:0] [19:15]
     5/9: $0\mem_rdata_q[31:0] [6:0]
     6/9: $0\mem_rdata_q[31:0] [14:12]
     7/9: $0\mem_rdata_q[31:0] [11:8]
     8/9: $0\mem_rdata_q[31:0] [30:25]
     9/9: $0\next_insn_opcode[31:0]
Creating decoders for process `$paramod$ce97735b3e205300b7cc20b49638b23e37b300ee\picorv32.$proc$../rtl/cpu/picorv32.v:401$1019'.
     1/5: $3\mem_rdata_word[31:0]
     2/5: $2\mem_rdata_word[31:0]
     3/5: $1\mem_rdata_word[31:0]
     4/5: $1\mem_la_wstrb[3:0]
     5/5: $1\mem_la_wdata[31:0]
Creating decoders for process `$paramod$ce97735b3e205300b7cc20b49638b23e37b300ee\picorv32.$proc$../rtl/cpu/picorv32.v:390$1014'.
     1/2: $0\last_mem_valid[0:0]
     2/2: $0\mem_la_firstword_reg[0:0]
Creating decoders for process `$paramod$ce97735b3e205300b7cc20b49638b23e37b300ee\picorv32.$proc$../rtl/cpu/picorv32.v:325$940'.
     1/2: $1\pcpi_int_rd[31:0]
     2/2: $1\pcpi_int_wr[0:0]

11.8. Executing PROC_DLATCH pass (convert process syncs to latches).
No latch inferred for signal `\timer_periph.\rdata' from process `\timer_periph.$proc$../rtl/peripherals/timer.v:60$924'.
No latch inferred for signal `\uart_periph.\rdata' from process `\uart_periph.$proc$../rtl/peripherals/uart.v:75$912'.
No latch inferred for signal `\simple_interconnect.\cpu_ready' from process `\simple_interconnect.$proc$../rtl/bus/simple_interconnect.v:133$888'.
No latch inferred for signal `\simple_interconnect.\cpu_rdata' from process `\simple_interconnect.$proc$../rtl/bus/simple_interconnect.v:120$887'.
No latch inferred for signal `\simple_interconnect.\imem_cs' from process `\simple_interconnect.$proc$../rtl/bus/simple_interconnect.v:72$873'.
No latch inferred for signal `\simple_interconnect.\dmem_wstrb' from process `\simple_interconnect.$proc$../rtl/bus/simple_interconnect.v:72$873'.
No latch inferred for signal `\simple_interconnect.\dmem_cs' from process `\simple_interconnect.$proc$../rtl/bus/simple_interconnect.v:72$873'.
No latch inferred for signal `\simple_interconnect.\uart_we' from process `\simple_interconnect.$proc$../rtl/bus/simple_interconnect.v:72$873'.
No latch inferred for signal `\simple_interconnect.\timer_we' from process `\simple_interconnect.$proc$../rtl/bus/simple_interconnect.v:72$873'.
No latch inferred for signal `$paramod$ce97735b3e205300b7cc20b49638b23e37b300ee\picorv32.\cpuregs_rs1' from process `$paramod$ce97735b3e205300b7cc20b49638b23e37b300ee\picorv32.$proc$../rtl/cpu/picorv32.v:1348$1415'.
No latch inferred for signal `$paramod$ce97735b3e205300b7cc20b49638b23e37b300ee\picorv32.\cpuregs_rs2' from process `$paramod$ce97735b3e205300b7cc20b49638b23e37b300ee\picorv32.$proc$../rtl/cpu/picorv32.v:1348$1415'.
No latch inferred for signal `$paramod$ce97735b3e205300b7cc20b49638b23e37b300ee\picorv32.\decoded_rs' from process `$paramod$ce97735b3e205300b7cc20b49638b23e37b300ee\picorv32.$proc$../rtl/cpu/picorv32.v:1348$1415'.
No latch inferred for signal `$paramod$ce97735b3e205300b7cc20b49638b23e37b300ee\picorv32.\cpuregs_write' from process `$paramod$ce97735b3e205300b7cc20b49638b23e37b300ee\picorv32.$proc$../rtl/cpu/picorv32.v:1309$1394'.
No latch inferred for signal `$paramod$ce97735b3e205300b7cc20b49638b23e37b300ee\picorv32.\cpuregs_wrdata' from process `$paramod$ce97735b3e205300b7cc20b49638b23e37b300ee\picorv32.$proc$../rtl/cpu/picorv32.v:1309$1394'.
No latch inferred for signal `$paramod$ce97735b3e205300b7cc20b49638b23e37b300ee\picorv32.\clear_prefetched_high_word' from process `$paramod$ce97735b3e205300b7cc20b49638b23e37b300ee\picorv32.$proc$../rtl/cpu/picorv32.v:1295$1389'.
No latch inferred for signal `$paramod$ce97735b3e205300b7cc20b49638b23e37b300ee\picorv32.\alu_out' from process `$paramod$ce97735b3e205300b7cc20b49638b23e37b300ee\picorv32.$proc$../rtl/cpu/picorv32.v:1249$1366'.
No latch inferred for signal `$paramod$ce97735b3e205300b7cc20b49638b23e37b300ee\picorv32.\alu_out_0' from process `$paramod$ce97735b3e205300b7cc20b49638b23e37b300ee\picorv32.$proc$../rtl/cpu/picorv32.v:1249$1366'.
No latch inferred for signal `$paramod$ce97735b3e205300b7cc20b49638b23e37b300ee\picorv32.\dbg_ascii_state' from process `$paramod$ce97735b3e205300b7cc20b49638b23e37b300ee\picorv32.$proc$../rtl/cpu/picorv32.v:1186$1354'.
No latch inferred for signal `$paramod$ce97735b3e205300b7cc20b49638b23e37b300ee\picorv32.\dbg_insn_opcode' from process `$paramod$ce97735b3e205300b7cc20b49638b23e37b300ee\picorv32.$proc$../rtl/cpu/picorv32.v:809$1089'.
No latch inferred for signal `$paramod$ce97735b3e205300b7cc20b49638b23e37b300ee\picorv32.\dbg_ascii_instr' from process `$paramod$ce97735b3e205300b7cc20b49638b23e37b300ee\picorv32.$proc$../rtl/cpu/picorv32.v:809$1089'.
No latch inferred for signal `$paramod$ce97735b3e205300b7cc20b49638b23e37b300ee\picorv32.\dbg_insn_imm' from process `$paramod$ce97735b3e205300b7cc20b49638b23e37b300ee\picorv32.$proc$../rtl/cpu/picorv32.v:809$1089'.
No latch inferred for signal `$paramod$ce97735b3e205300b7cc20b49638b23e37b300ee\picorv32.\dbg_insn_rs1' from process `$paramod$ce97735b3e205300b7cc20b49638b23e37b300ee\picorv32.$proc$../rtl/cpu/picorv32.v:809$1089'.
No latch inferred for signal `$paramod$ce97735b3e205300b7cc20b49638b23e37b300ee\picorv32.\dbg_insn_rs2' from process `$paramod$ce97735b3e205300b7cc20b49638b23e37b300ee\picorv32.$proc$../rtl/cpu/picorv32.v:809$1089'.
No latch inferred for signal `$paramod$ce97735b3e205300b7cc20b49638b23e37b300ee\picorv32.\dbg_insn_rd' from process `$paramod$ce97735b3e205300b7cc20b49638b23e37b300ee\picorv32.$proc$../rtl/cpu/picorv32.v:809$1089'.
No latch inferred for signal `$paramod$ce97735b3e205300b7cc20b49638b23e37b300ee\picorv32.\new_ascii_instr' from process `$paramod$ce97735b3e205300b7cc20b49638b23e37b300ee\picorv32.$proc$../rtl/cpu/picorv32.v:701$1084'.
No latch inferred for signal `$paramod$ce97735b3e205300b7cc20b49638b23e37b300ee\picorv32.\alu_add_sub' from process `$paramod$ce97735b3e205300b7cc20b49638b23e37b300ee\picorv32.$proc$../rtl/cpu/picorv32.v:1239$1604'.
No latch inferred for signal `$paramod$ce97735b3e205300b7cc20b49638b23e37b300ee\picorv32.\alu_shl' from process `$paramod$ce97735b3e205300b7cc20b49638b23e37b300ee\picorv32.$proc$../rtl/cpu/picorv32.v:1239$1604'.
No latch inferred for signal `$paramod$ce97735b3e205300b7cc20b49638b23e37b300ee\picorv32.\alu_shr' from process `$paramod$ce97735b3e205300b7cc20b49638b23e37b300ee\picorv32.$proc$../rtl/cpu/picorv32.v:1239$1604'.
No latch inferred for signal `$paramod$ce97735b3e205300b7cc20b49638b23e37b300ee\picorv32.\alu_eq' from process `$paramod$ce97735b3e205300b7cc20b49638b23e37b300ee\picorv32.$proc$../rtl/cpu/picorv32.v:1239$1604'.
No latch inferred for signal `$paramod$ce97735b3e205300b7cc20b49638b23e37b300ee\picorv32.\alu_ltu' from process `$paramod$ce97735b3e205300b7cc20b49638b23e37b300ee\picorv32.$proc$../rtl/cpu/picorv32.v:1239$1604'.
No latch inferred for signal `$paramod$ce97735b3e205300b7cc20b49638b23e37b300ee\picorv32.\alu_lts' from process `$paramod$ce97735b3e205300b7cc20b49638b23e37b300ee\picorv32.$proc$../rtl/cpu/picorv32.v:1239$1604'.
No latch inferred for signal `$paramod$ce97735b3e205300b7cc20b49638b23e37b300ee\picorv32.\mem_la_wdata' from process `$paramod$ce97735b3e205300b7cc20b49638b23e37b300ee\picorv32.$proc$../rtl/cpu/picorv32.v:401$1019'.
No latch inferred for signal `$paramod$ce97735b3e205300b7cc20b49638b23e37b300ee\picorv32.\mem_la_wstrb' from process `$paramod$ce97735b3e205300b7cc20b49638b23e37b300ee\picorv32.$proc$../rtl/cpu/picorv32.v:401$1019'.
No latch inferred for signal `$paramod$ce97735b3e205300b7cc20b49638b23e37b300ee\picorv32.\mem_rdata_word' from process `$paramod$ce97735b3e205300b7cc20b49638b23e37b300ee\picorv32.$proc$../rtl/cpu/picorv32.v:401$1019'.
No latch inferred for signal `$paramod$ce97735b3e205300b7cc20b49638b23e37b300ee\picorv32.\pcpi_int_wr' from process `$paramod$ce97735b3e205300b7cc20b49638b23e37b300ee\picorv32.$proc$../rtl/cpu/picorv32.v:325$940'.
No latch inferred for signal `$paramod$ce97735b3e205300b7cc20b49638b23e37b300ee\picorv32.\pcpi_int_rd' from process `$paramod$ce97735b3e205300b7cc20b49638b23e37b300ee\picorv32.$proc$../rtl/cpu/picorv32.v:325$940'.
No latch inferred for signal `$paramod$ce97735b3e205300b7cc20b49638b23e37b300ee\picorv32.\pcpi_int_wait' from process `$paramod$ce97735b3e205300b7cc20b49638b23e37b300ee\picorv32.$proc$../rtl/cpu/picorv32.v:325$940'.
No latch inferred for signal `$paramod$ce97735b3e205300b7cc20b49638b23e37b300ee\picorv32.\pcpi_int_ready' from process `$paramod$ce97735b3e205300b7cc20b49638b23e37b300ee\picorv32.$proc$../rtl/cpu/picorv32.v:325$940'.

11.9. Executing PROC_DFF pass (convert process syncs to FFs).
Creating register for signal `\timer_periph.\irq' using process `\timer_periph.$proc$../rtl/peripherals/timer.v:42$918'.
  created $dff cell `$procdff$4486' with positive edge clock.
Creating register for signal `\timer_periph.\compare_reg' using process `\timer_periph.$proc$../rtl/peripherals/timer.v:42$918'.
  created $dff cell `$procdff$4487' with positive edge clock.
Creating register for signal `\timer_periph.\count_reg' using process `\timer_periph.$proc$../rtl/peripherals/timer.v:33$915'.
  created $dff cell `$procdff$4488' with positive edge clock.
Creating register for signal `\uart_periph.\tx' using process `\uart_periph.$proc$../rtl/peripherals/uart.v:33$903'.
  created $dff cell `$procdff$4489' with positive edge clock.
Creating register for signal `\uart_periph.\baud_restart' using process `\uart_periph.$proc$../rtl/peripherals/uart.v:33$903'.
  created $dff cell `$procdff$4490' with positive edge clock.
Creating register for signal `\uart_periph.\tx_state' using process `\uart_periph.$proc$../rtl/peripherals/uart.v:33$903'.
  created $dff cell `$procdff$4491' with positive edge clock.
Creating register for signal `\uart_periph.\tx_data' using process `\uart_periph.$proc$../rtl/peripherals/uart.v:33$903'.
  created $dff cell `$procdff$4492' with positive edge clock.
Creating register for signal `\uart_periph.\bit_idx' using process `\uart_periph.$proc$../rtl/peripherals/uart.v:33$903'.
  created $dff cell `$procdff$4493' with positive edge clock.
Creating register for signal `\uart_periph.\baud_counter' using process `\uart_periph.$proc$../rtl/peripherals/uart.v:21$896'.
  created $dff cell `$procdff$4494' with positive edge clock.
Creating register for signal `\simple_interconnect.\pending_imem' using process `\simple_interconnect.$proc$../rtl/bus/simple_interconnect.v:97$881'.
  created $adff cell `$procdff$4495' with positive edge clock and negative level reset.
Creating register for signal `\simple_interconnect.\pending_dmem' using process `\simple_interconnect.$proc$../rtl/bus/simple_interconnect.v:97$881'.
  created $adff cell `$procdff$4496' with positive edge clock and negative level reset.
Creating register for signal `\simple_interconnect.\pending_uart' using process `\simple_interconnect.$proc$../rtl/bus/simple_interconnect.v:97$881'.
  created $adff cell `$procdff$4497' with positive edge clock and negative level reset.
Creating register for signal `\simple_interconnect.\pending_timer' using process `\simple_interconnect.$proc$../rtl/bus/simple_interconnect.v:97$881'.
  created $adff cell `$procdff$4498' with positive edge clock and negative level reset.
Creating register for signal `$paramod$ce97735b3e205300b7cc20b49638b23e37b300ee\picorv32.\trap' using process `$paramod$ce97735b3e205300b7cc20b49638b23e37b300ee\picorv32.$proc$../rtl/cpu/picorv32.v:1402$1431'.
  created $dff cell `$procdff$4499' with positive edge clock.
Creating register for signal `$paramod$ce97735b3e205300b7cc20b49638b23e37b300ee\picorv32.\pcpi_valid' using process `$paramod$ce97735b3e205300b7cc20b49638b23e37b300ee\picorv32.$proc$../rtl/cpu/picorv32.v:1402$1431'.
  created $dff cell `$procdff$4500' with positive edge clock.
Creating register for signal `$paramod$ce97735b3e205300b7cc20b49638b23e37b300ee\picorv32.\eoi' using process `$paramod$ce97735b3e205300b7cc20b49638b23e37b300ee\picorv32.$proc$../rtl/cpu/picorv32.v:1402$1431'.
  created $dff cell `$procdff$4501' with positive edge clock.
Creating register for signal `$paramod$ce97735b3e205300b7cc20b49638b23e37b300ee\picorv32.\trace_valid' using process `$paramod$ce97735b3e205300b7cc20b49638b23e37b300ee\picorv32.$proc$../rtl/cpu/picorv32.v:1402$1431'.
  created $dff cell `$procdff$4502' with positive edge clock.
Creating register for signal `$paramod$ce97735b3e205300b7cc20b49638b23e37b300ee\picorv32.\trace_data' using process `$paramod$ce97735b3e205300b7cc20b49638b23e37b300ee\picorv32.$proc$../rtl/cpu/picorv32.v:1402$1431'.
  created $dff cell `$procdff$4503' with positive edge clock.
Creating register for signal `$paramod$ce97735b3e205300b7cc20b49638b23e37b300ee\picorv32.\count_cycle' using process `$paramod$ce97735b3e205300b7cc20b49638b23e37b300ee\picorv32.$proc$../rtl/cpu/picorv32.v:1402$1431'.
  created $dff cell `$procdff$4504' with positive edge clock.
Creating register for signal `$paramod$ce97735b3e205300b7cc20b49638b23e37b300ee\picorv32.\count_instr' using process `$paramod$ce97735b3e205300b7cc20b49638b23e37b300ee\picorv32.$proc$../rtl/cpu/picorv32.v:1402$1431'.
  created $dff cell `$procdff$4505' with positive edge clock.
Creating register for signal `$paramod$ce97735b3e205300b7cc20b49638b23e37b300ee\picorv32.\reg_pc' using process `$paramod$ce97735b3e205300b7cc20b49638b23e37b300ee\picorv32.$proc$../rtl/cpu/picorv32.v:1402$1431'.
  created $dff cell `$procdff$4506' with positive edge clock.
Creating register for signal `$paramod$ce97735b3e205300b7cc20b49638b23e37b300ee\picorv32.\reg_next_pc' using process `$paramod$ce97735b3e205300b7cc20b49638b23e37b300ee\picorv32.$proc$../rtl/cpu/picorv32.v:1402$1431'.
  created $dff cell `$procdff$4507' with positive edge clock.
Creating register for signal `$paramod$ce97735b3e205300b7cc20b49638b23e37b300ee\picorv32.\reg_op1' using process `$paramod$ce97735b3e205300b7cc20b49638b23e37b300ee\picorv32.$proc$../rtl/cpu/picorv32.v:1402$1431'.
  created $dff cell `$procdff$4508' with positive edge clock.
Creating register for signal `$paramod$ce97735b3e205300b7cc20b49638b23e37b300ee\picorv32.\reg_op2' using process `$paramod$ce97735b3e205300b7cc20b49638b23e37b300ee\picorv32.$proc$../rtl/cpu/picorv32.v:1402$1431'.
  created $dff cell `$procdff$4509' with positive edge clock.
Creating register for signal `$paramod$ce97735b3e205300b7cc20b49638b23e37b300ee\picorv32.\reg_out' using process `$paramod$ce97735b3e205300b7cc20b49638b23e37b300ee\picorv32.$proc$../rtl/cpu/picorv32.v:1402$1431'.
  created $dff cell `$procdff$4510' with positive edge clock.
Creating register for signal `$paramod$ce97735b3e205300b7cc20b49638b23e37b300ee\picorv32.\reg_sh' using process `$paramod$ce97735b3e205300b7cc20b49638b23e37b300ee\picorv32.$proc$../rtl/cpu/picorv32.v:1402$1431'.
  created $dff cell `$procdff$4511' with positive edge clock.
Creating register for signal `$paramod$ce97735b3e205300b7cc20b49638b23e37b300ee\picorv32.\irq_delay' using process `$paramod$ce97735b3e205300b7cc20b49638b23e37b300ee\picorv32.$proc$../rtl/cpu/picorv32.v:1402$1431'.
  created $dff cell `$procdff$4512' with positive edge clock.
Creating register for signal `$paramod$ce97735b3e205300b7cc20b49638b23e37b300ee\picorv32.\irq_active' using process `$paramod$ce97735b3e205300b7cc20b49638b23e37b300ee\picorv32.$proc$../rtl/cpu/picorv32.v:1402$1431'.
  created $dff cell `$procdff$4513' with positive edge clock.
Creating register for signal `$paramod$ce97735b3e205300b7cc20b49638b23e37b300ee\picorv32.\irq_mask' using process `$paramod$ce97735b3e205300b7cc20b49638b23e37b300ee\picorv32.$proc$../rtl/cpu/picorv32.v:1402$1431'.
  created $dff cell `$procdff$4514' with positive edge clock.
Creating register for signal `$paramod$ce97735b3e205300b7cc20b49638b23e37b300ee\picorv32.\irq_pending' using process `$paramod$ce97735b3e205300b7cc20b49638b23e37b300ee\picorv32.$proc$../rtl/cpu/picorv32.v:1402$1431'.
  created $dff cell `$procdff$4515' with positive edge clock.
Creating register for signal `$paramod$ce97735b3e205300b7cc20b49638b23e37b300ee\picorv32.\timer' using process `$paramod$ce97735b3e205300b7cc20b49638b23e37b300ee\picorv32.$proc$../rtl/cpu/picorv32.v:1402$1431'.
  created $dff cell `$procdff$4516' with positive edge clock.
Creating register for signal `$paramod$ce97735b3e205300b7cc20b49638b23e37b300ee\picorv32.\mem_wordsize' using process `$paramod$ce97735b3e205300b7cc20b49638b23e37b300ee\picorv32.$proc$../rtl/cpu/picorv32.v:1402$1431'.
  created $dff cell `$procdff$4517' with positive edge clock.
Creating register for signal `$paramod$ce97735b3e205300b7cc20b49638b23e37b300ee\picorv32.\mem_do_prefetch' using process `$paramod$ce97735b3e205300b7cc20b49638b23e37b300ee\picorv32.$proc$../rtl/cpu/picorv32.v:1402$1431'.
  created $dff cell `$procdff$4518' with positive edge clock.
Creating register for signal `$paramod$ce97735b3e205300b7cc20b49638b23e37b300ee\picorv32.\mem_do_rinst' using process `$paramod$ce97735b3e205300b7cc20b49638b23e37b300ee\picorv32.$proc$../rtl/cpu/picorv32.v:1402$1431'.
  created $dff cell `$procdff$4519' with positive edge clock.
Creating register for signal `$paramod$ce97735b3e205300b7cc20b49638b23e37b300ee\picorv32.\mem_do_rdata' using process `$paramod$ce97735b3e205300b7cc20b49638b23e37b300ee\picorv32.$proc$../rtl/cpu/picorv32.v:1402$1431'.
  created $dff cell `$procdff$4520' with positive edge clock.
Creating register for signal `$paramod$ce97735b3e205300b7cc20b49638b23e37b300ee\picorv32.\mem_do_wdata' using process `$paramod$ce97735b3e205300b7cc20b49638b23e37b300ee\picorv32.$proc$../rtl/cpu/picorv32.v:1402$1431'.
  created $dff cell `$procdff$4521' with positive edge clock.
Creating register for signal `$paramod$ce97735b3e205300b7cc20b49638b23e37b300ee\picorv32.\decoder_trigger' using process `$paramod$ce97735b3e205300b7cc20b49638b23e37b300ee\picorv32.$proc$../rtl/cpu/picorv32.v:1402$1431'.
  created $dff cell `$procdff$4522' with positive edge clock.
Creating register for signal `$paramod$ce97735b3e205300b7cc20b49638b23e37b300ee\picorv32.\decoder_trigger_q' using process `$paramod$ce97735b3e205300b7cc20b49638b23e37b300ee\picorv32.$proc$../rtl/cpu/picorv32.v:1402$1431'.
  created $dff cell `$procdff$4523' with positive edge clock.
Creating register for signal `$paramod$ce97735b3e205300b7cc20b49638b23e37b300ee\picorv32.\decoder_pseudo_trigger' using process `$paramod$ce97735b3e205300b7cc20b49638b23e37b300ee\picorv32.$proc$../rtl/cpu/picorv32.v:1402$1431'.
  created $dff cell `$procdff$4524' with positive edge clock.
Creating register for signal `$paramod$ce97735b3e205300b7cc20b49638b23e37b300ee\picorv32.\decoder_pseudo_trigger_q' using process `$paramod$ce97735b3e205300b7cc20b49638b23e37b300ee\picorv32.$proc$../rtl/cpu/picorv32.v:1402$1431'.
  created $dff cell `$procdff$4525' with positive edge clock.
Creating register for signal `$paramod$ce97735b3e205300b7cc20b49638b23e37b300ee\picorv32.\dbg_rs1val' using process `$paramod$ce97735b3e205300b7cc20b49638b23e37b300ee\picorv32.$proc$../rtl/cpu/picorv32.v:1402$1431'.
  created $dff cell `$procdff$4526' with positive edge clock.
Creating register for signal `$paramod$ce97735b3e205300b7cc20b49638b23e37b300ee\picorv32.\dbg_rs2val' using process `$paramod$ce97735b3e205300b7cc20b49638b23e37b300ee\picorv32.$proc$../rtl/cpu/picorv32.v:1402$1431'.
  created $dff cell `$procdff$4527' with positive edge clock.
Creating register for signal `$paramod$ce97735b3e205300b7cc20b49638b23e37b300ee\picorv32.\dbg_rs1val_valid' using process `$paramod$ce97735b3e205300b7cc20b49638b23e37b300ee\picorv32.$proc$../rtl/cpu/picorv32.v:1402$1431'.
  created $dff cell `$procdff$4528' with positive edge clock.
Creating register for signal `$paramod$ce97735b3e205300b7cc20b49638b23e37b300ee\picorv32.\dbg_rs2val_valid' using process `$paramod$ce97735b3e205300b7cc20b49638b23e37b300ee\picorv32.$proc$../rtl/cpu/picorv32.v:1402$1431'.
  created $dff cell `$procdff$4529' with positive edge clock.
Creating register for signal `$paramod$ce97735b3e205300b7cc20b49638b23e37b300ee\picorv32.\cpu_state' using process `$paramod$ce97735b3e205300b7cc20b49638b23e37b300ee\picorv32.$proc$../rtl/cpu/picorv32.v:1402$1431'.
  created $dff cell `$procdff$4530' with positive edge clock.
Creating register for signal `$paramod$ce97735b3e205300b7cc20b49638b23e37b300ee\picorv32.\irq_state' using process `$paramod$ce97735b3e205300b7cc20b49638b23e37b300ee\picorv32.$proc$../rtl/cpu/picorv32.v:1402$1431'.
  created $dff cell `$procdff$4531' with positive edge clock.
Creating register for signal `$paramod$ce97735b3e205300b7cc20b49638b23e37b300ee\picorv32.\set_mem_do_rinst' using process `$paramod$ce97735b3e205300b7cc20b49638b23e37b300ee\picorv32.$proc$../rtl/cpu/picorv32.v:1402$1431'.
  created $dff cell `$procdff$4532' with positive edge clock.
Creating register for signal `$paramod$ce97735b3e205300b7cc20b49638b23e37b300ee\picorv32.\set_mem_do_rdata' using process `$paramod$ce97735b3e205300b7cc20b49638b23e37b300ee\picorv32.$proc$../rtl/cpu/picorv32.v:1402$1431'.
  created $dff cell `$procdff$4533' with positive edge clock.
Creating register for signal `$paramod$ce97735b3e205300b7cc20b49638b23e37b300ee\picorv32.\set_mem_do_wdata' using process `$paramod$ce97735b3e205300b7cc20b49638b23e37b300ee\picorv32.$proc$../rtl/cpu/picorv32.v:1402$1431'.
  created $dff cell `$procdff$4534' with positive edge clock.
Creating register for signal `$paramod$ce97735b3e205300b7cc20b49638b23e37b300ee\picorv32.\latched_store' using process `$paramod$ce97735b3e205300b7cc20b49638b23e37b300ee\picorv32.$proc$../rtl/cpu/picorv32.v:1402$1431'.
  created $dff cell `$procdff$4535' with positive edge clock.
Creating register for signal `$paramod$ce97735b3e205300b7cc20b49638b23e37b300ee\picorv32.\latched_stalu' using process `$paramod$ce97735b3e205300b7cc20b49638b23e37b300ee\picorv32.$proc$../rtl/cpu/picorv32.v:1402$1431'.
  created $dff cell `$procdff$4536' with positive edge clock.
Creating register for signal `$paramod$ce97735b3e205300b7cc20b49638b23e37b300ee\picorv32.\latched_branch' using process `$paramod$ce97735b3e205300b7cc20b49638b23e37b300ee\picorv32.$proc$../rtl/cpu/picorv32.v:1402$1431'.
  created $dff cell `$procdff$4537' with positive edge clock.
Creating register for signal `$paramod$ce97735b3e205300b7cc20b49638b23e37b300ee\picorv32.\latched_compr' using process `$paramod$ce97735b3e205300b7cc20b49638b23e37b300ee\picorv32.$proc$../rtl/cpu/picorv32.v:1402$1431'.
  created $dff cell `$procdff$4538' with positive edge clock.
Creating register for signal `$paramod$ce97735b3e205300b7cc20b49638b23e37b300ee\picorv32.\latched_trace' using process `$paramod$ce97735b3e205300b7cc20b49638b23e37b300ee\picorv32.$proc$../rtl/cpu/picorv32.v:1402$1431'.
  created $dff cell `$procdff$4539' with positive edge clock.
Creating register for signal `$paramod$ce97735b3e205300b7cc20b49638b23e37b300ee\picorv32.\latched_is_lu' using process `$paramod$ce97735b3e205300b7cc20b49638b23e37b300ee\picorv32.$proc$../rtl/cpu/picorv32.v:1402$1431'.
  created $dff cell `$procdff$4540' with positive edge clock.
Creating register for signal `$paramod$ce97735b3e205300b7cc20b49638b23e37b300ee\picorv32.\latched_is_lh' using process `$paramod$ce97735b3e205300b7cc20b49638b23e37b300ee\picorv32.$proc$../rtl/cpu/picorv32.v:1402$1431'.
  created $dff cell `$procdff$4541' with positive edge clock.
Creating register for signal `$paramod$ce97735b3e205300b7cc20b49638b23e37b300ee\picorv32.\latched_is_lb' using process `$paramod$ce97735b3e205300b7cc20b49638b23e37b300ee\picorv32.$proc$../rtl/cpu/picorv32.v:1402$1431'.
  created $dff cell `$procdff$4542' with positive edge clock.
Creating register for signal `$paramod$ce97735b3e205300b7cc20b49638b23e37b300ee\picorv32.\latched_rd' using process `$paramod$ce97735b3e205300b7cc20b49638b23e37b300ee\picorv32.$proc$../rtl/cpu/picorv32.v:1402$1431'.
  created $dff cell `$procdff$4543' with positive edge clock.
Creating register for signal `$paramod$ce97735b3e205300b7cc20b49638b23e37b300ee\picorv32.\current_pc' using process `$paramod$ce97735b3e205300b7cc20b49638b23e37b300ee\picorv32.$proc$../rtl/cpu/picorv32.v:1402$1431'.
  created $dff cell `$procdff$4544' with positive edge clock.
Creating register for signal `$paramod$ce97735b3e205300b7cc20b49638b23e37b300ee\picorv32.\pcpi_timeout' using process `$paramod$ce97735b3e205300b7cc20b49638b23e37b300ee\picorv32.$proc$../rtl/cpu/picorv32.v:1402$1431'.
  created $dff cell `$procdff$4545' with positive edge clock.
Creating register for signal `$paramod$ce97735b3e205300b7cc20b49638b23e37b300ee\picorv32.\next_irq_pending' using process `$paramod$ce97735b3e205300b7cc20b49638b23e37b300ee\picorv32.$proc$../rtl/cpu/picorv32.v:1402$1431'.
  created $dff cell `$procdff$4546' with positive edge clock.
Creating register for signal `$paramod$ce97735b3e205300b7cc20b49638b23e37b300ee\picorv32.\do_waitirq' using process `$paramod$ce97735b3e205300b7cc20b49638b23e37b300ee\picorv32.$proc$../rtl/cpu/picorv32.v:1402$1431'.
  created $dff cell `$procdff$4547' with positive edge clock.
Creating register for signal `$paramod$ce97735b3e205300b7cc20b49638b23e37b300ee\picorv32.\alu_out_q' using process `$paramod$ce97735b3e205300b7cc20b49638b23e37b300ee\picorv32.$proc$../rtl/cpu/picorv32.v:1402$1431'.
  created $dff cell `$procdff$4548' with positive edge clock.
Creating register for signal `$paramod$ce97735b3e205300b7cc20b49638b23e37b300ee\picorv32.\alu_out_0_q' using process `$paramod$ce97735b3e205300b7cc20b49638b23e37b300ee\picorv32.$proc$../rtl/cpu/picorv32.v:1402$1431'.
  created $dff cell `$procdff$4549' with positive edge clock.
Creating register for signal `$paramod$ce97735b3e205300b7cc20b49638b23e37b300ee\picorv32.\alu_wait' using process `$paramod$ce97735b3e205300b7cc20b49638b23e37b300ee\picorv32.$proc$../rtl/cpu/picorv32.v:1402$1431'.
  created $dff cell `$procdff$4550' with positive edge clock.
Creating register for signal `$paramod$ce97735b3e205300b7cc20b49638b23e37b300ee\picorv32.\alu_wait_2' using process `$paramod$ce97735b3e205300b7cc20b49638b23e37b300ee\picorv32.$proc$../rtl/cpu/picorv32.v:1402$1431'.
  created $dff cell `$procdff$4551' with positive edge clock.
Creating register for signal `$paramod$ce97735b3e205300b7cc20b49638b23e37b300ee\picorv32.$memwr$\cpuregs$../rtl/cpu/picorv32.v:1344$939_EN' using process `$paramod$ce97735b3e205300b7cc20b49638b23e37b300ee\picorv32.$proc$../rtl/cpu/picorv32.v:1337$1406'.
  created $dff cell `$procdff$4552' with positive edge clock.
Creating register for signal `$paramod$ce97735b3e205300b7cc20b49638b23e37b300ee\picorv32.$memwr$\cpuregs$../rtl/cpu/picorv32.v:1344$939_DATA' using process `$paramod$ce97735b3e205300b7cc20b49638b23e37b300ee\picorv32.$proc$../rtl/cpu/picorv32.v:1337$1406'.
  created $dff cell `$procdff$4553' with positive edge clock.
Creating register for signal `$paramod$ce97735b3e205300b7cc20b49638b23e37b300ee\picorv32.$memwr$\cpuregs$../rtl/cpu/picorv32.v:1344$939_ADDR' using process `$paramod$ce97735b3e205300b7cc20b49638b23e37b300ee\picorv32.$proc$../rtl/cpu/picorv32.v:1337$1406'.
  created $dff cell `$procdff$4554' with positive edge clock.
Creating register for signal `$paramod$ce97735b3e205300b7cc20b49638b23e37b300ee\picorv32.\clear_prefetched_high_word_q' using process `$paramod$ce97735b3e205300b7cc20b49638b23e37b300ee\picorv32.$proc$../rtl/cpu/picorv32.v:1293$1388'.
  created $dff cell `$procdff$4555' with positive edge clock.
Creating register for signal `$paramod$ce97735b3e205300b7cc20b49638b23e37b300ee\picorv32.\pcpi_insn' using process `$paramod$ce97735b3e205300b7cc20b49638b23e37b300ee\picorv32.$proc$../rtl/cpu/picorv32.v:858$1091'.
  created $dff cell `$procdff$4556' with positive edge clock.
Creating register for signal `$paramod$ce97735b3e205300b7cc20b49638b23e37b300ee\picorv32.\instr_lui' using process `$paramod$ce97735b3e205300b7cc20b49638b23e37b300ee\picorv32.$proc$../rtl/cpu/picorv32.v:858$1091'.
  created $dff cell `$procdff$4557' with positive edge clock.
Creating register for signal `$paramod$ce97735b3e205300b7cc20b49638b23e37b300ee\picorv32.\instr_auipc' using process `$paramod$ce97735b3e205300b7cc20b49638b23e37b300ee\picorv32.$proc$../rtl/cpu/picorv32.v:858$1091'.
  created $dff cell `$procdff$4558' with positive edge clock.
Creating register for signal `$paramod$ce97735b3e205300b7cc20b49638b23e37b300ee\picorv32.\instr_jal' using process `$paramod$ce97735b3e205300b7cc20b49638b23e37b300ee\picorv32.$proc$../rtl/cpu/picorv32.v:858$1091'.
  created $dff cell `$procdff$4559' with positive edge clock.
Creating register for signal `$paramod$ce97735b3e205300b7cc20b49638b23e37b300ee\picorv32.\instr_jalr' using process `$paramod$ce97735b3e205300b7cc20b49638b23e37b300ee\picorv32.$proc$../rtl/cpu/picorv32.v:858$1091'.
  created $dff cell `$procdff$4560' with positive edge clock.
Creating register for signal `$paramod$ce97735b3e205300b7cc20b49638b23e37b300ee\picorv32.\instr_beq' using process `$paramod$ce97735b3e205300b7cc20b49638b23e37b300ee\picorv32.$proc$../rtl/cpu/picorv32.v:858$1091'.
  created $dff cell `$procdff$4561' with positive edge clock.
Creating register for signal `$paramod$ce97735b3e205300b7cc20b49638b23e37b300ee\picorv32.\instr_bne' using process `$paramod$ce97735b3e205300b7cc20b49638b23e37b300ee\picorv32.$proc$../rtl/cpu/picorv32.v:858$1091'.
  created $dff cell `$procdff$4562' with positive edge clock.
Creating register for signal `$paramod$ce97735b3e205300b7cc20b49638b23e37b300ee\picorv32.\instr_blt' using process `$paramod$ce97735b3e205300b7cc20b49638b23e37b300ee\picorv32.$proc$../rtl/cpu/picorv32.v:858$1091'.
  created $dff cell `$procdff$4563' with positive edge clock.
Creating register for signal `$paramod$ce97735b3e205300b7cc20b49638b23e37b300ee\picorv32.\instr_bge' using process `$paramod$ce97735b3e205300b7cc20b49638b23e37b300ee\picorv32.$proc$../rtl/cpu/picorv32.v:858$1091'.
  created $dff cell `$procdff$4564' with positive edge clock.
Creating register for signal `$paramod$ce97735b3e205300b7cc20b49638b23e37b300ee\picorv32.\instr_bltu' using process `$paramod$ce97735b3e205300b7cc20b49638b23e37b300ee\picorv32.$proc$../rtl/cpu/picorv32.v:858$1091'.
  created $dff cell `$procdff$4565' with positive edge clock.
Creating register for signal `$paramod$ce97735b3e205300b7cc20b49638b23e37b300ee\picorv32.\instr_bgeu' using process `$paramod$ce97735b3e205300b7cc20b49638b23e37b300ee\picorv32.$proc$../rtl/cpu/picorv32.v:858$1091'.
  created $dff cell `$procdff$4566' with positive edge clock.
Creating register for signal `$paramod$ce97735b3e205300b7cc20b49638b23e37b300ee\picorv32.\instr_lb' using process `$paramod$ce97735b3e205300b7cc20b49638b23e37b300ee\picorv32.$proc$../rtl/cpu/picorv32.v:858$1091'.
  created $dff cell `$procdff$4567' with positive edge clock.
Creating register for signal `$paramod$ce97735b3e205300b7cc20b49638b23e37b300ee\picorv32.\instr_lh' using process `$paramod$ce97735b3e205300b7cc20b49638b23e37b300ee\picorv32.$proc$../rtl/cpu/picorv32.v:858$1091'.
  created $dff cell `$procdff$4568' with positive edge clock.
Creating register for signal `$paramod$ce97735b3e205300b7cc20b49638b23e37b300ee\picorv32.\instr_lw' using process `$paramod$ce97735b3e205300b7cc20b49638b23e37b300ee\picorv32.$proc$../rtl/cpu/picorv32.v:858$1091'.
  created $dff cell `$procdff$4569' with positive edge clock.
Creating register for signal `$paramod$ce97735b3e205300b7cc20b49638b23e37b300ee\picorv32.\instr_lbu' using process `$paramod$ce97735b3e205300b7cc20b49638b23e37b300ee\picorv32.$proc$../rtl/cpu/picorv32.v:858$1091'.
  created $dff cell `$procdff$4570' with positive edge clock.
Creating register for signal `$paramod$ce97735b3e205300b7cc20b49638b23e37b300ee\picorv32.\instr_lhu' using process `$paramod$ce97735b3e205300b7cc20b49638b23e37b300ee\picorv32.$proc$../rtl/cpu/picorv32.v:858$1091'.
  created $dff cell `$procdff$4571' with positive edge clock.
Creating register for signal `$paramod$ce97735b3e205300b7cc20b49638b23e37b300ee\picorv32.\instr_sb' using process `$paramod$ce97735b3e205300b7cc20b49638b23e37b300ee\picorv32.$proc$../rtl/cpu/picorv32.v:858$1091'.
  created $dff cell `$procdff$4572' with positive edge clock.
Creating register for signal `$paramod$ce97735b3e205300b7cc20b49638b23e37b300ee\picorv32.\instr_sh' using process `$paramod$ce97735b3e205300b7cc20b49638b23e37b300ee\picorv32.$proc$../rtl/cpu/picorv32.v:858$1091'.
  created $dff cell `$procdff$4573' with positive edge clock.
Creating register for signal `$paramod$ce97735b3e205300b7cc20b49638b23e37b300ee\picorv32.\instr_sw' using process `$paramod$ce97735b3e205300b7cc20b49638b23e37b300ee\picorv32.$proc$../rtl/cpu/picorv32.v:858$1091'.
  created $dff cell `$procdff$4574' with positive edge clock.
Creating register for signal `$paramod$ce97735b3e205300b7cc20b49638b23e37b300ee\picorv32.\instr_addi' using process `$paramod$ce97735b3e205300b7cc20b49638b23e37b300ee\picorv32.$proc$../rtl/cpu/picorv32.v:858$1091'.
  created $dff cell `$procdff$4575' with positive edge clock.
Creating register for signal `$paramod$ce97735b3e205300b7cc20b49638b23e37b300ee\picorv32.\instr_slti' using process `$paramod$ce97735b3e205300b7cc20b49638b23e37b300ee\picorv32.$proc$../rtl/cpu/picorv32.v:858$1091'.
  created $dff cell `$procdff$4576' with positive edge clock.
Creating register for signal `$paramod$ce97735b3e205300b7cc20b49638b23e37b300ee\picorv32.\instr_sltiu' using process `$paramod$ce97735b3e205300b7cc20b49638b23e37b300ee\picorv32.$proc$../rtl/cpu/picorv32.v:858$1091'.
  created $dff cell `$procdff$4577' with positive edge clock.
Creating register for signal `$paramod$ce97735b3e205300b7cc20b49638b23e37b300ee\picorv32.\instr_xori' using process `$paramod$ce97735b3e205300b7cc20b49638b23e37b300ee\picorv32.$proc$../rtl/cpu/picorv32.v:858$1091'.
  created $dff cell `$procdff$4578' with positive edge clock.
Creating register for signal `$paramod$ce97735b3e205300b7cc20b49638b23e37b300ee\picorv32.\instr_ori' using process `$paramod$ce97735b3e205300b7cc20b49638b23e37b300ee\picorv32.$proc$../rtl/cpu/picorv32.v:858$1091'.
  created $dff cell `$procdff$4579' with positive edge clock.
Creating register for signal `$paramod$ce97735b3e205300b7cc20b49638b23e37b300ee\picorv32.\instr_andi' using process `$paramod$ce97735b3e205300b7cc20b49638b23e37b300ee\picorv32.$proc$../rtl/cpu/picorv32.v:858$1091'.
  created $dff cell `$procdff$4580' with positive edge clock.
Creating register for signal `$paramod$ce97735b3e205300b7cc20b49638b23e37b300ee\picorv32.\instr_slli' using process `$paramod$ce97735b3e205300b7cc20b49638b23e37b300ee\picorv32.$proc$../rtl/cpu/picorv32.v:858$1091'.
  created $dff cell `$procdff$4581' with positive edge clock.
Creating register for signal `$paramod$ce97735b3e205300b7cc20b49638b23e37b300ee\picorv32.\instr_srli' using process `$paramod$ce97735b3e205300b7cc20b49638b23e37b300ee\picorv32.$proc$../rtl/cpu/picorv32.v:858$1091'.
  created $dff cell `$procdff$4582' with positive edge clock.
Creating register for signal `$paramod$ce97735b3e205300b7cc20b49638b23e37b300ee\picorv32.\instr_srai' using process `$paramod$ce97735b3e205300b7cc20b49638b23e37b300ee\picorv32.$proc$../rtl/cpu/picorv32.v:858$1091'.
  created $dff cell `$procdff$4583' with positive edge clock.
Creating register for signal `$paramod$ce97735b3e205300b7cc20b49638b23e37b300ee\picorv32.\instr_add' using process `$paramod$ce97735b3e205300b7cc20b49638b23e37b300ee\picorv32.$proc$../rtl/cpu/picorv32.v:858$1091'.
  created $dff cell `$procdff$4584' with positive edge clock.
Creating register for signal `$paramod$ce97735b3e205300b7cc20b49638b23e37b300ee\picorv32.\instr_sub' using process `$paramod$ce97735b3e205300b7cc20b49638b23e37b300ee\picorv32.$proc$../rtl/cpu/picorv32.v:858$1091'.
  created $dff cell `$procdff$4585' with positive edge clock.
Creating register for signal `$paramod$ce97735b3e205300b7cc20b49638b23e37b300ee\picorv32.\instr_sll' using process `$paramod$ce97735b3e205300b7cc20b49638b23e37b300ee\picorv32.$proc$../rtl/cpu/picorv32.v:858$1091'.
  created $dff cell `$procdff$4586' with positive edge clock.
Creating register for signal `$paramod$ce97735b3e205300b7cc20b49638b23e37b300ee\picorv32.\instr_slt' using process `$paramod$ce97735b3e205300b7cc20b49638b23e37b300ee\picorv32.$proc$../rtl/cpu/picorv32.v:858$1091'.
  created $dff cell `$procdff$4587' with positive edge clock.
Creating register for signal `$paramod$ce97735b3e205300b7cc20b49638b23e37b300ee\picorv32.\instr_sltu' using process `$paramod$ce97735b3e205300b7cc20b49638b23e37b300ee\picorv32.$proc$../rtl/cpu/picorv32.v:858$1091'.
  created $dff cell `$procdff$4588' with positive edge clock.
Creating register for signal `$paramod$ce97735b3e205300b7cc20b49638b23e37b300ee\picorv32.\instr_xor' using process `$paramod$ce97735b3e205300b7cc20b49638b23e37b300ee\picorv32.$proc$../rtl/cpu/picorv32.v:858$1091'.
  created $dff cell `$procdff$4589' with positive edge clock.
Creating register for signal `$paramod$ce97735b3e205300b7cc20b49638b23e37b300ee\picorv32.\instr_srl' using process `$paramod$ce97735b3e205300b7cc20b49638b23e37b300ee\picorv32.$proc$../rtl/cpu/picorv32.v:858$1091'.
  created $dff cell `$procdff$4590' with positive edge clock.
Creating register for signal `$paramod$ce97735b3e205300b7cc20b49638b23e37b300ee\picorv32.\instr_sra' using process `$paramod$ce97735b3e205300b7cc20b49638b23e37b300ee\picorv32.$proc$../rtl/cpu/picorv32.v:858$1091'.
  created $dff cell `$procdff$4591' with positive edge clock.
Creating register for signal `$paramod$ce97735b3e205300b7cc20b49638b23e37b300ee\picorv32.\instr_or' using process `$paramod$ce97735b3e205300b7cc20b49638b23e37b300ee\picorv32.$proc$../rtl/cpu/picorv32.v:858$1091'.
  created $dff cell `$procdff$4592' with positive edge clock.
Creating register for signal `$paramod$ce97735b3e205300b7cc20b49638b23e37b300ee\picorv32.\instr_and' using process `$paramod$ce97735b3e205300b7cc20b49638b23e37b300ee\picorv32.$proc$../rtl/cpu/picorv32.v:858$1091'.
  created $dff cell `$procdff$4593' with positive edge clock.
Creating register for signal `$paramod$ce97735b3e205300b7cc20b49638b23e37b300ee\picorv32.\instr_rdcycle' using process `$paramod$ce97735b3e205300b7cc20b49638b23e37b300ee\picorv32.$proc$../rtl/cpu/picorv32.v:858$1091'.
  created $dff cell `$procdff$4594' with positive edge clock.
Creating register for signal `$paramod$ce97735b3e205300b7cc20b49638b23e37b300ee\picorv32.\instr_rdcycleh' using process `$paramod$ce97735b3e205300b7cc20b49638b23e37b300ee\picorv32.$proc$../rtl/cpu/picorv32.v:858$1091'.
  created $dff cell `$procdff$4595' with positive edge clock.
Creating register for signal `$paramod$ce97735b3e205300b7cc20b49638b23e37b300ee\picorv32.\instr_rdinstr' using process `$paramod$ce97735b3e205300b7cc20b49638b23e37b300ee\picorv32.$proc$../rtl/cpu/picorv32.v:858$1091'.
  created $dff cell `$procdff$4596' with positive edge clock.
Creating register for signal `$paramod$ce97735b3e205300b7cc20b49638b23e37b300ee\picorv32.\instr_rdinstrh' using process `$paramod$ce97735b3e205300b7cc20b49638b23e37b300ee\picorv32.$proc$../rtl/cpu/picorv32.v:858$1091'.
  created $dff cell `$procdff$4597' with positive edge clock.
Creating register for signal `$paramod$ce97735b3e205300b7cc20b49638b23e37b300ee\picorv32.\instr_ecall_ebreak' using process `$paramod$ce97735b3e205300b7cc20b49638b23e37b300ee\picorv32.$proc$../rtl/cpu/picorv32.v:858$1091'.
  created $dff cell `$procdff$4598' with positive edge clock.
Creating register for signal `$paramod$ce97735b3e205300b7cc20b49638b23e37b300ee\picorv32.\instr_fence' using process `$paramod$ce97735b3e205300b7cc20b49638b23e37b300ee\picorv32.$proc$../rtl/cpu/picorv32.v:858$1091'.
  created $dff cell `$procdff$4599' with positive edge clock.
Creating register for signal `$paramod$ce97735b3e205300b7cc20b49638b23e37b300ee\picorv32.\instr_getq' using process `$paramod$ce97735b3e205300b7cc20b49638b23e37b300ee\picorv32.$proc$../rtl/cpu/picorv32.v:858$1091'.
  created $dff cell `$procdff$4600' with positive edge clock.
Creating register for signal `$paramod$ce97735b3e205300b7cc20b49638b23e37b300ee\picorv32.\instr_setq' using process `$paramod$ce97735b3e205300b7cc20b49638b23e37b300ee\picorv32.$proc$../rtl/cpu/picorv32.v:858$1091'.
  created $dff cell `$procdff$4601' with positive edge clock.
Creating register for signal `$paramod$ce97735b3e205300b7cc20b49638b23e37b300ee\picorv32.\instr_retirq' using process `$paramod$ce97735b3e205300b7cc20b49638b23e37b300ee\picorv32.$proc$../rtl/cpu/picorv32.v:858$1091'.
  created $dff cell `$procdff$4602' with positive edge clock.
Creating register for signal `$paramod$ce97735b3e205300b7cc20b49638b23e37b300ee\picorv32.\instr_maskirq' using process `$paramod$ce97735b3e205300b7cc20b49638b23e37b300ee\picorv32.$proc$../rtl/cpu/picorv32.v:858$1091'.
  created $dff cell `$procdff$4603' with positive edge clock.
Creating register for signal `$paramod$ce97735b3e205300b7cc20b49638b23e37b300ee\picorv32.\instr_waitirq' using process `$paramod$ce97735b3e205300b7cc20b49638b23e37b300ee\picorv32.$proc$../rtl/cpu/picorv32.v:858$1091'.
  created $dff cell `$procdff$4604' with positive edge clock.
Creating register for signal `$paramod$ce97735b3e205300b7cc20b49638b23e37b300ee\picorv32.\instr_timer' using process `$paramod$ce97735b3e205300b7cc20b49638b23e37b300ee\picorv32.$proc$../rtl/cpu/picorv32.v:858$1091'.
  created $dff cell `$procdff$4605' with positive edge clock.
Creating register for signal `$paramod$ce97735b3e205300b7cc20b49638b23e37b300ee\picorv32.\decoded_rd' using process `$paramod$ce97735b3e205300b7cc20b49638b23e37b300ee\picorv32.$proc$../rtl/cpu/picorv32.v:858$1091'.
  created $dff cell `$procdff$4606' with positive edge clock.
Creating register for signal `$paramod$ce97735b3e205300b7cc20b49638b23e37b300ee\picorv32.\decoded_rs1' using process `$paramod$ce97735b3e205300b7cc20b49638b23e37b300ee\picorv32.$proc$../rtl/cpu/picorv32.v:858$1091'.
  created $dff cell `$procdff$4607' with positive edge clock.
Creating register for signal `$paramod$ce97735b3e205300b7cc20b49638b23e37b300ee\picorv32.\decoded_rs2' using process `$paramod$ce97735b3e205300b7cc20b49638b23e37b300ee\picorv32.$proc$../rtl/cpu/picorv32.v:858$1091'.
  created $dff cell `$procdff$4608' with positive edge clock.
Creating register for signal `$paramod$ce97735b3e205300b7cc20b49638b23e37b300ee\picorv32.\decoded_imm' using process `$paramod$ce97735b3e205300b7cc20b49638b23e37b300ee\picorv32.$proc$../rtl/cpu/picorv32.v:858$1091'.
  created $dff cell `$procdff$4609' with positive edge clock.
Creating register for signal `$paramod$ce97735b3e205300b7cc20b49638b23e37b300ee\picorv32.\decoded_imm_j' using process `$paramod$ce97735b3e205300b7cc20b49638b23e37b300ee\picorv32.$proc$../rtl/cpu/picorv32.v:858$1091'.
  created $dff cell `$procdff$4610' with positive edge clock.
Creating register for signal `$paramod$ce97735b3e205300b7cc20b49638b23e37b300ee\picorv32.\compressed_instr' using process `$paramod$ce97735b3e205300b7cc20b49638b23e37b300ee\picorv32.$proc$../rtl/cpu/picorv32.v:858$1091'.
  created $dff cell `$procdff$4611' with positive edge clock.
Creating register for signal `$paramod$ce97735b3e205300b7cc20b49638b23e37b300ee\picorv32.\is_lui_auipc_jal' using process `$paramod$ce97735b3e205300b7cc20b49638b23e37b300ee\picorv32.$proc$../rtl/cpu/picorv32.v:858$1091'.
  created $dff cell `$procdff$4612' with positive edge clock.
Creating register for signal `$paramod$ce97735b3e205300b7cc20b49638b23e37b300ee\picorv32.\is_lb_lh_lw_lbu_lhu' using process `$paramod$ce97735b3e205300b7cc20b49638b23e37b300ee\picorv32.$proc$../rtl/cpu/picorv32.v:858$1091'.
  created $dff cell `$procdff$4613' with positive edge clock.
Creating register for signal `$paramod$ce97735b3e205300b7cc20b49638b23e37b300ee\picorv32.\is_slli_srli_srai' using process `$paramod$ce97735b3e205300b7cc20b49638b23e37b300ee\picorv32.$proc$../rtl/cpu/picorv32.v:858$1091'.
  created $dff cell `$procdff$4614' with positive edge clock.
Creating register for signal `$paramod$ce97735b3e205300b7cc20b49638b23e37b300ee\picorv32.\is_jalr_addi_slti_sltiu_xori_ori_andi' using process `$paramod$ce97735b3e205300b7cc20b49638b23e37b300ee\picorv32.$proc$../rtl/cpu/picorv32.v:858$1091'.
  created $dff cell `$procdff$4615' with positive edge clock.
Creating register for signal `$paramod$ce97735b3e205300b7cc20b49638b23e37b300ee\picorv32.\is_sb_sh_sw' using process `$paramod$ce97735b3e205300b7cc20b49638b23e37b300ee\picorv32.$proc$../rtl/cpu/picorv32.v:858$1091'.
  created $dff cell `$procdff$4616' with positive edge clock.
Creating register for signal `$paramod$ce97735b3e205300b7cc20b49638b23e37b300ee\picorv32.\is_sll_srl_sra' using process `$paramod$ce97735b3e205300b7cc20b49638b23e37b300ee\picorv32.$proc$../rtl/cpu/picorv32.v:858$1091'.
  created $dff cell `$procdff$4617' with positive edge clock.
Creating register for signal `$paramod$ce97735b3e205300b7cc20b49638b23e37b300ee\picorv32.\is_lui_auipc_jal_jalr_addi_add_sub' using process `$paramod$ce97735b3e205300b7cc20b49638b23e37b300ee\picorv32.$proc$../rtl/cpu/picorv32.v:858$1091'.
  created $dff cell `$procdff$4618' with positive edge clock.
Creating register for signal `$paramod$ce97735b3e205300b7cc20b49638b23e37b300ee\picorv32.\is_slti_blt_slt' using process `$paramod$ce97735b3e205300b7cc20b49638b23e37b300ee\picorv32.$proc$../rtl/cpu/picorv32.v:858$1091'.
  created $dff cell `$procdff$4619' with positive edge clock.
Creating register for signal `$paramod$ce97735b3e205300b7cc20b49638b23e37b300ee\picorv32.\is_sltiu_bltu_sltu' using process `$paramod$ce97735b3e205300b7cc20b49638b23e37b300ee\picorv32.$proc$../rtl/cpu/picorv32.v:858$1091'.
  created $dff cell `$procdff$4620' with positive edge clock.
Creating register for signal `$paramod$ce97735b3e205300b7cc20b49638b23e37b300ee\picorv32.\is_beq_bne_blt_bge_bltu_bgeu' using process `$paramod$ce97735b3e205300b7cc20b49638b23e37b300ee\picorv32.$proc$../rtl/cpu/picorv32.v:858$1091'.
  created $dff cell `$procdff$4621' with positive edge clock.
Creating register for signal `$paramod$ce97735b3e205300b7cc20b49638b23e37b300ee\picorv32.\is_lbu_lhu_lw' using process `$paramod$ce97735b3e205300b7cc20b49638b23e37b300ee\picorv32.$proc$../rtl/cpu/picorv32.v:858$1091'.
  created $dff cell `$procdff$4622' with positive edge clock.
Creating register for signal `$paramod$ce97735b3e205300b7cc20b49638b23e37b300ee\picorv32.\is_alu_reg_imm' using process `$paramod$ce97735b3e205300b7cc20b49638b23e37b300ee\picorv32.$proc$../rtl/cpu/picorv32.v:858$1091'.
  created $dff cell `$procdff$4623' with positive edge clock.
Creating register for signal `$paramod$ce97735b3e205300b7cc20b49638b23e37b300ee\picorv32.\is_alu_reg_reg' using process `$paramod$ce97735b3e205300b7cc20b49638b23e37b300ee\picorv32.$proc$../rtl/cpu/picorv32.v:858$1091'.
  created $dff cell `$procdff$4624' with positive edge clock.
Creating register for signal `$paramod$ce97735b3e205300b7cc20b49638b23e37b300ee\picorv32.\is_compare' using process `$paramod$ce97735b3e205300b7cc20b49638b23e37b300ee\picorv32.$proc$../rtl/cpu/picorv32.v:858$1091'.
  created $dff cell `$procdff$4625' with positive edge clock.
Creating register for signal `$paramod$ce97735b3e205300b7cc20b49638b23e37b300ee\picorv32.\dbg_insn_addr' using process `$paramod$ce97735b3e205300b7cc20b49638b23e37b300ee\picorv32.$proc$../rtl/cpu/picorv32.v:778$1085'.
  created $dff cell `$procdff$4626' with positive edge clock.
Creating register for signal `$paramod$ce97735b3e205300b7cc20b49638b23e37b300ee\picorv32.\q_ascii_instr' using process `$paramod$ce97735b3e205300b7cc20b49638b23e37b300ee\picorv32.$proc$../rtl/cpu/picorv32.v:778$1085'.
  created $dff cell `$procdff$4627' with positive edge clock.
Creating register for signal `$paramod$ce97735b3e205300b7cc20b49638b23e37b300ee\picorv32.\q_insn_imm' using process `$paramod$ce97735b3e205300b7cc20b49638b23e37b300ee\picorv32.$proc$../rtl/cpu/picorv32.v:778$1085'.
  created $dff cell `$procdff$4628' with positive edge clock.
Creating register for signal `$paramod$ce97735b3e205300b7cc20b49638b23e37b300ee\picorv32.\q_insn_opcode' using process `$paramod$ce97735b3e205300b7cc20b49638b23e37b300ee\picorv32.$proc$../rtl/cpu/picorv32.v:778$1085'.
  created $dff cell `$procdff$4629' with positive edge clock.
Creating register for signal `$paramod$ce97735b3e205300b7cc20b49638b23e37b300ee\picorv32.\q_insn_rs1' using process `$paramod$ce97735b3e205300b7cc20b49638b23e37b300ee\picorv32.$proc$../rtl/cpu/picorv32.v:778$1085'.
  created $dff cell `$procdff$4630' with positive edge clock.
Creating register for signal `$paramod$ce97735b3e205300b7cc20b49638b23e37b300ee\picorv32.\q_insn_rs2' using process `$paramod$ce97735b3e205300b7cc20b49638b23e37b300ee\picorv32.$proc$../rtl/cpu/picorv32.v:778$1085'.
  created $dff cell `$procdff$4631' with positive edge clock.
Creating register for signal `$paramod$ce97735b3e205300b7cc20b49638b23e37b300ee\picorv32.\q_insn_rd' using process `$paramod$ce97735b3e205300b7cc20b49638b23e37b300ee\picorv32.$proc$../rtl/cpu/picorv32.v:778$1085'.
  created $dff cell `$procdff$4632' with positive edge clock.
Creating register for signal `$paramod$ce97735b3e205300b7cc20b49638b23e37b300ee\picorv32.\dbg_next' using process `$paramod$ce97735b3e205300b7cc20b49638b23e37b300ee\picorv32.$proc$../rtl/cpu/picorv32.v:778$1085'.
  created $dff cell `$procdff$4633' with positive edge clock.
Creating register for signal `$paramod$ce97735b3e205300b7cc20b49638b23e37b300ee\picorv32.\dbg_valid_insn' using process `$paramod$ce97735b3e205300b7cc20b49638b23e37b300ee\picorv32.$proc$../rtl/cpu/picorv32.v:778$1085'.
  created $dff cell `$procdff$4634' with positive edge clock.
Creating register for signal `$paramod$ce97735b3e205300b7cc20b49638b23e37b300ee\picorv32.\cached_ascii_instr' using process `$paramod$ce97735b3e205300b7cc20b49638b23e37b300ee\picorv32.$proc$../rtl/cpu/picorv32.v:778$1085'.
  created $dff cell `$procdff$4635' with positive edge clock.
Creating register for signal `$paramod$ce97735b3e205300b7cc20b49638b23e37b300ee\picorv32.\cached_insn_imm' using process `$paramod$ce97735b3e205300b7cc20b49638b23e37b300ee\picorv32.$proc$../rtl/cpu/picorv32.v:778$1085'.
  created $dff cell `$procdff$4636' with positive edge clock.
Creating register for signal `$paramod$ce97735b3e205300b7cc20b49638b23e37b300ee\picorv32.\cached_insn_opcode' using process `$paramod$ce97735b3e205300b7cc20b49638b23e37b300ee\picorv32.$proc$../rtl/cpu/picorv32.v:778$1085'.
  created $dff cell `$procdff$4637' with positive edge clock.
Creating register for signal `$paramod$ce97735b3e205300b7cc20b49638b23e37b300ee\picorv32.\cached_insn_rs1' using process `$paramod$ce97735b3e205300b7cc20b49638b23e37b300ee\picorv32.$proc$../rtl/cpu/picorv32.v:778$1085'.
  created $dff cell `$procdff$4638' with positive edge clock.
Creating register for signal `$paramod$ce97735b3e205300b7cc20b49638b23e37b300ee\picorv32.\cached_insn_rs2' using process `$paramod$ce97735b3e205300b7cc20b49638b23e37b300ee\picorv32.$proc$../rtl/cpu/picorv32.v:778$1085'.
  created $dff cell `$procdff$4639' with positive edge clock.
Creating register for signal `$paramod$ce97735b3e205300b7cc20b49638b23e37b300ee\picorv32.\cached_insn_rd' using process `$paramod$ce97735b3e205300b7cc20b49638b23e37b300ee\picorv32.$proc$../rtl/cpu/picorv32.v:778$1085'.
  created $dff cell `$procdff$4640' with positive edge clock.
Creating register for signal `$paramod$ce97735b3e205300b7cc20b49638b23e37b300ee\picorv32.\mem_valid' using process `$paramod$ce97735b3e205300b7cc20b49638b23e37b300ee\picorv32.$proc$../rtl/cpu/picorv32.v:565$1060'.
  created $dff cell `$procdff$4641' with positive edge clock.
Creating register for signal `$paramod$ce97735b3e205300b7cc20b49638b23e37b300ee\picorv32.\mem_instr' using process `$paramod$ce97735b3e205300b7cc20b49638b23e37b300ee\picorv32.$proc$../rtl/cpu/picorv32.v:565$1060'.
  created $dff cell `$procdff$4642' with positive edge clock.
Creating register for signal `$paramod$ce97735b3e205300b7cc20b49638b23e37b300ee\picorv32.\mem_addr' using process `$paramod$ce97735b3e205300b7cc20b49638b23e37b300ee\picorv32.$proc$../rtl/cpu/picorv32.v:565$1060'.
  created $dff cell `$procdff$4643' with positive edge clock.
Creating register for signal `$paramod$ce97735b3e205300b7cc20b49638b23e37b300ee\picorv32.\mem_wdata' using process `$paramod$ce97735b3e205300b7cc20b49638b23e37b300ee\picorv32.$proc$../rtl/cpu/picorv32.v:565$1060'.
  created $dff cell `$procdff$4644' with positive edge clock.
Creating register for signal `$paramod$ce97735b3e205300b7cc20b49638b23e37b300ee\picorv32.\mem_wstrb' using process `$paramod$ce97735b3e205300b7cc20b49638b23e37b300ee\picorv32.$proc$../rtl/cpu/picorv32.v:565$1060'.
  created $dff cell `$procdff$4645' with positive edge clock.
Creating register for signal `$paramod$ce97735b3e205300b7cc20b49638b23e37b300ee\picorv32.\mem_state' using process `$paramod$ce97735b3e205300b7cc20b49638b23e37b300ee\picorv32.$proc$../rtl/cpu/picorv32.v:565$1060'.
  created $dff cell `$procdff$4646' with positive edge clock.
Creating register for signal `$paramod$ce97735b3e205300b7cc20b49638b23e37b300ee\picorv32.\mem_la_secondword' using process `$paramod$ce97735b3e205300b7cc20b49638b23e37b300ee\picorv32.$proc$../rtl/cpu/picorv32.v:565$1060'.
  created $dff cell `$procdff$4647' with positive edge clock.
Creating register for signal `$paramod$ce97735b3e205300b7cc20b49638b23e37b300ee\picorv32.\prefetched_high_word' using process `$paramod$ce97735b3e205300b7cc20b49638b23e37b300ee\picorv32.$proc$../rtl/cpu/picorv32.v:565$1060'.
  created $dff cell `$procdff$4648' with positive edge clock.
Creating register for signal `$paramod$ce97735b3e205300b7cc20b49638b23e37b300ee\picorv32.\mem_16bit_buffer' using process `$paramod$ce97735b3e205300b7cc20b49638b23e37b300ee\picorv32.$proc$../rtl/cpu/picorv32.v:565$1060'.
  created $dff cell `$procdff$4649' with positive edge clock.
Creating register for signal `$paramod$ce97735b3e205300b7cc20b49638b23e37b300ee\picorv32.\next_insn_opcode' using process `$paramod$ce97735b3e205300b7cc20b49638b23e37b300ee\picorv32.$proc$../rtl/cpu/picorv32.v:430$1022'.
  created $dff cell `$procdff$4650' with positive edge clock.
Creating register for signal `$paramod$ce97735b3e205300b7cc20b49638b23e37b300ee\picorv32.\mem_rdata_q' using process `$paramod$ce97735b3e205300b7cc20b49638b23e37b300ee\picorv32.$proc$../rtl/cpu/picorv32.v:430$1022'.
  created $dff cell `$procdff$4651' with positive edge clock.
Creating register for signal `$paramod$ce97735b3e205300b7cc20b49638b23e37b300ee\picorv32.\mem_la_firstword_reg' using process `$paramod$ce97735b3e205300b7cc20b49638b23e37b300ee\picorv32.$proc$../rtl/cpu/picorv32.v:390$1014'.
  created $dff cell `$procdff$4652' with positive edge clock.
Creating register for signal `$paramod$ce97735b3e205300b7cc20b49638b23e37b300ee\picorv32.\last_mem_valid' using process `$paramod$ce97735b3e205300b7cc20b49638b23e37b300ee\picorv32.$proc$../rtl/cpu/picorv32.v:390$1014'.
  created $dff cell `$procdff$4653' with positive edge clock.

11.10. Executing PROC_MEMWR pass (convert process memory writes to cells).

11.11. Executing PROC_CLEAN pass (remove empty switches from decision trees).
Found and cleaned up 2 empty switches in `\timer_periph.$proc$../rtl/peripherals/timer.v:60$924'.
Removing empty process `timer_periph.$proc$../rtl/peripherals/timer.v:60$924'.
Found and cleaned up 5 empty switches in `\timer_periph.$proc$../rtl/peripherals/timer.v:42$918'.
Removing empty process `timer_periph.$proc$../rtl/peripherals/timer.v:42$918'.
Found and cleaned up 1 empty switch in `\timer_periph.$proc$../rtl/peripherals/timer.v:33$915'.
Removing empty process `timer_periph.$proc$../rtl/peripherals/timer.v:33$915'.
Found and cleaned up 2 empty switches in `\uart_periph.$proc$../rtl/peripherals/uart.v:75$912'.
Removing empty process `uart_periph.$proc$../rtl/peripherals/uart.v:75$912'.
Found and cleaned up 5 empty switches in `\uart_periph.$proc$../rtl/peripherals/uart.v:33$903'.
Removing empty process `uart_periph.$proc$../rtl/peripherals/uart.v:33$903'.
Found and cleaned up 1 empty switch in `\uart_periph.$proc$../rtl/peripherals/uart.v:21$896'.
Removing empty process `uart_periph.$proc$../rtl/peripherals/uart.v:21$896'.
Removing empty process `simple_interconnect.$proc$../rtl/bus/simple_interconnect.v:133$888'.
Found and cleaned up 4 empty switches in `\simple_interconnect.$proc$../rtl/bus/simple_interconnect.v:120$887'.
Removing empty process `simple_interconnect.$proc$../rtl/bus/simple_interconnect.v:120$887'.
Removing empty process `simple_interconnect.$proc$../rtl/bus/simple_interconnect.v:97$881'.
Found and cleaned up 3 empty switches in `\simple_interconnect.$proc$../rtl/bus/simple_interconnect.v:72$873'.
Removing empty process `simple_interconnect.$proc$../rtl/bus/simple_interconnect.v:72$873'.
Found and cleaned up 56 empty switches in `$paramod$ce97735b3e205300b7cc20b49638b23e37b300ee\picorv32.$proc$../rtl/cpu/picorv32.v:1402$1431'.
Removing empty process `$paramod$ce97735b3e205300b7cc20b49638b23e37b300ee\picorv32.$proc$../rtl/cpu/picorv32.v:1402$1431'.
Removing empty process `$paramod$ce97735b3e205300b7cc20b49638b23e37b300ee\picorv32.$proc$../rtl/cpu/picorv32.v:1348$1415'.
Found and cleaned up 1 empty switch in `$paramod$ce97735b3e205300b7cc20b49638b23e37b300ee\picorv32.$proc$../rtl/cpu/picorv32.v:1337$1406'.
Removing empty process `$paramod$ce97735b3e205300b7cc20b49638b23e37b300ee\picorv32.$proc$../rtl/cpu/picorv32.v:1337$1406'.
Found and cleaned up 2 empty switches in `$paramod$ce97735b3e205300b7cc20b49638b23e37b300ee\picorv32.$proc$../rtl/cpu/picorv32.v:1309$1394'.
Removing empty process `$paramod$ce97735b3e205300b7cc20b49638b23e37b300ee\picorv32.$proc$../rtl/cpu/picorv32.v:1309$1394'.
Found and cleaned up 2 empty switches in `$paramod$ce97735b3e205300b7cc20b49638b23e37b300ee\picorv32.$proc$../rtl/cpu/picorv32.v:1295$1389'.
Removing empty process `$paramod$ce97735b3e205300b7cc20b49638b23e37b300ee\picorv32.$proc$../rtl/cpu/picorv32.v:1295$1389'.
Removing empty process `$paramod$ce97735b3e205300b7cc20b49638b23e37b300ee\picorv32.$proc$../rtl/cpu/picorv32.v:1293$1388'.
Found and cleaned up 2 empty switches in `$paramod$ce97735b3e205300b7cc20b49638b23e37b300ee\picorv32.$proc$../rtl/cpu/picorv32.v:1249$1366'.
Removing empty process `$paramod$ce97735b3e205300b7cc20b49638b23e37b300ee\picorv32.$proc$../rtl/cpu/picorv32.v:1249$1366'.
Found and cleaned up 8 empty switches in `$paramod$ce97735b3e205300b7cc20b49638b23e37b300ee\picorv32.$proc$../rtl/cpu/picorv32.v:1186$1354'.
Removing empty process `$paramod$ce97735b3e205300b7cc20b49638b23e37b300ee\picorv32.$proc$../rtl/cpu/picorv32.v:1186$1354'.
Found and cleaned up 22 empty switches in `$paramod$ce97735b3e205300b7cc20b49638b23e37b300ee\picorv32.$proc$../rtl/cpu/picorv32.v:858$1091'.
Removing empty process `$paramod$ce97735b3e205300b7cc20b49638b23e37b300ee\picorv32.$proc$../rtl/cpu/picorv32.v:858$1091'.
Found and cleaned up 3 empty switches in `$paramod$ce97735b3e205300b7cc20b49638b23e37b300ee\picorv32.$proc$../rtl/cpu/picorv32.v:809$1089'.
Removing empty process `$paramod$ce97735b3e205300b7cc20b49638b23e37b300ee\picorv32.$proc$../rtl/cpu/picorv32.v:809$1089'.
Found and cleaned up 5 empty switches in `$paramod$ce97735b3e205300b7cc20b49638b23e37b300ee\picorv32.$proc$../rtl/cpu/picorv32.v:778$1085'.
Removing empty process `$paramod$ce97735b3e205300b7cc20b49638b23e37b300ee\picorv32.$proc$../rtl/cpu/picorv32.v:778$1085'.
Found and cleaned up 48 empty switches in `$paramod$ce97735b3e205300b7cc20b49638b23e37b300ee\picorv32.$proc$../rtl/cpu/picorv32.v:701$1084'.
Removing empty process `$paramod$ce97735b3e205300b7cc20b49638b23e37b300ee\picorv32.$proc$../rtl/cpu/picorv32.v:701$1084'.
Found and cleaned up 16 empty switches in `$paramod$ce97735b3e205300b7cc20b49638b23e37b300ee\picorv32.$proc$../rtl/cpu/picorv32.v:565$1060'.
Removing empty process `$paramod$ce97735b3e205300b7cc20b49638b23e37b300ee\picorv32.$proc$../rtl/cpu/picorv32.v:565$1060'.
Removing empty process `$paramod$ce97735b3e205300b7cc20b49638b23e37b300ee\picorv32.$proc$../rtl/cpu/picorv32.v:1239$1604'.
Found and cleaned up 19 empty switches in `$paramod$ce97735b3e205300b7cc20b49638b23e37b300ee\picorv32.$proc$../rtl/cpu/picorv32.v:430$1022'.
Removing empty process `$paramod$ce97735b3e205300b7cc20b49638b23e37b300ee\picorv32.$proc$../rtl/cpu/picorv32.v:430$1022'.
Found and cleaned up 3 empty switches in `$paramod$ce97735b3e205300b7cc20b49638b23e37b300ee\picorv32.$proc$../rtl/cpu/picorv32.v:401$1019'.
Removing empty process `$paramod$ce97735b3e205300b7cc20b49638b23e37b300ee\picorv32.$proc$../rtl/cpu/picorv32.v:401$1019'.
Found and cleaned up 2 empty switches in `$paramod$ce97735b3e205300b7cc20b49638b23e37b300ee\picorv32.$proc$../rtl/cpu/picorv32.v:390$1014'.
Removing empty process `$paramod$ce97735b3e205300b7cc20b49638b23e37b300ee\picorv32.$proc$../rtl/cpu/picorv32.v:390$1014'.
Found and cleaned up 1 empty switch in `$paramod$ce97735b3e205300b7cc20b49638b23e37b300ee\picorv32.$proc$../rtl/cpu/picorv32.v:325$940'.
Removing empty process `$paramod$ce97735b3e205300b7cc20b49638b23e37b300ee\picorv32.$proc$../rtl/cpu/picorv32.v:325$940'.
Cleaned up 213 empty switches.

11.12. Executing OPT_EXPR pass (perform const folding).
Optimizing module timer_periph.
<suppressed ~4 debug messages>
Optimizing module uart_periph.
<suppressed ~8 debug messages>
Optimizing module data_mem.
Optimizing module instr_mem.
Optimizing module simple_interconnect.
Optimizing module $paramod$ce97735b3e205300b7cc20b49638b23e37b300ee\picorv32.
<suppressed ~677 debug messages>
Optimizing module mini_soc_top.

12. Executing OPT pass (performing simple optimizations).

12.1. Executing OPT_EXPR pass (perform const folding).
Optimizing module timer_periph.
Optimizing module uart_periph.
Optimizing module data_mem.
Optimizing module instr_mem.
Optimizing module simple_interconnect.
Optimizing module $paramod$ce97735b3e205300b7cc20b49638b23e37b300ee\picorv32.
<suppressed ~1 debug messages>
Optimizing module mini_soc_top.

12.2. Executing OPT_MERGE pass (detect identical cells).
Finding identical cells in module `\timer_periph'.
<suppressed ~9 debug messages>
Finding identical cells in module `\uart_periph'.
<suppressed ~12 debug messages>
Finding identical cells in module `\data_mem'.
Finding identical cells in module `\instr_mem'.
Finding identical cells in module `\simple_interconnect'.
<suppressed ~18 debug messages>
Finding identical cells in module `$paramod$ce97735b3e205300b7cc20b49638b23e37b300ee\picorv32'.
<suppressed ~1470 debug messages>
Finding identical cells in module `\mini_soc_top'.
Removed a total of 503 cells.

12.3. Executing OPT_MUXTREE pass (detect dead branches in mux trees).
Running muxtree optimizer on module \timer_periph..
  Creating internal representation of mux trees.
  Evaluating internal representation of mux trees.
  Analyzing evaluation results.
    dead port 2/2 on $mux $procmux$1622.
Running muxtree optimizer on module \uart_periph..
  Creating internal representation of mux trees.
  Evaluating internal representation of mux trees.
  Analyzing evaluation results.
    dead port 2/2 on $mux $procmux$1653.
Running muxtree optimizer on module \data_mem..
  Creating internal representation of mux trees.
  No muxes found in this module.
Running muxtree optimizer on module \instr_mem..
  Creating internal representation of mux trees.
  No muxes found in this module.
Running muxtree optimizer on module \simple_interconnect..
  Creating internal representation of mux trees.
  Evaluating internal representation of mux trees.
  Analyzing evaluation results.
    dead port 1/2 on $mux $procmux$1740.
    dead port 1/2 on $mux $procmux$1734.
    dead port 1/2 on $mux $procmux$1731.
    dead port 1/2 on $mux $procmux$1725.
    dead port 1/2 on $mux $procmux$1722.
    dead port 1/2 on $mux $procmux$1719.
Running muxtree optimizer on module $paramod$ce97735b3e205300b7cc20b49638b23e37b300ee\picorv32..
  Creating internal representation of mux trees.
  Evaluating internal representation of mux trees.
  Analyzing evaluation results.
    dead port 1/4 on $pmux $procmux$4372.
    dead port 2/4 on $pmux $procmux$4372.
    dead port 3/4 on $pmux $procmux$4372.
    dead port 4/4 on $pmux $procmux$4372.
    dead port 1/2 on $mux $procmux$4366.
    dead port 2/2 on $mux $procmux$4366.
    dead port 1/2 on $mux $procmux$4362.
    dead port 2/2 on $mux $procmux$4362.
    dead port 1/2 on $mux $procmux$4360.
    dead port 2/2 on $mux $procmux$4360.
    dead port 1/2 on $mux $procmux$4358.
    dead port 2/2 on $mux $procmux$4358.
    dead port 3/4 on $pmux $procmux$2909.
    dead port 1/2 on $mux $procmux$4356.
    dead port 2/2 on $mux $procmux$4356.
    dead port 1/2 on $mux $procmux$4354.
    dead port 2/2 on $mux $procmux$4354.
    dead port 1/2 on $mux $procmux$4352.
    dead port 2/2 on $mux $procmux$4352.
    dead port 1/4 on $pmux $procmux$4383.
    dead port 2/4 on $pmux $procmux$4383.
    dead port 3/4 on $pmux $procmux$4383.
    dead port 4/4 on $pmux $procmux$4383.
    dead port 1/2 on $mux $procmux$4381.
    dead port 2/2 on $mux $procmux$4381.
    dead port 1/3 on $pmux $procmux$3674.
    dead port 2/3 on $pmux $procmux$3674.
    dead port 3/3 on $pmux $procmux$3674.
    dead port 1/2 on $mux $procmux$2715.
    dead port 2/2 on $mux $procmux$2715.
    dead port 1/2 on $mux $procmux$2713.
    dead port 2/2 on $mux $procmux$2713.
    dead port 3/4 on $pmux $procmux$2708.
    dead port 1/2 on $mux $procmux$3666.
    dead port 2/2 on $mux $procmux$3666.
    dead port 1/6 on $pmux $procmux$3662.
    dead port 2/6 on $pmux $procmux$3662.
    dead port 3/6 on $pmux $procmux$3662.
    dead port 4/6 on $pmux $procmux$3662.
    dead port 5/6 on $pmux $procmux$3662.
    dead port 6/6 on $pmux $procmux$3662.
    dead port 1/2 on $mux $procmux$3660.
    dead port 2/2 on $mux $procmux$3660.
    dead port 1/2 on $mux $procmux$3658.
    dead port 2/2 on $mux $procmux$3658.
    dead port 1/2 on $mux $procmux$3656.
    dead port 2/2 on $mux $procmux$3656.
    dead port 1/4 on $pmux $procmux$3651.
    dead port 2/4 on $pmux $procmux$3651.
    dead port 3/4 on $pmux $procmux$3651.
    dead port 4/4 on $pmux $procmux$3651.
    dead port 2/2 on $mux $procmux$3908.
    dead port 1/2 on $mux $procmux$3648.
    dead port 2/2 on $mux $procmux$3648.
    dead port 2/2 on $mux $procmux$3902.
    dead port 1/2 on $mux $procmux$3645.
    dead port 2/2 on $mux $procmux$3645.
    dead port 1/4 on $pmux $procmux$3643.
    dead port 2/4 on $pmux $procmux$3643.
    dead port 3/4 on $pmux $procmux$3643.
    dead port 4/4 on $pmux $procmux$3643.
    dead port 1/2 on $mux $procmux$3641.
    dead port 2/2 on $mux $procmux$3641.
    dead port 1/2 on $mux $procmux$3639.
    dead port 2/2 on $mux $procmux$3639.
    dead port 1/2 on $mux $procmux$3637.
    dead port 2/2 on $mux $procmux$3637.
    dead port 2/2 on $mux $procmux$3896.
    dead port 1/2 on $mux $procmux$3624.
    dead port 2/2 on $mux $procmux$3624.
    dead port 2/2 on $mux $procmux$3890.
    dead port 1/2 on $mux $procmux$3621.
    dead port 2/2 on $mux $procmux$3621.
    dead port 1/2 on $mux $procmux$3619.
    dead port 2/2 on $mux $procmux$3619.
    dead port 1/2 on $mux $procmux$3617.
    dead port 2/2 on $mux $procmux$3617.
    dead port 1/4 on $pmux $procmux$3612.
    dead port 2/4 on $pmux $procmux$3612.
    dead port 3/4 on $pmux $procmux$3612.
    dead port 4/4 on $pmux $procmux$3612.
    dead port 2/2 on $mux $procmux$3884.
    dead port 1/2 on $mux $procmux$3609.
    dead port 2/2 on $mux $procmux$3609.
    dead port 2/2 on $mux $procmux$3878.
    dead port 1/2 on $mux $procmux$3606.
    dead port 2/2 on $mux $procmux$3606.
    dead port 2/2 on $mux $procmux$4452.
    dead port 1/2 on $mux $procmux$3604.
    dead port 2/2 on $mux $procmux$3604.
    dead port 2/2 on $mux $procmux$4445.
    dead port 1/4 on $pmux $procmux$3602.
    dead port 2/4 on $pmux $procmux$3602.
    dead port 3/4 on $pmux $procmux$3602.
    dead port 4/4 on $pmux $procmux$3602.
    dead port 1/4 on $pmux $procmux$4430.
    dead port 2/4 on $pmux $procmux$4430.
    dead port 3/4 on $pmux $procmux$4430.
    dead port 4/4 on $pmux $procmux$4430.
    dead port 2/2 on $mux $procmux$3872.
    dead port 1/2 on $mux $procmux$4420.
    dead port 2/2 on $mux $procmux$4420.
    dead port 3/4 on $pmux $procmux$2339.
    dead port 1/2 on $mux $procmux$4418.
    dead port 2/2 on $mux $procmux$4418.
    dead port 1/2 on $mux $procmux$3870.
    dead port 1/7 on $pmux $procmux$4411.
    dead port 2/7 on $pmux $procmux$4411.
    dead port 3/7 on $pmux $procmux$4411.
    dead port 4/7 on $pmux $procmux$4411.
    dead port 5/7 on $pmux $procmux$4411.
    dead port 6/7 on $pmux $procmux$4411.
    dead port 7/7 on $pmux $procmux$4411.
    dead port 1/2 on $mux $procmux$3578.
    dead port 2/2 on $mux $procmux$3578.
    dead port 1/4 on $pmux $procmux$4409.
    dead port 2/4 on $pmux $procmux$4409.
    dead port 3/4 on $pmux $procmux$4409.
    dead port 4/4 on $pmux $procmux$4409.
    dead port 1/3 on $pmux $procmux$3575.
    dead port 2/3 on $pmux $procmux$3575.
    dead port 3/3 on $pmux $procmux$3575.
    dead port 1/2 on $mux $procmux$3573.
    dead port 2/2 on $mux $procmux$3573.
    dead port 1/2 on $mux $procmux$4404.
    dead port 2/2 on $mux $procmux$4404.
    dead port 1/2 on $mux $procmux$4402.
    dead port 2/2 on $mux $procmux$4402.
    dead port 1/2 on $mux $procmux$4400.
    dead port 2/2 on $mux $procmux$4400.
    dead port 1/2 on $mux $procmux$4398.
    dead port 2/2 on $mux $procmux$4398.
    dead port 1/5 on $pmux $procmux$4396.
    dead port 2/5 on $pmux $procmux$4396.
    dead port 3/5 on $pmux $procmux$4396.
    dead port 4/5 on $pmux $procmux$4396.
    dead port 5/5 on $pmux $procmux$4396.
    dead port 1/2 on $mux $procmux$3571.
    dead port 2/2 on $mux $procmux$3571.
    dead port 1/2 on $mux $procmux$4389.
    dead port 2/2 on $mux $procmux$4389.
    dead port 3/4 on $pmux $procmux$2296.
    dead port 1/2 on $mux $procmux$4116.
    dead port 2/2 on $mux $procmux$4116.
    dead port 1/2 on $mux $procmux$3558.
    dead port 2/2 on $mux $procmux$3558.
    dead port 1/2 on $mux $procmux$3857.
    dead port 2/2 on $mux $procmux$3857.
    dead port 1/3 on $pmux $procmux$3556.
    dead port 2/3 on $pmux $procmux$3556.
    dead port 3/3 on $pmux $procmux$3556.
    dead port 1/2 on $mux $procmux$3554.
    dead port 2/2 on $mux $procmux$3554.
    dead port 1/2 on $mux $procmux$3855.
    dead port 2/2 on $mux $procmux$3855.
    dead port 1/2 on $mux $procmux$2198.
    dead port 2/2 on $mux $procmux$2198.
    dead port 1/2 on $mux $procmux$2178.
    dead port 2/2 on $mux $procmux$2178.
    dead port 2/2 on $mux $procmux$2172.
    dead port 1/2 on $mux $procmux$3544.
    dead port 2/2 on $mux $procmux$3544.
    dead port 1/2 on $mux $procmux$3853.
    dead port 2/2 on $mux $procmux$3853.
    dead port 1/3 on $pmux $procmux$3541.
    dead port 2/3 on $pmux $procmux$3541.
    dead port 3/3 on $pmux $procmux$3541.
    dead port 2/2 on $mux $procmux$2159.
    dead port 1/2 on $mux $procmux$3851.
    dead port 2/2 on $mux $procmux$3851.
    dead port 1/2 on $mux $procmux$3533.
    dead port 2/2 on $mux $procmux$3533.
    dead port 1/2 on $mux $procmux$3837.
    dead port 2/2 on $mux $procmux$3837.
    dead port 2/2 on $mux $procmux$2146.
    dead port 1/2 on $mux $procmux$3525.
    dead port 2/2 on $mux $procmux$3525.
    dead port 1/2 on $mux $procmux$3523.
    dead port 2/2 on $mux $procmux$3523.
    dead port 1/5 on $pmux $procmux$3520.
    dead port 2/5 on $pmux $procmux$3520.
    dead port 3/5 on $pmux $procmux$3520.
    dead port 4/5 on $pmux $procmux$3520.
    dead port 5/5 on $pmux $procmux$3520.
    dead port 1/2 on $mux $procmux$3518.
    dead port 2/2 on $mux $procmux$3518.
    dead port 1/2 on $mux $procmux$3516.
    dead port 2/2 on $mux $procmux$3516.
    dead port 1/4 on $pmux $procmux$3511.
    dead port 2/4 on $pmux $procmux$3511.
    dead port 3/4 on $pmux $procmux$3511.
    dead port 4/4 on $pmux $procmux$3511.
    dead port 1/2 on $mux $procmux$2133.
    dead port 2/2 on $mux $procmux$2133.
    dead port 1/3 on $pmux $procmux$3834.
    dead port 2/3 on $pmux $procmux$3834.
    dead port 3/3 on $pmux $procmux$3834.
    dead port 1/2 on $mux $procmux$3509.
    dead port 2/2 on $mux $procmux$3509.
    dead port 1/2 on $mux $procmux$3507.
    dead port 2/2 on $mux $procmux$3507.
    dead port 1/9 on $pmux $procmux$2123.
    dead port 2/9 on $pmux $procmux$2123.
    dead port 3/9 on $pmux $procmux$2123.
    dead port 4/9 on $pmux $procmux$2123.
    dead port 5/9 on $pmux $procmux$2123.
    dead port 6/9 on $pmux $procmux$2123.
    dead port 7/9 on $pmux $procmux$2123.
    dead port 8/9 on $pmux $procmux$2123.
    dead port 9/9 on $pmux $procmux$2123.
    dead port 1/2 on $mux $procmux$3497.
    dead port 2/2 on $mux $procmux$3497.
    dead port 1/2 on $mux $procmux$4097.
    dead port 2/2 on $mux $procmux$4097.
    dead port 2/2 on $mux $procmux$2103.
    dead port 2/2 on $mux $procmux$2100.
    dead port 1/2 on $mux $procmux$3495.
    dead port 2/2 on $mux $procmux$3495.
    dead port 2/2 on $mux $procmux$2088.
    dead port 2/2 on $mux $procmux$2085.
    dead port 1/3 on $pmux $procmux$3490.
    dead port 2/3 on $pmux $procmux$3490.
    dead port 3/3 on $pmux $procmux$3490.
    dead port 2/2 on $mux $procmux$2083.
    dead port 2/2 on $mux $procmux$2061.
    dead port 2/2 on $mux $procmux$2058.
    dead port 1/2 on $mux $procmux$3825.
    dead port 2/2 on $mux $procmux$3825.
    dead port 2/2 on $mux $procmux$2053.
    dead port 1/2 on $mux $procmux$3488.
    dead port 2/2 on $mux $procmux$3488.
    dead port 1/2 on $mux $procmux$2033.
    dead port 2/2 on $mux $procmux$2033.
    dead port 1/2 on $mux $procmux$2031.
    dead port 2/2 on $mux $procmux$2031.
    dead port 2/2 on $mux $procmux$2019.
    dead port 2/2 on $mux $procmux$2016.
    dead port 2/2 on $mux $procmux$1995.
    dead port 2/2 on $mux $procmux$1992.
    dead port 1/2 on $mux $procmux$3486.
    dead port 2/2 on $mux $procmux$3486.
    dead port 2/2 on $mux $procmux$1990.
    dead port 2/2 on $mux $procmux$1971.
    dead port 2/2 on $mux $procmux$1968.
    dead port 1/2 on $mux $procmux$3484.
    dead port 2/2 on $mux $procmux$3484.
    dead port 2/2 on $mux $procmux$1966.
    dead port 2/2 on $mux $procmux$1959.
    dead port 2/2 on $mux $procmux$1956.
    dead port 1/2 on $mux $procmux$1916.
    dead port 2/2 on $mux $procmux$1916.
    dead port 2/2 on $mux $procmux$1905.
    dead port 2/2 on $mux $procmux$1902.
    dead port 1/2 on $mux $procmux$3823.
    dead port 2/2 on $mux $procmux$3823.
    dead port 2/2 on $mux $procmux$1900.
    dead port 2/2 on $mux $procmux$1892.
    dead port 2/2 on $mux $procmux$1889.
    dead port 2/2 on $mux $procmux$1880.
    dead port 2/2 on $mux $procmux$1877.
    dead port 1/2 on $mux $procmux$3821.
    dead port 2/2 on $mux $procmux$3821.
    dead port 2/2 on $mux $procmux$1865.
    dead port 1/4 on $pmux $procmux$3472.
    dead port 2/4 on $pmux $procmux$3472.
    dead port 3/4 on $pmux $procmux$3472.
    dead port 4/4 on $pmux $procmux$3472.
    dead port 1/2 on $mux $procmux$3819.
    dead port 2/2 on $mux $procmux$3819.
    dead port 1/2 on $mux $procmux$3467.
    dead port 2/2 on $mux $procmux$3467.
    dead port 1/2 on $mux $procmux$3465.
    dead port 2/2 on $mux $procmux$3465.
    dead port 2/2 on $mux $procmux$1852.
    dead port 2/2 on $mux $procmux$1849.
    dead port 1/2 on $mux $procmux$3461.
    dead port 2/2 on $mux $procmux$3461.
    dead port 2/2 on $mux $procmux$1842.
    dead port 1/2 on $mux $procmux$3459.
    dead port 2/2 on $mux $procmux$3459.
    dead port 1/2 on $mux $procmux$3457.
    dead port 2/2 on $mux $procmux$3457.
    dead port 1/6 on $pmux $procmux$3454.
    dead port 2/6 on $pmux $procmux$3454.
    dead port 3/6 on $pmux $procmux$3454.
    dead port 4/6 on $pmux $procmux$3454.
    dead port 5/6 on $pmux $procmux$3454.
    dead port 6/6 on $pmux $procmux$3454.
    dead port 1/4 on $pmux $procmux$3452.
    dead port 2/4 on $pmux $procmux$3452.
    dead port 3/4 on $pmux $procmux$3452.
    dead port 4/4 on $pmux $procmux$3452.
    dead port 2/2 on $mux $procmux$1829.
    dead port 2/2 on $mux $procmux$1826.
    dead port 1/2 on $mux $procmux$3449.
    dead port 2/2 on $mux $procmux$3449.
    dead port 2/2 on $mux $procmux$1820.
    dead port 1/2 on $mux $procmux$3446.
    dead port 2/2 on $mux $procmux$3446.
    dead port 1/2 on $mux $procmux$3443.
    dead port 2/2 on $mux $procmux$3443.
    dead port 1/2 on $mux $procmux$3441.
    dead port 2/2 on $mux $procmux$3441.
    dead port 1/2 on $mux $procmux$3439.
    dead port 2/2 on $mux $procmux$3439.
    dead port 1/2 on $mux $procmux$3437.
    dead port 2/2 on $mux $procmux$3437.
    dead port 1/5 on $pmux $procmux$3435.
    dead port 2/5 on $pmux $procmux$3435.
    dead port 3/5 on $pmux $procmux$3435.
    dead port 4/5 on $pmux $procmux$3435.
    dead port 5/5 on $pmux $procmux$3435.
    dead port 2/2 on $mux $procmux$1800.
    dead port 2/2 on $mux $procmux$1791.
    dead port 2/2 on $mux $procmux$1785.
    dead port 2/2 on $mux $procmux$1783.
    dead port 2/2 on $mux $procmux$1776.
    dead port 2/2 on $mux $procmux$1770.
    dead port 2/2 on $mux $procmux$1768.
    dead port 2/2 on $mux $procmux$1758.
    dead port 1/7 on $pmux $procmux$4345.
    dead port 2/7 on $pmux $procmux$4345.
    dead port 3/7 on $pmux $procmux$4345.
    dead port 4/7 on $pmux $procmux$4345.
    dead port 5/7 on $pmux $procmux$4345.
    dead port 6/7 on $pmux $procmux$4345.
    dead port 7/7 on $pmux $procmux$4345.
    dead port 1/4 on $pmux $procmux$4343.
    dead port 2/4 on $pmux $procmux$4343.
    dead port 3/4 on $pmux $procmux$4343.
    dead port 4/4 on $pmux $procmux$4343.
    dead port 1/5 on $pmux $procmux$4295.
    dead port 2/5 on $pmux $procmux$4295.
    dead port 3/5 on $pmux $procmux$4295.
    dead port 4/5 on $pmux $procmux$4295.
    dead port 5/5 on $pmux $procmux$4295.
    dead port 1/2 on $mux $procmux$4298.
    dead port 2/2 on $mux $procmux$4298.
    dead port 1/3 on $pmux $procmux$4305.
    dead port 2/3 on $pmux $procmux$4305.
    dead port 3/3 on $pmux $procmux$4305.
    dead port 1/3 on $pmux $procmux$4385.
    dead port 2/3 on $pmux $procmux$4385.
    dead port 3/3 on $pmux $procmux$4385.
    dead port 1/2 on $mux $procmux$4414.
    dead port 2/2 on $mux $procmux$4414.
    dead port 1/2 on $mux $procmux$4416.
    dead port 2/2 on $mux $procmux$4416.
    dead port 1/2 on $mux $procmux$4424.
    dead port 2/2 on $mux $procmux$4424.
    dead port 1/2 on $mux $procmux$4322.
    dead port 2/2 on $mux $procmux$4322.
    dead port 1/3 on $pmux $procmux$3386.
    dead port 2/3 on $pmux $procmux$3386.
    dead port 3/3 on $pmux $procmux$3386.
    dead port 1/3 on $pmux $procmux$3384.
    dead port 2/3 on $pmux $procmux$3384.
    dead port 3/3 on $pmux $procmux$3384.
    dead port 1/2 on $mux $procmux$3378.
    dead port 2/2 on $mux $procmux$3378.
    dead port 1/2 on $mux $procmux$3376.
    dead port 2/2 on $mux $procmux$3376.
    dead port 1/2 on $mux $procmux$3374.
    dead port 2/2 on $mux $procmux$3374.
    dead port 1/4 on $pmux $procmux$3371.
    dead port 2/4 on $pmux $procmux$3371.
    dead port 3/4 on $pmux $procmux$3371.
    dead port 4/4 on $pmux $procmux$3371.
    dead port 1/2 on $mux $procmux$3354.
    dead port 2/2 on $mux $procmux$3354.
    dead port 1/2 on $mux $procmux$3351.
    dead port 2/2 on $mux $procmux$3351.
    dead port 1/2 on $mux $procmux$3348.
    dead port 2/2 on $mux $procmux$3348.
    dead port 1/2 on $mux $procmux$3345.
    dead port 2/2 on $mux $procmux$3345.
    dead port 1/2 on $mux $procmux$3342.
    dead port 2/2 on $mux $procmux$3342.
    dead port 1/2 on $mux $procmux$3339.
    dead port 2/2 on $mux $procmux$3339.
    dead port 1/2 on $mux $procmux$3336.
    dead port 2/2 on $mux $procmux$3336.
    dead port 1/2 on $mux $procmux$3333.
    dead port 2/2 on $mux $procmux$3333.
    dead port 1/8 on $pmux $procmux$3316.
    dead port 2/8 on $pmux $procmux$3316.
    dead port 2/2 on $mux $procmux$3301.
    dead port 1/4 on $pmux $procmux$4268.
    dead port 2/4 on $pmux $procmux$4268.
    dead port 3/4 on $pmux $procmux$4268.
    dead port 4/4 on $pmux $procmux$4268.
    dead port 1/2 on $mux $procmux$4266.
    dead port 2/2 on $mux $procmux$4266.
    dead port 2/2 on $mux $procmux$3292.
    dead port 1/2 on $mux $procmux$4274.
    dead port 2/2 on $mux $procmux$4274.
    dead port 1/2 on $mux $procmux$4282.
    dead port 2/2 on $mux $procmux$4282.
    dead port 1/2 on $mux $procmux$3264.
    dead port 2/2 on $mux $procmux$3264.
    dead port 1/3 on $pmux $procmux$4270.
    dead port 2/3 on $pmux $procmux$4270.
    dead port 3/3 on $pmux $procmux$4270.
    dead port 1/2 on $mux $procmux$4293.
    dead port 2/2 on $mux $procmux$4293.
    dead port 1/4 on $pmux $procmux$4289.
    dead port 2/4 on $pmux $procmux$4289.
    dead port 3/4 on $pmux $procmux$4289.
    dead port 4/4 on $pmux $procmux$4289.
    dead port 1/3 on $pmux $procmux$4286.
    dead port 2/3 on $pmux $procmux$4286.
    dead port 3/3 on $pmux $procmux$4286.
    dead port 1/2 on $mux $procmux$4284.
    dead port 2/2 on $mux $procmux$4284.
    dead port 1/5 on $pmux $procmux$4224.
    dead port 2/5 on $pmux $procmux$4224.
    dead port 3/5 on $pmux $procmux$4224.
    dead port 4/5 on $pmux $procmux$4224.
    dead port 5/5 on $pmux $procmux$4224.
    dead port 1/2 on $mux $procmux$4226.
    dead port 2/2 on $mux $procmux$4226.
    dead port 1/2 on $mux $procmux$4228.
    dead port 2/2 on $mux $procmux$4228.
    dead port 1/2 on $mux $procmux$4230.
    dead port 2/2 on $mux $procmux$4230.
    dead port 1/2 on $mux $procmux$4232.
    dead port 2/2 on $mux $procmux$4232.
    dead port 1/2 on $mux $procmux$4338.
    dead port 2/2 on $mux $procmux$4338.
    dead port 1/2 on $mux $procmux$4336.
    dead port 2/2 on $mux $procmux$4336.
    dead port 1/2 on $mux $procmux$4334.
    dead port 2/2 on $mux $procmux$4334.
    dead port 1/2 on $mux $procmux$4332.
    dead port 2/2 on $mux $procmux$4332.
    dead port 1/5 on $pmux $procmux$4330.
    dead port 2/5 on $pmux $procmux$4330.
    dead port 3/5 on $pmux $procmux$4330.
    dead port 4/5 on $pmux $procmux$4330.
    dead port 5/5 on $pmux $procmux$4330.
    dead port 1/4 on $pmux $procmux$4237.
    dead port 2/4 on $pmux $procmux$4237.
    dead port 3/4 on $pmux $procmux$4237.
    dead port 4/4 on $pmux $procmux$4237.
    dead port 1/7 on $pmux $procmux$4239.
    dead port 2/7 on $pmux $procmux$4239.
    dead port 3/7 on $pmux $procmux$4239.
    dead port 4/7 on $pmux $procmux$4239.
    dead port 5/7 on $pmux $procmux$4239.
    dead port 6/7 on $pmux $procmux$4239.
    dead port 7/7 on $pmux $procmux$4239.
    dead port 1/2 on $mux $ternary$../rtl/cpu/picorv32.v:491$1036.
    dead port 2/2 on $mux $ternary$../rtl/cpu/picorv32.v:491$1036.
    dead port 1/2 on $mux $procmux$4242.
    dead port 2/2 on $mux $procmux$4242.
    dead port 1/2 on $mux $procmux$4244.
    dead port 2/2 on $mux $procmux$4244.
    dead port 1/2 on $mux $procmux$4320.
    dead port 2/2 on $mux $procmux$4320.
    dead port 1/2 on $mux $procmux$4246.
    dead port 2/2 on $mux $procmux$4246.
    dead port 1/2 on $mux $procmux$4248.
    dead port 2/2 on $mux $procmux$4248.
    dead port 1/2 on $mux $ternary$../rtl/cpu/picorv32.v:381$995.
    dead port 2/2 on $mux $ternary$../rtl/cpu/picorv32.v:381$995.
    dead port 1/2 on $mux $procmux$4318.
    dead port 2/2 on $mux $procmux$4318.
    dead port 1/2 on $mux $procmux$4350.
    dead port 2/2 on $mux $procmux$4350.
    dead port 1/2 on $mux $procmux$4348.
    dead port 2/2 on $mux $procmux$4348.
    dead port 1/2 on $mux $ternary$../rtl/cpu/picorv32.v:363$959.
    dead port 2/2 on $mux $ternary$../rtl/cpu/picorv32.v:363$959.
    dead port 1/4 on $pmux $procmux$4257.
    dead port 2/4 on $pmux $procmux$4257.
    dead port 3/4 on $pmux $procmux$4257.
    dead port 4/4 on $pmux $procmux$4257.
Running muxtree optimizer on module \mini_soc_top..
  Creating internal representation of mux trees.
  No muxes found in this module.
Removed 485 multiplexer ports.
<suppressed ~210 debug messages>

12.4. Executing OPT_REDUCE pass (consolidate $*mux and $reduce_* inputs).
  Optimizing cells in module \timer_periph.
  Optimizing cells in module \uart_periph.
  Optimizing cells in module \data_mem.
  Optimizing cells in module \instr_mem.
  Optimizing cells in module \simple_interconnect.
  Optimizing cells in module $paramod$ce97735b3e205300b7cc20b49638b23e37b300ee\picorv32.
    New ctrl vector for $pmux cell $procmux$2439: { \is_slli_srli_srai $auto$opt_reduce.cc:134:opt_pmux$4656 }
    New ctrl vector for $pmux cell $procmux$2399: { $reduce_or$../rtl/cpu/picorv32.v:688$1083_Y $auto$opt_reduce.cc:134:opt_pmux$4658 \instr_retirq \instr_maskirq \instr_timer }
    New ctrl vector for $pmux cell $procmux$2876: $auto$opt_reduce.cc:134:opt_pmux$4660
    New ctrl vector for $pmux cell $procmux$2379: { $procmux$3251_CMP $procmux$3247_CMP $procmux$2904_CMP $procmux$3156_CMP $procmux$3132_CMP }
    New ctrl vector for $pmux cell $procmux$2352: $auto$opt_reduce.cc:134:opt_pmux$4662
    New ctrl vector for $pmux cell $procmux$2333: $procmux$3247_CMP
    New ctrl vector for $pmux cell $procmux$2843: $auto$opt_reduce.cc:134:opt_pmux$4664
    New ctrl vector for $pmux cell $procmux$2310: $auto$opt_reduce.cc:134:opt_pmux$4666
    New ctrl vector for $pmux cell $procmux$2925: { $logic_and$../rtl/cpu/picorv32.v:1696$1509_Y $auto$opt_reduce.cc:134:opt_pmux$4670 $auto$opt_reduce.cc:134:opt_pmux$4668 }
    New ctrl vector for $pmux cell $procmux$2824: $auto$opt_reduce.cc:134:opt_pmux$4672
    New ctrl vector for $pmux cell $procmux$2162: { $procmux$2904_CMP $auto$opt_reduce.cc:134:opt_pmux$4674 }
    New ctrl vector for $pmux cell $procmux$2149: { $auto$opt_reduce.cc:134:opt_pmux$4676 $procmux$3132_CMP }
    New ctrl vector for $pmux cell $procmux$2136: { $procmux$3139_CMP $auto$opt_reduce.cc:134:opt_pmux$4678 }
    New ctrl vector for $pmux cell $procmux$2791: $auto$opt_reduce.cc:134:opt_pmux$4680
    New ctrl vector for $pmux cell $procmux$2727: { $logic_not$../rtl/cpu/picorv32.v:679$1081_Y $auto$opt_reduce.cc:134:opt_pmux$4684 $logic_and$../rtl/cpu/picorv32.v:1696$1509_Y \is_slli_srli_srai $auto$opt_reduce.cc:134:opt_pmux$4682 }
    New ctrl vector for $pmux cell $procmux$1855: { $procmux$3251_CMP $auto$opt_reduce.cc:134:opt_pmux$4686 }
    New ctrl vector for $pmux cell $procmux$1832: { $procmux$3251_CMP $procmux$3247_CMP $auto$opt_reduce.cc:134:opt_pmux$4688 }
    New ctrl vector for $pmux cell $procmux$1810: { $procmux$3251_CMP $auto$opt_reduce.cc:134:opt_pmux$4690 }
    New ctrl vector for $pmux cell $procmux$2644: $auto$opt_reduce.cc:134:opt_pmux$4692
    New ctrl vector for $pmux cell $procmux$2621: { $procmux$3251_CMP $procmux$3247_CMP $procmux$2904_CMP $auto$opt_reduce.cc:134:opt_pmux$4694 }
    New ctrl vector for $pmux cell $procmux$3287: $auto$opt_reduce.cc:134:opt_pmux$4696
    Consolidated identical input bits for $mux cell $procmux$3277:
      Old ports: A=0, B=32'11111111111111111111111111111111, Y=$procmux$3277_Y
      New ports: A=1'0, B=1'1, Y=$procmux$3277_Y [0]
      New connections: $procmux$3277_Y [31:1] = { $procmux$3277_Y [0] $procmux$3277_Y [0] $procmux$3277_Y [0] $procmux$3277_Y [0] $procmux$3277_Y [0] $procmux$3277_Y [0] $procmux$3277_Y [0] $procmux$3277_Y [0] $procmux$3277_Y [0] $procmux$3277_Y [0] $procmux$3277_Y [0] $procmux$3277_Y [0] $procmux$3277_Y [0] $procmux$3277_Y [0] $procmux$3277_Y [0] $procmux$3277_Y [0] $procmux$3277_Y [0] $procmux$3277_Y [0] $procmux$3277_Y [0] $procmux$3277_Y [0] $procmux$3277_Y [0] $procmux$3277_Y [0] $procmux$3277_Y [0] $procmux$3277_Y [0] $procmux$3277_Y [0] $procmux$3277_Y [0] $procmux$3277_Y [0] $procmux$3277_Y [0] $procmux$3277_Y [0] $procmux$3277_Y [0] $procmux$3277_Y [0] }
    New ctrl vector for $pmux cell $procmux$3161: { \is_lui_auipc_jal $auto$opt_reduce.cc:134:opt_pmux$4698 }
    New ctrl vector for $pmux cell $procmux$2899: { $procmux$3251_CMP $procmux$3247_CMP $procmux$3272_CMP $procmux$3156_CMP }
    New ctrl vector for $pmux cell $procmux$3108: { $auto$opt_reduce.cc:134:opt_pmux$4702 $auto$opt_reduce.cc:134:opt_pmux$4700 }
    New input vector for $reduce_or cell $auto$opt_reduce.cc:128:opt_pmux$4663: { $logic_and$../rtl/cpu/picorv32.v:1696$1509_Y $logic_not$../rtl/cpu/picorv32.v:679$1081_Y \is_jalr_addi_slti_sltiu_xori_ori_andi \is_slli_srli_srai \is_lui_auipc_jal \instr_timer \instr_maskirq \instr_retirq \instr_setq \instr_getq \instr_rdinstrh \instr_rdinstr \instr_rdcycleh \instr_rdcycle }
    New input vector for $reduce_or cell $auto$opt_reduce.cc:128:opt_pmux$4665: { $logic_and$../rtl/cpu/picorv32.v:1696$1509_Y $logic_not$../rtl/cpu/picorv32.v:679$1081_Y \is_jalr_addi_slti_sltiu_xori_ori_andi \is_slli_srli_srai \is_lui_auipc_jal \instr_timer \instr_maskirq \instr_retirq \instr_setq \instr_getq \instr_rdinstrh \instr_rdinstr \instr_rdcycleh \instr_rdcycle }
    New input vector for $reduce_or cell $auto$opt_reduce.cc:128:opt_pmux$4659: { $logic_not$../rtl/cpu/picorv32.v:679$1081_Y \is_lui_auipc_jal \instr_rdinstrh \instr_rdinstr \instr_rdcycleh \instr_rdcycle }
    New input vector for $reduce_or cell $auto$opt_reduce.cc:128:opt_pmux$4661: { $logic_and$../rtl/cpu/picorv32.v:1696$1509_Y $logic_not$../rtl/cpu/picorv32.v:679$1081_Y \is_jalr_addi_slti_sltiu_xori_ori_andi \is_slli_srli_srai \is_lui_auipc_jal \instr_timer \instr_maskirq \instr_retirq \instr_setq \instr_getq \instr_rdinstrh \instr_rdinstr \instr_rdcycleh \instr_rdcycle }
    New input vector for $reduce_or cell $auto$opt_reduce.cc:128:opt_pmux$4655: { $logic_and$../rtl/cpu/picorv32.v:1696$1509_Y $logic_not$../rtl/cpu/picorv32.v:679$1081_Y \is_jalr_addi_slti_sltiu_xori_ori_andi \is_lui_auipc_jal \instr_timer \instr_maskirq \instr_retirq \instr_setq \instr_getq \instr_rdinstrh \instr_rdinstr \instr_rdcycleh \instr_rdcycle }
    New input vector for $reduce_or cell $auto$opt_reduce.cc:128:opt_pmux$4669: { $logic_not$../rtl/cpu/picorv32.v:679$1081_Y \is_slli_srli_srai \instr_timer \instr_maskirq \instr_retirq \instr_setq \instr_getq \instr_rdinstrh \instr_rdinstr \instr_rdcycleh \instr_rdcycle }
    New input vector for $reduce_or cell $auto$opt_reduce.cc:128:opt_pmux$4671: { $logic_not$../rtl/cpu/picorv32.v:679$1081_Y \is_lui_auipc_jal \instr_rdinstrh \instr_rdinstr \instr_rdcycleh \instr_rdcycle }
    New input vector for $reduce_or cell $auto$opt_reduce.cc:128:opt_pmux$4679: { $logic_and$../rtl/cpu/picorv32.v:1696$1509_Y $logic_not$../rtl/cpu/picorv32.v:679$1081_Y \is_jalr_addi_slti_sltiu_xori_ori_andi \is_slli_srli_srai \is_lui_auipc_jal \instr_timer \instr_maskirq \instr_retirq \instr_setq \instr_getq \instr_rdinstrh \instr_rdinstr \instr_rdcycleh \instr_rdcycle }
    New input vector for $reduce_or cell $auto$opt_reduce.cc:128:opt_pmux$4683: { \instr_timer \instr_maskirq \instr_retirq \instr_setq \instr_getq \instr_rdinstrh \instr_rdinstr \instr_rdcycleh \instr_rdcycle }
    New input vector for $reduce_or cell $auto$opt_reduce.cc:128:opt_pmux$4691: { \instr_timer \instr_maskirq \instr_retirq \instr_setq \instr_getq \instr_rdinstrh \instr_rdinstr \instr_rdcycleh \instr_rdcycle }
    New input vector for $reduce_or cell $auto$opt_reduce.cc:128:opt_pmux$4697: { $logic_not$../rtl/cpu/picorv32.v:679$1081_Y \instr_timer \instr_maskirq \instr_retirq \instr_setq \instr_getq \instr_rdinstrh \instr_rdinstr \instr_rdcycleh \instr_rdcycle }
    New input vector for $reduce_or cell $auto$opt_reduce.cc:128:opt_pmux$4701: { $logic_and$../rtl/cpu/picorv32.v:1696$1509_Y $logic_not$../rtl/cpu/picorv32.v:679$1081_Y \is_slli_srli_srai \instr_timer \instr_maskirq \instr_retirq \instr_setq \instr_getq \instr_rdinstrh \instr_rdinstr \instr_rdcycleh \instr_rdcycle }
  Optimizing cells in module $paramod$ce97735b3e205300b7cc20b49638b23e37b300ee\picorv32.
  Optimizing cells in module \mini_soc_top.
Performed a total of 47 changes.

12.5. Executing OPT_MERGE pass (detect identical cells).
Finding identical cells in module `\timer_periph'.
Finding identical cells in module `\uart_periph'.
Finding identical cells in module `\data_mem'.
Finding identical cells in module `\instr_mem'.
Finding identical cells in module `\simple_interconnect'.
Finding identical cells in module `$paramod$ce97735b3e205300b7cc20b49638b23e37b300ee\picorv32'.
<suppressed ~78 debug messages>
Finding identical cells in module `\mini_soc_top'.
Removed a total of 26 cells.

12.6. Executing OPT_DFF pass (perform DFF optimizations).
Adding SRST signal on $procdff$4486 ($dff) from module timer_periph (D = $procmux$1640_Y, Q = \irq, rval = 1'0).
Adding EN signal on $auto$ff.cc:266:slice$4703 ($sdff) from module timer_periph (D = $procmux$1640_Y, Q = \irq).
Adding SRST signal on $procdff$4487 ($dff) from module timer_periph (D = $procmux$1630_Y, Q = \compare_reg, rval = 32'11111111111111111111111111111111).
Adding EN signal on $auto$ff.cc:266:slice$4711 ($sdff) from module timer_periph (D = \wdata, Q = \compare_reg).
Adding SRST signal on $procdff$4488 ($dff) from module timer_periph (D = $add$../rtl/peripherals/timer.v:37$917_Y, Q = \count_reg, rval = 0).
Adding SRST signal on $procdff$4491 ($dff) from module uart_periph (D = $procmux$1692_Y [3:1], Q = \tx_state [3:1], rval = 3'000).
Adding SRST signal on $procdff$4491 ($dff) from module uart_periph (D = $procmux$1695_Y [0], Q = \tx_state [0], rval = 1'0).
Adding EN signal on $auto$ff.cc:266:slice$4721 ($sdff) from module uart_periph (D = $procmux$1695_Y [0], Q = \tx_state [0]).
Adding EN signal on $auto$ff.cc:266:slice$4716 ($sdff) from module uart_periph (D = $procmux$1690_Y [3:1], Q = \tx_state [3:1]).
Adding SRST signal on $procdff$4492 ($dff) from module uart_periph (D = $procmux$1680_Y, Q = \tx_data, rval = 8'00000000).
Adding EN signal on $auto$ff.cc:266:slice$4734 ($sdff) from module uart_periph (D = \wdata [7:0], Q = \tx_data).
Adding SRST signal on $procdff$4490 ($dff) from module uart_periph (D = $procmux$1659_Y, Q = \baud_restart, rval = 1'0).
Adding SRST signal on $procdff$4493 ($dff) from module uart_periph (D = $procmux$1671_Y, Q = \bit_idx, rval = 4'0000).
Adding EN signal on $auto$ff.cc:266:slice$4737 ($sdff) from module uart_periph (D = $add$../rtl/peripherals/uart.v:55$910_Y, Q = \bit_idx).
Adding SRST signal on $procdff$4494 ($dff) from module uart_periph (D = $add$../rtl/peripherals/uart.v:23$900_Y, Q = \baud_counter, rval = 16'0000000000000000).
Adding SRST signal on $procdff$4489 ($dff) from module uart_periph (D = $procmux$1707_Y, Q = \tx, rval = 1'1).
Adding EN signal on $auto$ff.cc:266:slice$4748 ($sdff) from module uart_periph (D = $procmux$1707_Y, Q = \tx).
Adding SRST signal on $procdff$4563 ($dff) from module $paramod$ce97735b3e205300b7cc20b49638b23e37b300ee\picorv32 (D = $procmux$3806_Y, Q = \instr_blt, rval = 1'0).
Adding EN signal on $auto$ff.cc:266:slice$4756 ($sdff) from module $paramod$ce97735b3e205300b7cc20b49638b23e37b300ee\picorv32 (D = $logic_and$../rtl/cpu/picorv32.v:1042$1176_Y, Q = \instr_blt).
Adding SRST signal on $procdff$4562 ($dff) from module $paramod$ce97735b3e205300b7cc20b49638b23e37b300ee\picorv32 (D = $procmux$3810_Y, Q = \instr_bne, rval = 1'0).
Adding EN signal on $auto$ff.cc:266:slice$4758 ($sdff) from module $paramod$ce97735b3e205300b7cc20b49638b23e37b300ee\picorv32 (D = $logic_and$../rtl/cpu/picorv32.v:1041$1174_Y, Q = \instr_bne).
Adding SRST signal on $procdff$4561 ($dff) from module $paramod$ce97735b3e205300b7cc20b49638b23e37b300ee\picorv32 (D = $procmux$3814_Y, Q = \instr_beq, rval = 1'0).
Adding EN signal on $auto$ff.cc:266:slice$4760 ($sdff) from module $paramod$ce97735b3e205300b7cc20b49638b23e37b300ee\picorv32 (D = $logic_and$../rtl/cpu/picorv32.v:1040$1172_Y, Q = \instr_beq).
Adding EN signal on $procdff$4560 ($dff) from module $paramod$ce97735b3e205300b7cc20b49638b23e37b300ee\picorv32 (D = $procmux$3827_Y, Q = \instr_jalr).
Adding EN signal on $procdff$4651 ($dff) from module $paramod$ce97735b3e205300b7cc20b49638b23e37b300ee\picorv32 (D = \mem_rdata [6:0], Q = \mem_rdata_q [6:0]).
Adding SRST signal on $procdff$4648 ($dff) from module $paramod$ce97735b3e205300b7cc20b49638b23e37b300ee\picorv32 (D = $procmux$4125_Y, Q = \prefetched_high_word, rval = 1'0).
Adding SRST signal on $procdff$4647 ($dff) from module $paramod$ce97735b3e205300b7cc20b49638b23e37b300ee\picorv32 (D = $procmux$4139_Y, Q = \mem_la_secondword, rval = 1'0).
Adding EN signal on $auto$ff.cc:266:slice$4768 ($sdff) from module $paramod$ce97735b3e205300b7cc20b49638b23e37b300ee\picorv32 (D = 1'0, Q = \mem_la_secondword).
Adding EN signal on $procdff$4646 ($dff) from module $paramod$ce97735b3e205300b7cc20b49638b23e37b300ee\picorv32 (D = $procmux$4165_Y, Q = \mem_state).
Adding EN signal on $procdff$4645 ($dff) from module $paramod$ce97735b3e205300b7cc20b49638b23e37b300ee\picorv32 (D = $procmux$4174_Y, Q = \mem_wstrb).
Adding EN signal on $procdff$4644 ($dff) from module $paramod$ce97735b3e205300b7cc20b49638b23e37b300ee\picorv32 (D = \mem_la_wdata, Q = \mem_wdata).
Adding EN signal on $procdff$4643 ($dff) from module $paramod$ce97735b3e205300b7cc20b49638b23e37b300ee\picorv32 (D = $ternary$../rtl/cpu/picorv32.v:382$1005_Y, Q = \mem_addr).
Adding EN signal on $procdff$4642 ($dff) from module $paramod$ce97735b3e205300b7cc20b49638b23e37b300ee\picorv32 (D = $procmux$4194_Y, Q = \mem_instr).
Adding SRST signal on $auto$ff.cc:266:slice$4798 ($dffe) from module $paramod$ce97735b3e205300b7cc20b49638b23e37b300ee\picorv32 (D = $procmux$4192_Y, Q = \mem_instr, rval = 1'0).
Adding SRST signal on $procdff$4634 ($dff) from module $paramod$ce97735b3e205300b7cc20b49638b23e37b300ee\picorv32 (D = $procmux$3943_Y, Q = \dbg_valid_insn, rval = 1'0).
Adding EN signal on $auto$ff.cc:266:slice$4806 ($sdff) from module $paramod$ce97735b3e205300b7cc20b49638b23e37b300ee\picorv32 (D = 1'1, Q = \dbg_valid_insn).
Adding EN signal on $procdff$4640 ($dff) from module $paramod$ce97735b3e205300b7cc20b49638b23e37b300ee\picorv32 (D = \decoded_rd [4:0], Q = \cached_insn_rd).
Adding EN signal on $procdff$4641 ($dff) from module $paramod$ce97735b3e205300b7cc20b49638b23e37b300ee\picorv32 (D = $procmux$4220_Y, Q = \mem_valid).
Adding EN signal on $procdff$4639 ($dff) from module $paramod$ce97735b3e205300b7cc20b49638b23e37b300ee\picorv32 (D = \decoded_rs2, Q = \cached_insn_rs2).
Adding EN signal on $procdff$4638 ($dff) from module $paramod$ce97735b3e205300b7cc20b49638b23e37b300ee\picorv32 (D = \decoded_rs1 [4:0], Q = \cached_insn_rs1).
Adding EN signal on $procdff$4637 ($dff) from module $paramod$ce97735b3e205300b7cc20b49638b23e37b300ee\picorv32 (D = $procmux$3935_Y, Q = \cached_insn_opcode).
Adding EN signal on $procdff$4636 ($dff) from module $paramod$ce97735b3e205300b7cc20b49638b23e37b300ee\picorv32 (D = \decoded_imm, Q = \cached_insn_imm).
Adding EN signal on $procdff$4635 ($dff) from module $paramod$ce97735b3e205300b7cc20b49638b23e37b300ee\picorv32 (D = \new_ascii_instr, Q = \cached_ascii_instr).
Adding EN signal on $procdff$4606 ($dff) from module $paramod$ce97735b3e205300b7cc20b49638b23e37b300ee\picorv32 (D = $procmux$3678_Y, Q = \decoded_rd).
Adding SRST signal on $procdff$4510 ($dff) from module $paramod$ce97735b3e205300b7cc20b49638b23e37b300ee\picorv32 (D = $procmux$2379_Y, Q = \reg_out, rval = 66560).
Adding EN signal on $procdff$4509 ($dff) from module $paramod$ce97735b3e205300b7cc20b49638b23e37b300ee\picorv32 (D = $procmux$3105_Y, Q = \reg_op2).
Adding SRST signal on $procdff$4512 ($dff) from module $paramod$ce97735b3e205300b7cc20b49638b23e37b300ee\picorv32 (D = $procmux$3095_Y, Q = \irq_delay, rval = 1'0).
Adding EN signal on $auto$ff.cc:266:slice$4830 ($sdff) from module $paramod$ce97735b3e205300b7cc20b49638b23e37b300ee\picorv32 (D = \irq_active, Q = \irq_delay).
Adding SRST signal on $procdff$4505 ($dff) from module $paramod$ce97735b3e205300b7cc20b49638b23e37b300ee\picorv32 (D = $procmux$3227_Y, Q = \count_instr, rval = 64'0000000000000000000000000000000000000000000000000000000000000000).
Adding EN signal on $auto$ff.cc:266:slice$4838 ($sdff) from module $paramod$ce97735b3e205300b7cc20b49638b23e37b300ee\picorv32 (D = $add$../rtl/cpu/picorv32.v:1564$1486_Y, Q = \count_instr).
Adding EN signal on $procdff$4630 ($dff) from module $paramod$ce97735b3e205300b7cc20b49638b23e37b300ee\picorv32 (D = $2\dbg_insn_rs1[4:0], Q = \q_insn_rs1).
Adding EN signal on $procdff$4627 ($dff) from module $paramod$ce97735b3e205300b7cc20b49638b23e37b300ee\picorv32 (D = $2\dbg_ascii_instr[63:0], Q = \q_ascii_instr).
Adding EN signal on $procdff$4626 ($dff) from module $paramod$ce97735b3e205300b7cc20b49638b23e37b300ee\picorv32 (D = $ternary$../rtl/cpu/picorv32.v:1213$1365_Y, Q = \dbg_insn_addr).
Adding SRST signal on $procdff$4625 ($dff) from module $paramod$ce97735b3e205300b7cc20b49638b23e37b300ee\picorv32 (D = $reduce_or$../rtl/cpu/picorv32.v:864$1097_Y, Q = \is_compare, rval = 1'0).
Adding EN signal on $procdff$4624 ($dff) from module $paramod$ce97735b3e205300b7cc20b49638b23e37b300ee\picorv32 (D = $procmux$3500_Y, Q = \is_alu_reg_reg).
Adding EN signal on $procdff$4623 ($dff) from module $paramod$ce97735b3e205300b7cc20b49638b23e37b300ee\picorv32 (D = $procmux$3536_Y, Q = \is_alu_reg_imm).
Adding EN signal on $procdff$4650 ($dff) from module $paramod$ce97735b3e205300b7cc20b49638b23e37b300ee\picorv32 (D = \mem_rdata, Q = \next_insn_opcode).
Adding EN signal on $procdff$4629 ($dff) from module $paramod$ce97735b3e205300b7cc20b49638b23e37b300ee\picorv32 (D = $2\dbg_insn_opcode[31:0], Q = \q_insn_opcode).
Adding EN signal on $procdff$4628 ($dff) from module $paramod$ce97735b3e205300b7cc20b49638b23e37b300ee\picorv32 (D = $2\dbg_insn_imm[31:0], Q = \q_insn_imm).
Adding EN signal on $procdff$4632 ($dff) from module $paramod$ce97735b3e205300b7cc20b49638b23e37b300ee\picorv32 (D = $2\dbg_insn_rd[4:0], Q = \q_insn_rd).
Adding EN signal on $procdff$4631 ($dff) from module $paramod$ce97735b3e205300b7cc20b49638b23e37b300ee\picorv32 (D = $2\dbg_insn_rs2[4:0], Q = \q_insn_rs2).
Adding SRST signal on $procdff$4513 ($dff) from module $paramod$ce97735b3e205300b7cc20b49638b23e37b300ee\picorv32 (D = $procmux$3070_Y, Q = \irq_active, rval = 1'0).
Adding EN signal on $auto$ff.cc:266:slice$4861 ($sdff) from module $paramod$ce97735b3e205300b7cc20b49638b23e37b300ee\picorv32 (D = $procmux$3070_Y, Q = \irq_active).
Adding SRST signal on $procdff$4507 ($dff) from module $paramod$ce97735b3e205300b7cc20b49638b23e37b300ee\picorv32 (D = $procmux$3195_Y, Q = \reg_next_pc, rval = 0).
Adding EN signal on $auto$ff.cc:266:slice$4871 ($sdff) from module $paramod$ce97735b3e205300b7cc20b49638b23e37b300ee\picorv32 (D = $procmux$3193_Y, Q = \reg_next_pc).
Adding SRST signal on $procdff$4618 ($dff) from module $paramod$ce97735b3e205300b7cc20b49638b23e37b300ee\picorv32 (D = $reduce_or$../rtl/cpu/picorv32.v:860$1093_Y, Q = \is_lui_auipc_jal_jalr_addi_add_sub, rval = 1'0).
Adding SRST signal on $procdff$4539 ($dff) from module $paramod$ce97735b3e205300b7cc20b49638b23e37b300ee\picorv32 (D = $procmux$2548_Y, Q = \latched_trace, rval = 1'0).
Adding SRST signal on $procdff$4541 ($dff) from module $paramod$ce97735b3e205300b7cc20b49638b23e37b300ee\picorv32 (D = $procmux$2520_Y, Q = \latched_is_lh, rval = 1'0).
Adding EN signal on $auto$ff.cc:266:slice$4875 ($sdff) from module $paramod$ce97735b3e205300b7cc20b49638b23e37b300ee\picorv32 (D = $procmux$2520_Y, Q = \latched_is_lh).
Adding SRST signal on $procdff$4531 ($dff) from module $paramod$ce97735b3e205300b7cc20b49638b23e37b300ee\picorv32 (D = $procmux$2675_Y, Q = \irq_state, rval = 2'00).
Adding EN signal on $auto$ff.cc:266:slice$4885 ($sdff) from module $paramod$ce97735b3e205300b7cc20b49638b23e37b300ee\picorv32 (D = $ternary$../rtl/cpu/picorv32.v:1540$1476_Y, Q = \irq_state).
Adding SRST signal on $procdff$4584 ($dff) from module $paramod$ce97735b3e205300b7cc20b49638b23e37b300ee\picorv32 (D = $procmux$3744_Y, Q = \instr_add, rval = 1'0).
Adding EN signal on $auto$ff.cc:266:slice$4889 ($sdff) from module $paramod$ce97735b3e205300b7cc20b49638b23e37b300ee\picorv32 (D = $logic_and$../rtl/cpu/picorv32.v:1068$1226_Y, Q = \instr_add).
Adding SRST signal on $procdff$4543 ($dff) from module $paramod$ce97735b3e205300b7cc20b49638b23e37b300ee\picorv32 (D = $procmux$2481_Y, Q = \latched_rd, rval = 6'000010).
Adding EN signal on $auto$ff.cc:266:slice$4891 ($sdff) from module $paramod$ce97735b3e205300b7cc20b49638b23e37b300ee\picorv32 (D = $procmux$2481_Y [4:0], Q = \latched_rd [4:0]).
Adding EN signal on $auto$ff.cc:266:slice$4891 ($sdff) from module $paramod$ce97735b3e205300b7cc20b49638b23e37b300ee\picorv32 (D = $procmux$2481_Y [5], Q = \latched_rd [5]).
Adding EN signal on $procdff$4538 ($dff) from module $paramod$ce97735b3e205300b7cc20b49638b23e37b300ee\picorv32 (D = \compressed_instr, Q = \latched_compr).
Adding SRST signal on $procdff$4537 ($dff) from module $paramod$ce97735b3e205300b7cc20b49638b23e37b300ee\picorv32 (D = $procmux$2578_Y, Q = \latched_branch, rval = 1'0).
Adding EN signal on $auto$ff.cc:266:slice$4917 ($sdff) from module $paramod$ce97735b3e205300b7cc20b49638b23e37b300ee\picorv32 (D = $procmux$2578_Y, Q = \latched_branch).
Adding SRST signal on $procdff$4585 ($dff) from module $paramod$ce97735b3e205300b7cc20b49638b23e37b300ee\picorv32 (D = $procmux$3740_Y, Q = \instr_sub, rval = 1'0).
Adding EN signal on $auto$ff.cc:266:slice$4925 ($sdff) from module $paramod$ce97735b3e205300b7cc20b49638b23e37b300ee\picorv32 (D = $logic_and$../rtl/cpu/picorv32.v:1069$1230_Y, Q = \instr_sub).
Adding EN signal on $procdff$4508 ($dff) from module $paramod$ce97735b3e205300b7cc20b49638b23e37b300ee\picorv32 (D = $procmux$3131_Y [31], Q = \reg_op1 [31]).
Adding EN signal on $procdff$4508 ($dff) from module $paramod$ce97735b3e205300b7cc20b49638b23e37b300ee\picorv32 (D = $procmux$3131_Y [30:0], Q = \reg_op1 [30:0]).
Adding SRST signal on $procdff$4586 ($dff) from module $paramod$ce97735b3e205300b7cc20b49638b23e37b300ee\picorv32 (D = $procmux$3736_Y, Q = \instr_sll, rval = 1'0).
Adding EN signal on $auto$ff.cc:266:slice$4969 ($sdff) from module $paramod$ce97735b3e205300b7cc20b49638b23e37b300ee\picorv32 (D = $logic_and$../rtl/cpu/picorv32.v:1070$1234_Y, Q = \instr_sll).
Adding EN signal on $procdff$4602 ($dff) from module $paramod$ce97735b3e205300b7cc20b49638b23e37b300ee\picorv32 (D = $logic_and$../rtl/cpu/picorv32.v:871$1108_Y, Q = \instr_retirq).
Adding SRST signal on $procdff$4580 ($dff) from module $paramod$ce97735b3e205300b7cc20b49638b23e37b300ee\picorv32 (D = $procmux$3754_Y, Q = \instr_andi, rval = 1'0).
Adding EN signal on $auto$ff.cc:266:slice$4972 ($sdff) from module $paramod$ce97735b3e205300b7cc20b49638b23e37b300ee\picorv32 (D = $logic_and$../rtl/cpu/picorv32.v:1062$1210_Y, Q = \instr_andi).
Adding EN signal on $procdff$4616 ($dff) from module $paramod$ce97735b3e205300b7cc20b49638b23e37b300ee\picorv32 (D = $procmux$3561_Y, Q = \is_sb_sh_sw).
Adding EN signal on $procdff$4614 ($dff) from module $paramod$ce97735b3e205300b7cc20b49638b23e37b300ee\picorv32 (D = $logic_and$../rtl/cpu/picorv32.v:1095$1329_Y, Q = \is_slli_srli_srai).
Adding SRST signal on $procdff$4506 ($dff) from module $paramod$ce97735b3e205300b7cc20b49638b23e37b300ee\picorv32 (D = $procmux$3207_Y, Q = \reg_pc, rval = 0).
Adding EN signal on $auto$ff.cc:266:slice$4976 ($sdff) from module $paramod$ce97735b3e205300b7cc20b49638b23e37b300ee\picorv32 (D = $3\current_pc[31:0], Q = \reg_pc).
Adding EN signal on $procdff$4610 ($dff) from module $paramod$ce97735b3e205300b7cc20b49638b23e37b300ee\picorv32 (D = $procmux$3394_Y, Q = \decoded_imm_j [10]).
Adding EN signal on $procdff$4610 ($dff) from module $paramod$ce97735b3e205300b7cc20b49638b23e37b300ee\picorv32 (D = $procmux$3398_Y, Q = \decoded_imm_j [7]).
Adding EN signal on $procdff$4610 ($dff) from module $paramod$ce97735b3e205300b7cc20b49638b23e37b300ee\picorv32 (D = $procmux$3402_Y, Q = \decoded_imm_j [6]).
Adding EN signal on $procdff$4610 ($dff) from module $paramod$ce97735b3e205300b7cc20b49638b23e37b300ee\picorv32 (D = $procmux$3406_Y, Q = \decoded_imm_j [3:1]).
Adding EN signal on $procdff$4610 ($dff) from module $paramod$ce97735b3e205300b7cc20b49638b23e37b300ee\picorv32 (D = $procmux$3410_Y, Q = \decoded_imm_j [5]).
Adding EN signal on $procdff$4610 ($dff) from module $paramod$ce97735b3e205300b7cc20b49638b23e37b300ee\picorv32 (D = $procmux$3414_Y, Q = \decoded_imm_j [9:8]).
Adding EN signal on $procdff$4610 ($dff) from module $paramod$ce97735b3e205300b7cc20b49638b23e37b300ee\picorv32 (D = $procmux$3418_Y, Q = \decoded_imm_j [31:20]).
Adding EN signal on $procdff$4610 ($dff) from module $paramod$ce97735b3e205300b7cc20b49638b23e37b300ee\picorv32 (D = $procmux$3422_Y, Q = \decoded_imm_j [4]).
Adding EN signal on $procdff$4610 ($dff) from module $paramod$ce97735b3e205300b7cc20b49638b23e37b300ee\picorv32 (D = $procmux$3426_Y, Q = \decoded_imm_j [11]).
Adding EN signal on $procdff$4610 ($dff) from module $paramod$ce97735b3e205300b7cc20b49638b23e37b300ee\picorv32 (D = 1'0, Q = \decoded_imm_j [0]).
Adding EN signal on $procdff$4610 ($dff) from module $paramod$ce97735b3e205300b7cc20b49638b23e37b300ee\picorv32 (D = $procmux$3631_Y, Q = \decoded_imm_j [19:12]).
Adding EN signal on $procdff$4608 ($dff) from module $paramod$ce97735b3e205300b7cc20b49638b23e37b300ee\picorv32 (D = $procmux$3627_Y, Q = \decoded_rs2).
Adding EN signal on $procdff$4604 ($dff) from module $paramod$ce97735b3e205300b7cc20b49638b23e37b300ee\picorv32 (D = $logic_and$../rtl/cpu/picorv32.v:872$1112_Y, Q = \instr_waitirq).
Adding SRST signal on $procdff$4653 ($dff) from module $paramod$ce97735b3e205300b7cc20b49638b23e37b300ee\picorv32 (D = $logic_and$../rtl/cpu/picorv32.v:397$1018_Y, Q = \last_mem_valid, rval = 1'0).
Adding EN signal on $procdff$4568 ($dff) from module $paramod$ce97735b3e205300b7cc20b49638b23e37b300ee\picorv32 (D = $logic_and$../rtl/cpu/picorv32.v:1048$1186_Y, Q = \instr_lh).
Adding SRST signal on $procdff$4514 ($dff) from module $paramod$ce97735b3e205300b7cc20b49638b23e37b300ee\picorv32 (D = $procmux$3051_Y, Q = \irq_mask, rval = 32'11111111111111111111111111111111).
Adding EN signal on $auto$ff.cc:266:slice$4993 ($sdff) from module $paramod$ce97735b3e205300b7cc20b49638b23e37b300ee\picorv32 (D = $or$../rtl/cpu/picorv32.v:1682$1506_Y, Q = \irq_mask).
Adding SRST signal on $procdff$4566 ($dff) from module $paramod$ce97735b3e205300b7cc20b49638b23e37b300ee\picorv32 (D = $procmux$3794_Y, Q = \instr_bgeu, rval = 1'0).
Adding EN signal on $auto$ff.cc:266:slice$4997 ($sdff) from module $paramod$ce97735b3e205300b7cc20b49638b23e37b300ee\picorv32 (D = $logic_and$../rtl/cpu/picorv32.v:1045$1182_Y, Q = \instr_bgeu).
Adding SRST signal on $procdff$4564 ($dff) from module $paramod$ce97735b3e205300b7cc20b49638b23e37b300ee\picorv32 (D = $procmux$3802_Y, Q = \instr_bge, rval = 1'0).
Adding EN signal on $auto$ff.cc:266:slice$4999 ($sdff) from module $paramod$ce97735b3e205300b7cc20b49638b23e37b300ee\picorv32 (D = $logic_and$../rtl/cpu/picorv32.v:1043$1178_Y, Q = \instr_bge).
Adding SRST signal on $procdff$4565 ($dff) from module $paramod$ce97735b3e205300b7cc20b49638b23e37b300ee\picorv32 (D = $procmux$3798_Y, Q = \instr_bltu, rval = 1'0).
Adding EN signal on $auto$ff.cc:266:slice$5001 ($sdff) from module $paramod$ce97735b3e205300b7cc20b49638b23e37b300ee\picorv32 (D = $logic_and$../rtl/cpu/picorv32.v:1044$1180_Y, Q = \instr_bltu).
Adding EN signal on $procdff$4557 ($dff) from module $paramod$ce97735b3e205300b7cc20b49638b23e37b300ee\picorv32 (D = $procmux$3859_Y, Q = \instr_lui).
Adding SRST signal on $procdff$4516 ($dff) from module $paramod$ce97735b3e205300b7cc20b49638b23e37b300ee\picorv32 (D = $procmux$3033_Y, Q = \timer, rval = 0).
Adding EN signal on $procdff$4517 ($dff) from module $paramod$ce97735b3e205300b7cc20b49638b23e37b300ee\picorv32 (D = $procmux$3001_Y, Q = \mem_wordsize).
Adding SRST signal on $procdff$4518 ($dff) from module $paramod$ce97735b3e205300b7cc20b49638b23e37b300ee\picorv32 (D = $procmux$2985_Y, Q = \mem_do_prefetch, rval = 1'0).
Adding EN signal on $auto$ff.cc:266:slice$5022 ($sdff) from module $paramod$ce97735b3e205300b7cc20b49638b23e37b300ee\picorv32 (D = $logic_and$../rtl/cpu/picorv32.v:1573$1490_Y, Q = \mem_do_prefetch).
Adding SRST signal on $procdff$4547 ($dff) from module $paramod$ce97735b3e205300b7cc20b49638b23e37b300ee\picorv32 (D = $procmux$2231_Y, Q = \do_waitirq, rval = 1'0).
Adding SRST signal on $procdff$4519 ($dff) from module $paramod$ce97735b3e205300b7cc20b49638b23e37b300ee\picorv32 (D = $procmux$2960_Y, Q = \mem_do_rinst, rval = 1'1).
Adding EN signal on $auto$ff.cc:266:slice$5041 ($sdff) from module $paramod$ce97735b3e205300b7cc20b49638b23e37b300ee\picorv32 (D = $procmux$2960_Y, Q = \mem_do_rinst).
Adding SRST signal on $procdff$4520 ($dff) from module $paramod$ce97735b3e205300b7cc20b49638b23e37b300ee\picorv32 (D = $procmux$2889_Y, Q = \mem_do_rdata, rval = 1'1).
Adding EN signal on $auto$ff.cc:266:slice$5053 ($sdff) from module $paramod$ce97735b3e205300b7cc20b49638b23e37b300ee\picorv32 (D = 1'0, Q = \mem_do_rdata).
Adding SRST signal on $procdff$4521 ($dff) from module $paramod$ce97735b3e205300b7cc20b49638b23e37b300ee\picorv32 (D = $procmux$2885_Y, Q = \mem_do_wdata, rval = 1'1).
Adding EN signal on $auto$ff.cc:266:slice$5055 ($sdff) from module $paramod$ce97735b3e205300b7cc20b49638b23e37b300ee\picorv32 (D = 1'0, Q = \mem_do_wdata).
Adding EN signal on $procdff$4556 ($dff) from module $paramod$ce97735b3e205300b7cc20b49638b23e37b300ee\picorv32 (D = 32'x, Q = \pcpi_insn).
Adding EN signal on $procdff$4558 ($dff) from module $paramod$ce97735b3e205300b7cc20b49638b23e37b300ee\picorv32 (D = $eq$../rtl/cpu/picorv32.v:868$1100_Y, Q = \instr_auipc).
Adding EN signal on $procdff$4559 ($dff) from module $paramod$ce97735b3e205300b7cc20b49638b23e37b300ee\picorv32 (D = $procmux$3839_Y, Q = \instr_jal).
Adding EN signal on $procdff$4567 ($dff) from module $paramod$ce97735b3e205300b7cc20b49638b23e37b300ee\picorv32 (D = $logic_and$../rtl/cpu/picorv32.v:1047$1184_Y, Q = \instr_lb).
Adding EN signal on $procdff$4569 ($dff) from module $paramod$ce97735b3e205300b7cc20b49638b23e37b300ee\picorv32 (D = $logic_and$../rtl/cpu/picorv32.v:1049$1188_Y, Q = \instr_lw).
Adding EN signal on $procdff$4570 ($dff) from module $paramod$ce97735b3e205300b7cc20b49638b23e37b300ee\picorv32 (D = $logic_and$../rtl/cpu/picorv32.v:1050$1190_Y, Q = \instr_lbu).
Adding SRST signal on $procdff$4524 ($dff) from module $paramod$ce97735b3e205300b7cc20b49638b23e37b300ee\picorv32 (D = $procmux$2249_Y, Q = \decoder_pseudo_trigger, rval = 1'0).
Adding EN signal on $procdff$4571 ($dff) from module $paramod$ce97735b3e205300b7cc20b49638b23e37b300ee\picorv32 (D = $logic_and$../rtl/cpu/picorv32.v:1051$1192_Y, Q = \instr_lhu).
Adding EN signal on $procdff$4572 ($dff) from module $paramod$ce97735b3e205300b7cc20b49638b23e37b300ee\picorv32 (D = $logic_and$../rtl/cpu/picorv32.v:1053$1194_Y, Q = \instr_sb).
Adding EN signal on $procdff$4573 ($dff) from module $paramod$ce97735b3e205300b7cc20b49638b23e37b300ee\picorv32 (D = $logic_and$../rtl/cpu/picorv32.v:1054$1196_Y, Q = \instr_sh).
Adding EN signal on $procdff$4574 ($dff) from module $paramod$ce97735b3e205300b7cc20b49638b23e37b300ee\picorv32 (D = $logic_and$../rtl/cpu/picorv32.v:1055$1198_Y, Q = \instr_sw).
Adding SRST signal on $procdff$4575 ($dff) from module $paramod$ce97735b3e205300b7cc20b49638b23e37b300ee\picorv32 (D = $procmux$3774_Y, Q = \instr_addi, rval = 1'0).
Adding EN signal on $auto$ff.cc:266:slice$5068 ($sdff) from module $paramod$ce97735b3e205300b7cc20b49638b23e37b300ee\picorv32 (D = $logic_and$../rtl/cpu/picorv32.v:1057$1200_Y, Q = \instr_addi).
Adding SRST signal on $procdff$4576 ($dff) from module $paramod$ce97735b3e205300b7cc20b49638b23e37b300ee\picorv32 (D = $procmux$3770_Y, Q = \instr_slti, rval = 1'0).
Adding EN signal on $auto$ff.cc:266:slice$5070 ($sdff) from module $paramod$ce97735b3e205300b7cc20b49638b23e37b300ee\picorv32 (D = $logic_and$../rtl/cpu/picorv32.v:1058$1202_Y, Q = \instr_slti).
Adding SRST signal on $procdff$4577 ($dff) from module $paramod$ce97735b3e205300b7cc20b49638b23e37b300ee\picorv32 (D = $procmux$3766_Y, Q = \instr_sltiu, rval = 1'0).
Adding EN signal on $auto$ff.cc:266:slice$5072 ($sdff) from module $paramod$ce97735b3e205300b7cc20b49638b23e37b300ee\picorv32 (D = $logic_and$../rtl/cpu/picorv32.v:1059$1204_Y, Q = \instr_sltiu).
Adding SRST signal on $procdff$4578 ($dff) from module $paramod$ce97735b3e205300b7cc20b49638b23e37b300ee\picorv32 (D = $procmux$3762_Y, Q = \instr_xori, rval = 1'0).
Adding EN signal on $auto$ff.cc:266:slice$5074 ($sdff) from module $paramod$ce97735b3e205300b7cc20b49638b23e37b300ee\picorv32 (D = $logic_and$../rtl/cpu/picorv32.v:1060$1206_Y, Q = \instr_xori).
Adding SRST signal on $procdff$4579 ($dff) from module $paramod$ce97735b3e205300b7cc20b49638b23e37b300ee\picorv32 (D = $procmux$3758_Y, Q = \instr_ori, rval = 1'0).
Adding EN signal on $auto$ff.cc:266:slice$5076 ($sdff) from module $paramod$ce97735b3e205300b7cc20b49638b23e37b300ee\picorv32 (D = $logic_and$../rtl/cpu/picorv32.v:1061$1208_Y, Q = \instr_ori).
Adding EN signal on $procdff$4581 ($dff) from module $paramod$ce97735b3e205300b7cc20b49638b23e37b300ee\picorv32 (D = $logic_and$../rtl/cpu/picorv32.v:1064$1214_Y, Q = \instr_slli).
Adding SRST signal on $procdff$4540 ($dff) from module $paramod$ce97735b3e205300b7cc20b49638b23e37b300ee\picorv32 (D = $procmux$2533_Y, Q = \latched_is_lu, rval = 1'0).
Adding EN signal on $auto$ff.cc:266:slice$5079 ($sdff) from module $paramod$ce97735b3e205300b7cc20b49638b23e37b300ee\picorv32 (D = $procmux$2533_Y, Q = \latched_is_lu).
Adding SRST signal on $procdff$4542 ($dff) from module $paramod$ce97735b3e205300b7cc20b49638b23e37b300ee\picorv32 (D = $procmux$2507_Y, Q = \latched_is_lb, rval = 1'0).
Adding EN signal on $auto$ff.cc:266:slice$5089 ($sdff) from module $paramod$ce97735b3e205300b7cc20b49638b23e37b300ee\picorv32 (D = $procmux$2507_Y, Q = \latched_is_lb).
Adding EN signal on $procdff$4545 ($dff) from module $paramod$ce97735b3e205300b7cc20b49638b23e37b300ee\picorv32 (D = 1'0, Q = \pcpi_timeout).
Adding SRST signal on $procdff$4587 ($dff) from module $paramod$ce97735b3e205300b7cc20b49638b23e37b300ee\picorv32 (D = $procmux$3732_Y, Q = \instr_slt, rval = 1'0).
Adding EN signal on $auto$ff.cc:266:slice$5100 ($sdff) from module $paramod$ce97735b3e205300b7cc20b49638b23e37b300ee\picorv32 (D = $logic_and$../rtl/cpu/picorv32.v:1071$1238_Y, Q = \instr_slt).
Adding SRST signal on $procdff$4588 ($dff) from module $paramod$ce97735b3e205300b7cc20b49638b23e37b300ee\picorv32 (D = $procmux$3728_Y, Q = \instr_sltu, rval = 1'0).
Adding EN signal on $auto$ff.cc:266:slice$5102 ($sdff) from module $paramod$ce97735b3e205300b7cc20b49638b23e37b300ee\picorv32 (D = $logic_and$../rtl/cpu/picorv32.v:1072$1242_Y, Q = \instr_sltu).
Adding SRST signal on $procdff$4589 ($dff) from module $paramod$ce97735b3e205300b7cc20b49638b23e37b300ee\picorv32 (D = $procmux$3724_Y, Q = \instr_xor, rval = 1'0).
Adding EN signal on $auto$ff.cc:266:slice$5104 ($sdff) from module $paramod$ce97735b3e205300b7cc20b49638b23e37b300ee\picorv32 (D = $logic_and$../rtl/cpu/picorv32.v:1073$1246_Y, Q = \instr_xor).
Adding SRST signal on $procdff$4590 ($dff) from module $paramod$ce97735b3e205300b7cc20b49638b23e37b300ee\picorv32 (D = $procmux$3720_Y, Q = \instr_srl, rval = 1'0).
Adding EN signal on $auto$ff.cc:266:slice$5106 ($sdff) from module $paramod$ce97735b3e205300b7cc20b49638b23e37b300ee\picorv32 (D = $logic_and$../rtl/cpu/picorv32.v:1074$1250_Y, Q = \instr_srl).
Adding SRST signal on $procdff$4591 ($dff) from module $paramod$ce97735b3e205300b7cc20b49638b23e37b300ee\picorv32 (D = $procmux$3716_Y, Q = \instr_sra, rval = 1'0).
Adding EN signal on $auto$ff.cc:266:slice$5108 ($sdff) from module $paramod$ce97735b3e205300b7cc20b49638b23e37b300ee\picorv32 (D = $logic_and$../rtl/cpu/picorv32.v:1075$1254_Y, Q = \instr_sra).
Adding SRST signal on $procdff$4592 ($dff) from module $paramod$ce97735b3e205300b7cc20b49638b23e37b300ee\picorv32 (D = $procmux$3712_Y, Q = \instr_or, rval = 1'0).
Adding EN signal on $auto$ff.cc:266:slice$5110 ($sdff) from module $paramod$ce97735b3e205300b7cc20b49638b23e37b300ee\picorv32 (D = $logic_and$../rtl/cpu/picorv32.v:1076$1258_Y, Q = \instr_or).
Adding SRST signal on $procdff$4593 ($dff) from module $paramod$ce97735b3e205300b7cc20b49638b23e37b300ee\picorv32 (D = $procmux$3708_Y, Q = \instr_and, rval = 1'0).
Adding EN signal on $auto$ff.cc:266:slice$5112 ($sdff) from module $paramod$ce97735b3e205300b7cc20b49638b23e37b300ee\picorv32 (D = $logic_and$../rtl/cpu/picorv32.v:1077$1262_Y, Q = \instr_and).
Adding EN signal on $procdff$4594 ($dff) from module $paramod$ce97735b3e205300b7cc20b49638b23e37b300ee\picorv32 (D = $logic_and$../rtl/cpu/picorv32.v:1079$1270_Y, Q = \instr_rdcycle).
Adding EN signal on $procdff$4595 ($dff) from module $paramod$ce97735b3e205300b7cc20b49638b23e37b300ee\picorv32 (D = $logic_and$../rtl/cpu/picorv32.v:1081$1279_Y, Q = \instr_rdcycleh).
Adding EN signal on $procdff$4596 ($dff) from module $paramod$ce97735b3e205300b7cc20b49638b23e37b300ee\picorv32 (D = $logic_and$../rtl/cpu/picorv32.v:1083$1283_Y, Q = \instr_rdinstr).
Adding EN signal on $procdff$4597 ($dff) from module $paramod$ce97735b3e205300b7cc20b49638b23e37b300ee\picorv32 (D = $logic_and$../rtl/cpu/picorv32.v:1084$1288_Y, Q = \instr_rdinstrh).
Adding EN signal on $procdff$4598 ($dff) from module $paramod$ce97735b3e205300b7cc20b49638b23e37b300ee\picorv32 (D = $logic_or$../rtl/cpu/picorv32.v:1086$1296_Y, Q = \instr_ecall_ebreak).
Adding SRST signal on $procdff$4599 ($dff) from module $paramod$ce97735b3e205300b7cc20b49638b23e37b300ee\picorv32 (D = $procmux$3694_Y, Q = \instr_fence, rval = 1'0).
Adding EN signal on $auto$ff.cc:266:slice$5119 ($sdff) from module $paramod$ce97735b3e205300b7cc20b49638b23e37b300ee\picorv32 (D = $logic_and$../rtl/cpu/picorv32.v:1088$1299_Y, Q = \instr_fence).
Adding SRST signal on $procdff$4536 ($dff) from module $paramod$ce97735b3e205300b7cc20b49638b23e37b300ee\picorv32 (D = $procmux$2614_Y, Q = \latched_stalu, rval = 1'0).
Adding EN signal on $auto$ff.cc:266:slice$5121 ($sdff) from module $paramod$ce97735b3e205300b7cc20b49638b23e37b300ee\picorv32 (D = $procmux$2614_Y, Q = \latched_stalu).
Adding SRST signal on $procdff$4535 ($dff) from module $paramod$ce97735b3e205300b7cc20b49638b23e37b300ee\picorv32 (D = $procmux$2621_Y, Q = \latched_store, rval = 1'1).
Adding EN signal on $auto$ff.cc:266:slice$5129 ($sdff) from module $paramod$ce97735b3e205300b7cc20b49638b23e37b300ee\picorv32 (D = $procmux$2621_Y, Q = \latched_store).
Adding EN signal on $procdff$4583 ($dff) from module $paramod$ce97735b3e205300b7cc20b49638b23e37b300ee\picorv32 (D = $logic_and$../rtl/cpu/picorv32.v:1066$1222_Y, Q = \instr_srai).
Adding EN signal on $procdff$4600 ($dff) from module $paramod$ce97735b3e205300b7cc20b49638b23e37b300ee\picorv32 (D = $logic_and$../rtl/cpu/picorv32.v:1090$1304_Y, Q = \instr_getq).
Adding EN signal on $procdff$4582 ($dff) from module $paramod$ce97735b3e205300b7cc20b49638b23e37b300ee\picorv32 (D = $logic_and$../rtl/cpu/picorv32.v:1065$1218_Y, Q = \instr_srli).
Adding SRST signal on $procdff$4621 ($dff) from module $paramod$ce97735b3e205300b7cc20b49638b23e37b300ee\picorv32 (D = $procmux$3548_Y, Q = \is_beq_bne_blt_bge_bltu_bgeu, rval = 1'0).
Adding EN signal on $auto$ff.cc:266:slice$5140 ($sdff) from module $paramod$ce97735b3e205300b7cc20b49638b23e37b300ee\picorv32 (D = $procmux$3546_Y, Q = \is_beq_bne_blt_bge_bltu_bgeu).
Adding SRST signal on $procdff$4652 ($dff) from module $paramod$ce97735b3e205300b7cc20b49638b23e37b300ee\picorv32 (D = $procmux$4472_Y, Q = \mem_la_firstword_reg, rval = 1'0).
Adding EN signal on $auto$ff.cc:266:slice$5142 ($sdff) from module $paramod$ce97735b3e205300b7cc20b49638b23e37b300ee\picorv32 (D = 1'0, Q = \mem_la_firstword_reg).
Adding EN signal on $procdff$4603 ($dff) from module $paramod$ce97735b3e205300b7cc20b49638b23e37b300ee\picorv32 (D = $logic_and$../rtl/cpu/picorv32.v:1092$1313_Y, Q = \instr_maskirq).
Adding EN signal on $procdff$4605 ($dff) from module $paramod$ce97735b3e205300b7cc20b49638b23e37b300ee\picorv32 (D = $logic_and$../rtl/cpu/picorv32.v:1093$1318_Y, Q = \instr_timer).
Adding EN signal on $procdff$4607 ($dff) from module $paramod$ce97735b3e205300b7cc20b49638b23e37b300ee\picorv32 (D = $procmux$3390_Y, Q = \decoded_rs1 [5]).
Adding EN signal on $procdff$4607 ($dff) from module $paramod$ce97735b3e205300b7cc20b49638b23e37b300ee\picorv32 (D = $procmux$3477_Y, Q = \decoded_rs1 [4:0]).
Adding EN signal on $procdff$4609 ($dff) from module $paramod$ce97735b3e205300b7cc20b49638b23e37b300ee\picorv32 (D = $procmux$3594_Y, Q = \decoded_imm).
Adding EN signal on $procdff$4611 ($dff) from module $paramod$ce97735b3e205300b7cc20b49638b23e37b300ee\picorv32 (D = 1'0, Q = \compressed_instr).
Adding EN signal on $procdff$4613 ($dff) from module $paramod$ce97735b3e205300b7cc20b49638b23e37b300ee\picorv32 (D = $procmux$3581_Y, Q = \is_lb_lh_lw_lbu_lhu).
Adding EN signal on $procdff$4615 ($dff) from module $paramod$ce97735b3e205300b7cc20b49638b23e37b300ee\picorv32 (D = $logic_or$../rtl/cpu/picorv32.v:1101$1338_Y, Q = \is_jalr_addi_slti_sltiu_xori_ori_andi).
Adding EN signal on $procdff$4617 ($dff) from module $paramod$ce97735b3e205300b7cc20b49638b23e37b300ee\picorv32 (D = $logic_and$../rtl/cpu/picorv32.v:1110$1349_Y, Q = \is_sll_srl_sra).
Adding EN signal on $procdff$4601 ($dff) from module $paramod$ce97735b3e205300b7cc20b49638b23e37b300ee\picorv32 (D = $logic_and$../rtl/cpu/picorv32.v:1091$1309_Y, Q = \instr_setq).
Adding SRST signal on $procdff$4499 ($dff) from module $paramod$ce97735b3e205300b7cc20b49638b23e37b300ee\picorv32 (D = $procmux$2463_Y, Q = \trap, rval = 1'0).
Adding SRST signal on $procdff$4500 ($dff) from module $paramod$ce97735b3e205300b7cc20b49638b23e37b300ee\picorv32 (D = $procmux$3271_Y, Q = \pcpi_valid, rval = 1'0).
Adding SRST signal on $procdff$4501 ($dff) from module $paramod$ce97735b3e205300b7cc20b49638b23e37b300ee\picorv32 (D = $procmux$3246_Y, Q = \eoi, rval = 0).
Adding EN signal on $auto$ff.cc:266:slice$5156 ($sdff) from module $paramod$ce97735b3e205300b7cc20b49638b23e37b300ee\picorv32 (D = $procmux$3246_Y, Q = \eoi).
Adding SRST signal on $procdff$4504 ($dff) from module $paramod$ce97735b3e205300b7cc20b49638b23e37b300ee\picorv32 (D = $add$../rtl/cpu/picorv32.v:1433$1432_Y, Q = \count_cycle, rval = 64'0000000000000000000000000000000000000000000000000000000000000000).
Setting constant 0-bit at position 0 on $auto$ff.cc:266:slice$4987 ($dffe) from module $paramod$ce97735b3e205300b7cc20b49638b23e37b300ee\picorv32.
Setting constant 1-bit at position 0 on $procdff$4503 ($dff) from module $paramod$ce97735b3e205300b7cc20b49638b23e37b300ee\picorv32.
Setting constant 1-bit at position 1 on $procdff$4503 ($dff) from module $paramod$ce97735b3e205300b7cc20b49638b23e37b300ee\picorv32.
Setting constant 1-bit at position 2 on $procdff$4503 ($dff) from module $paramod$ce97735b3e205300b7cc20b49638b23e37b300ee\picorv32.
Setting constant 1-bit at position 3 on $procdff$4503 ($dff) from module $paramod$ce97735b3e205300b7cc20b49638b23e37b300ee\picorv32.
Setting constant 1-bit at position 4 on $procdff$4503 ($dff) from module $paramod$ce97735b3e205300b7cc20b49638b23e37b300ee\picorv32.
Setting constant 1-bit at position 5 on $procdff$4503 ($dff) from module $paramod$ce97735b3e205300b7cc20b49638b23e37b300ee\picorv32.
Setting constant 1-bit at position 6 on $procdff$4503 ($dff) from module $paramod$ce97735b3e205300b7cc20b49638b23e37b300ee\picorv32.
Setting constant 1-bit at position 7 on $procdff$4503 ($dff) from module $paramod$ce97735b3e205300b7cc20b49638b23e37b300ee\picorv32.
Setting constant 1-bit at position 8 on $procdff$4503 ($dff) from module $paramod$ce97735b3e205300b7cc20b49638b23e37b300ee\picorv32.
Setting constant 1-bit at position 9 on $procdff$4503 ($dff) from module $paramod$ce97735b3e205300b7cc20b49638b23e37b300ee\picorv32.
Setting constant 1-bit at position 10 on $procdff$4503 ($dff) from module $paramod$ce97735b3e205300b7cc20b49638b23e37b300ee\picorv32.
Setting constant 1-bit at position 11 on $procdff$4503 ($dff) from module $paramod$ce97735b3e205300b7cc20b49638b23e37b300ee\picorv32.
Setting constant 1-bit at position 12 on $procdff$4503 ($dff) from module $paramod$ce97735b3e205300b7cc20b49638b23e37b300ee\picorv32.
Setting constant 1-bit at position 13 on $procdff$4503 ($dff) from module $paramod$ce97735b3e205300b7cc20b49638b23e37b300ee\picorv32.
Setting constant 1-bit at position 14 on $procdff$4503 ($dff) from module $paramod$ce97735b3e205300b7cc20b49638b23e37b300ee\picorv32.
Setting constant 1-bit at position 15 on $procdff$4503 ($dff) from module $paramod$ce97735b3e205300b7cc20b49638b23e37b300ee\picorv32.
Setting constant 1-bit at position 16 on $procdff$4503 ($dff) from module $paramod$ce97735b3e205300b7cc20b49638b23e37b300ee\picorv32.
Setting constant 1-bit at position 17 on $procdff$4503 ($dff) from module $paramod$ce97735b3e205300b7cc20b49638b23e37b300ee\picorv32.
Setting constant 1-bit at position 18 on $procdff$4503 ($dff) from module $paramod$ce97735b3e205300b7cc20b49638b23e37b300ee\picorv32.
Setting constant 1-bit at position 19 on $procdff$4503 ($dff) from module $paramod$ce97735b3e205300b7cc20b49638b23e37b300ee\picorv32.
Setting constant 1-bit at position 20 on $procdff$4503 ($dff) from module $paramod$ce97735b3e205300b7cc20b49638b23e37b300ee\picorv32.
Setting constant 1-bit at position 21 on $procdff$4503 ($dff) from module $paramod$ce97735b3e205300b7cc20b49638b23e37b300ee\picorv32.
Setting constant 1-bit at position 22 on $procdff$4503 ($dff) from module $paramod$ce97735b3e205300b7cc20b49638b23e37b300ee\picorv32.
Setting constant 1-bit at position 23 on $procdff$4503 ($dff) from module $paramod$ce97735b3e205300b7cc20b49638b23e37b300ee\picorv32.
Setting constant 1-bit at position 24 on $procdff$4503 ($dff) from module $paramod$ce97735b3e205300b7cc20b49638b23e37b300ee\picorv32.
Setting constant 1-bit at position 25 on $procdff$4503 ($dff) from module $paramod$ce97735b3e205300b7cc20b49638b23e37b300ee\picorv32.
Setting constant 1-bit at position 26 on $procdff$4503 ($dff) from module $paramod$ce97735b3e205300b7cc20b49638b23e37b300ee\picorv32.
Setting constant 1-bit at position 27 on $procdff$4503 ($dff) from module $paramod$ce97735b3e205300b7cc20b49638b23e37b300ee\picorv32.
Setting constant 1-bit at position 28 on $procdff$4503 ($dff) from module $paramod$ce97735b3e205300b7cc20b49638b23e37b300ee\picorv32.
Setting constant 1-bit at position 29 on $procdff$4503 ($dff) from module $paramod$ce97735b3e205300b7cc20b49638b23e37b300ee\picorv32.
Setting constant 1-bit at position 30 on $procdff$4503 ($dff) from module $paramod$ce97735b3e205300b7cc20b49638b23e37b300ee\picorv32.
Setting constant 1-bit at position 31 on $procdff$4503 ($dff) from module $paramod$ce97735b3e205300b7cc20b49638b23e37b300ee\picorv32.
Setting constant 1-bit at position 32 on $procdff$4503 ($dff) from module $paramod$ce97735b3e205300b7cc20b49638b23e37b300ee\picorv32.
Setting constant 1-bit at position 33 on $procdff$4503 ($dff) from module $paramod$ce97735b3e205300b7cc20b49638b23e37b300ee\picorv32.
Setting constant 1-bit at position 34 on $procdff$4503 ($dff) from module $paramod$ce97735b3e205300b7cc20b49638b23e37b300ee\picorv32.
Setting constant 1-bit at position 35 on $procdff$4503 ($dff) from module $paramod$ce97735b3e205300b7cc20b49638b23e37b300ee\picorv32.
Setting constant 0-bit at position 0 on $procdff$4502 ($dff) from module $paramod$ce97735b3e205300b7cc20b49638b23e37b300ee\picorv32.
Setting constant 0-bit at position 0 on $auto$ff.cc:266:slice$5149 ($dffe) from module $paramod$ce97735b3e205300b7cc20b49638b23e37b300ee\picorv32.
Setting constant 0-bit at position 0 on $auto$ff.cc:266:slice$5143 ($sdffe) from module $paramod$ce97735b3e205300b7cc20b49638b23e37b300ee\picorv32.
Setting constant 0-bit at position 0 on $auto$ff.cc:266:slice$5099 ($dffe) from module $paramod$ce97735b3e205300b7cc20b49638b23e37b300ee\picorv32.
Setting constant 1-bit at position 0 on $auto$ff.cc:266:slice$5057 ($dffe) from module $paramod$ce97735b3e205300b7cc20b49638b23e37b300ee\picorv32.
Setting constant 1-bit at position 1 on $auto$ff.cc:266:slice$5057 ($dffe) from module $paramod$ce97735b3e205300b7cc20b49638b23e37b300ee\picorv32.
Setting constant 1-bit at position 2 on $auto$ff.cc:266:slice$5057 ($dffe) from module $paramod$ce97735b3e205300b7cc20b49638b23e37b300ee\picorv32.
Setting constant 1-bit at position 3 on $auto$ff.cc:266:slice$5057 ($dffe) from module $paramod$ce97735b3e205300b7cc20b49638b23e37b300ee\picorv32.
Setting constant 1-bit at position 4 on $auto$ff.cc:266:slice$5057 ($dffe) from module $paramod$ce97735b3e205300b7cc20b49638b23e37b300ee\picorv32.
Setting constant 1-bit at position 5 on $auto$ff.cc:266:slice$5057 ($dffe) from module $paramod$ce97735b3e205300b7cc20b49638b23e37b300ee\picorv32.
Setting constant 1-bit at position 6 on $auto$ff.cc:266:slice$5057 ($dffe) from module $paramod$ce97735b3e205300b7cc20b49638b23e37b300ee\picorv32.
Setting constant 1-bit at position 7 on $auto$ff.cc:266:slice$5057 ($dffe) from module $paramod$ce97735b3e205300b7cc20b49638b23e37b300ee\picorv32.
Setting constant 1-bit at position 8 on $auto$ff.cc:266:slice$5057 ($dffe) from module $paramod$ce97735b3e205300b7cc20b49638b23e37b300ee\picorv32.
Setting constant 1-bit at position 9 on $auto$ff.cc:266:slice$5057 ($dffe) from module $paramod$ce97735b3e205300b7cc20b49638b23e37b300ee\picorv32.
Setting constant 1-bit at position 10 on $auto$ff.cc:266:slice$5057 ($dffe) from module $paramod$ce97735b3e205300b7cc20b49638b23e37b300ee\picorv32.
Setting constant 1-bit at position 11 on $auto$ff.cc:266:slice$5057 ($dffe) from module $paramod$ce97735b3e205300b7cc20b49638b23e37b300ee\picorv32.
Setting constant 1-bit at position 12 on $auto$ff.cc:266:slice$5057 ($dffe) from module $paramod$ce97735b3e205300b7cc20b49638b23e37b300ee\picorv32.
Setting constant 1-bit at position 13 on $auto$ff.cc:266:slice$5057 ($dffe) from module $paramod$ce97735b3e205300b7cc20b49638b23e37b300ee\picorv32.
Setting constant 1-bit at position 14 on $auto$ff.cc:266:slice$5057 ($dffe) from module $paramod$ce97735b3e205300b7cc20b49638b23e37b300ee\picorv32.
Setting constant 1-bit at position 15 on $auto$ff.cc:266:slice$5057 ($dffe) from module $paramod$ce97735b3e205300b7cc20b49638b23e37b300ee\picorv32.
Setting constant 1-bit at position 16 on $auto$ff.cc:266:slice$5057 ($dffe) from module $paramod$ce97735b3e205300b7cc20b49638b23e37b300ee\picorv32.
Setting constant 1-bit at position 17 on $auto$ff.cc:266:slice$5057 ($dffe) from module $paramod$ce97735b3e205300b7cc20b49638b23e37b300ee\picorv32.
Setting constant 1-bit at position 18 on $auto$ff.cc:266:slice$5057 ($dffe) from module $paramod$ce97735b3e205300b7cc20b49638b23e37b300ee\picorv32.
Setting constant 1-bit at position 19 on $auto$ff.cc:266:slice$5057 ($dffe) from module $paramod$ce97735b3e205300b7cc20b49638b23e37b300ee\picorv32.
Setting constant 1-bit at position 20 on $auto$ff.cc:266:slice$5057 ($dffe) from module $paramod$ce97735b3e205300b7cc20b49638b23e37b300ee\picorv32.
Setting constant 1-bit at position 21 on $auto$ff.cc:266:slice$5057 ($dffe) from module $paramod$ce97735b3e205300b7cc20b49638b23e37b300ee\picorv32.
Setting constant 1-bit at position 22 on $auto$ff.cc:266:slice$5057 ($dffe) from module $paramod$ce97735b3e205300b7cc20b49638b23e37b300ee\picorv32.
Setting constant 1-bit at position 23 on $auto$ff.cc:266:slice$5057 ($dffe) from module $paramod$ce97735b3e205300b7cc20b49638b23e37b300ee\picorv32.
Setting constant 1-bit at position 24 on $auto$ff.cc:266:slice$5057 ($dffe) from module $paramod$ce97735b3e205300b7cc20b49638b23e37b300ee\picorv32.
Setting constant 1-bit at position 25 on $auto$ff.cc:266:slice$5057 ($dffe) from module $paramod$ce97735b3e205300b7cc20b49638b23e37b300ee\picorv32.
Setting constant 1-bit at position 26 on $auto$ff.cc:266:slice$5057 ($dffe) from module $paramod$ce97735b3e205300b7cc20b49638b23e37b300ee\picorv32.
Setting constant 1-bit at position 27 on $auto$ff.cc:266:slice$5057 ($dffe) from module $paramod$ce97735b3e205300b7cc20b49638b23e37b300ee\picorv32.
Setting constant 1-bit at position 28 on $auto$ff.cc:266:slice$5057 ($dffe) from module $paramod$ce97735b3e205300b7cc20b49638b23e37b300ee\picorv32.
Setting constant 1-bit at position 29 on $auto$ff.cc:266:slice$5057 ($dffe) from module $paramod$ce97735b3e205300b7cc20b49638b23e37b300ee\picorv32.
Setting constant 1-bit at position 30 on $auto$ff.cc:266:slice$5057 ($dffe) from module $paramod$ce97735b3e205300b7cc20b49638b23e37b300ee\picorv32.
Setting constant 1-bit at position 31 on $auto$ff.cc:266:slice$5057 ($dffe) from module $paramod$ce97735b3e205300b7cc20b49638b23e37b300ee\picorv32.
Setting constant 1-bit at position 0 on $procdff$4544 ($dff) from module $paramod$ce97735b3e205300b7cc20b49638b23e37b300ee\picorv32.
Setting constant 1-bit at position 1 on $procdff$4544 ($dff) from module $paramod$ce97735b3e205300b7cc20b49638b23e37b300ee\picorv32.
Setting constant 1-bit at position 2 on $procdff$4544 ($dff) from module $paramod$ce97735b3e205300b7cc20b49638b23e37b300ee\picorv32.
Setting constant 1-bit at position 3 on $procdff$4544 ($dff) from module $paramod$ce97735b3e205300b7cc20b49638b23e37b300ee\picorv32.
Setting constant 1-bit at position 4 on $procdff$4544 ($dff) from module $paramod$ce97735b3e205300b7cc20b49638b23e37b300ee\picorv32.
Setting constant 1-bit at position 5 on $procdff$4544 ($dff) from module $paramod$ce97735b3e205300b7cc20b49638b23e37b300ee\picorv32.
Setting constant 1-bit at position 6 on $procdff$4544 ($dff) from module $paramod$ce97735b3e205300b7cc20b49638b23e37b300ee\picorv32.
Setting constant 1-bit at position 7 on $procdff$4544 ($dff) from module $paramod$ce97735b3e205300b7cc20b49638b23e37b300ee\picorv32.
Setting constant 1-bit at position 8 on $procdff$4544 ($dff) from module $paramod$ce97735b3e205300b7cc20b49638b23e37b300ee\picorv32.
Setting constant 1-bit at position 9 on $procdff$4544 ($dff) from module $paramod$ce97735b3e205300b7cc20b49638b23e37b300ee\picorv32.
Setting constant 1-bit at position 10 on $procdff$4544 ($dff) from module $paramod$ce97735b3e205300b7cc20b49638b23e37b300ee\picorv32.
Setting constant 1-bit at position 11 on $procdff$4544 ($dff) from module $paramod$ce97735b3e205300b7cc20b49638b23e37b300ee\picorv32.
Setting constant 1-bit at position 12 on $procdff$4544 ($dff) from module $paramod$ce97735b3e205300b7cc20b49638b23e37b300ee\picorv32.
Setting constant 1-bit at position 13 on $procdff$4544 ($dff) from module $paramod$ce97735b3e205300b7cc20b49638b23e37b300ee\picorv32.
Setting constant 1-bit at position 14 on $procdff$4544 ($dff) from module $paramod$ce97735b3e205300b7cc20b49638b23e37b300ee\picorv32.
Setting constant 1-bit at position 15 on $procdff$4544 ($dff) from module $paramod$ce97735b3e205300b7cc20b49638b23e37b300ee\picorv32.
Setting constant 1-bit at position 16 on $procdff$4544 ($dff) from module $paramod$ce97735b3e205300b7cc20b49638b23e37b300ee\picorv32.
Setting constant 1-bit at position 17 on $procdff$4544 ($dff) from module $paramod$ce97735b3e205300b7cc20b49638b23e37b300ee\picorv32.
Setting constant 1-bit at position 18 on $procdff$4544 ($dff) from module $paramod$ce97735b3e205300b7cc20b49638b23e37b300ee\picorv32.
Setting constant 1-bit at position 19 on $procdff$4544 ($dff) from module $paramod$ce97735b3e205300b7cc20b49638b23e37b300ee\picorv32.
Setting constant 1-bit at position 20 on $procdff$4544 ($dff) from module $paramod$ce97735b3e205300b7cc20b49638b23e37b300ee\picorv32.
Setting constant 1-bit at position 21 on $procdff$4544 ($dff) from module $paramod$ce97735b3e205300b7cc20b49638b23e37b300ee\picorv32.
Setting constant 1-bit at position 22 on $procdff$4544 ($dff) from module $paramod$ce97735b3e205300b7cc20b49638b23e37b300ee\picorv32.
Setting constant 1-bit at position 23 on $procdff$4544 ($dff) from module $paramod$ce97735b3e205300b7cc20b49638b23e37b300ee\picorv32.
Setting constant 1-bit at position 24 on $procdff$4544 ($dff) from module $paramod$ce97735b3e205300b7cc20b49638b23e37b300ee\picorv32.
Setting constant 1-bit at position 25 on $procdff$4544 ($dff) from module $paramod$ce97735b3e205300b7cc20b49638b23e37b300ee\picorv32.
Setting constant 1-bit at position 26 on $procdff$4544 ($dff) from module $paramod$ce97735b3e205300b7cc20b49638b23e37b300ee\picorv32.
Setting constant 1-bit at position 27 on $procdff$4544 ($dff) from module $paramod$ce97735b3e205300b7cc20b49638b23e37b300ee\picorv32.
Setting constant 1-bit at position 28 on $procdff$4544 ($dff) from module $paramod$ce97735b3e205300b7cc20b49638b23e37b300ee\picorv32.
Setting constant 1-bit at position 29 on $procdff$4544 ($dff) from module $paramod$ce97735b3e205300b7cc20b49638b23e37b300ee\picorv32.
Setting constant 1-bit at position 30 on $procdff$4544 ($dff) from module $paramod$ce97735b3e205300b7cc20b49638b23e37b300ee\picorv32.
Setting constant 1-bit at position 31 on $procdff$4544 ($dff) from module $paramod$ce97735b3e205300b7cc20b49638b23e37b300ee\picorv32.
Setting constant 0-bit at position 0 on $auto$ff.cc:266:slice$4769 ($sdffe) from module $paramod$ce97735b3e205300b7cc20b49638b23e37b300ee\picorv32.

12.7. Executing OPT_CLEAN pass (remove unused cells and wires).
Finding unused cells or wires in module \timer_periph..
Finding unused cells or wires in module \uart_periph..
Finding unused cells or wires in module \data_mem..
Finding unused cells or wires in module \instr_mem..
Finding unused cells or wires in module \simple_interconnect..
Finding unused cells or wires in module $paramod$ce97735b3e205300b7cc20b49638b23e37b300ee\picorv32..
Finding unused cells or wires in module \mini_soc_top..
Removed 408 unused cells and 2652 unused wires.
<suppressed ~461 debug messages>

12.8. Executing OPT_EXPR pass (perform const folding).
Optimizing module $paramod$ce97735b3e205300b7cc20b49638b23e37b300ee\picorv32.
<suppressed ~19 debug messages>
Optimizing module data_mem.
Optimizing module instr_mem.
Optimizing module mini_soc_top.
Optimizing module simple_interconnect.
Optimizing module timer_periph.
<suppressed ~1 debug messages>
Optimizing module uart_periph.
<suppressed ~2 debug messages>

12.9. Rerunning OPT passes. (Maybe there is more to do..)

12.10. Executing OPT_MUXTREE pass (detect dead branches in mux trees).
Running muxtree optimizer on module $paramod$ce97735b3e205300b7cc20b49638b23e37b300ee\picorv32..
  Creating internal representation of mux trees.
  Evaluating internal representation of mux trees.
  Analyzing evaluation results.
Running muxtree optimizer on module \data_mem..
  Creating internal representation of mux trees.
  No muxes found in this module.
Running muxtree optimizer on module \instr_mem..
  Creating internal representation of mux trees.
  No muxes found in this module.
Running muxtree optimizer on module \mini_soc_top..
  Creating internal representation of mux trees.
  No muxes found in this module.
Running muxtree optimizer on module \simple_interconnect..
  Creating internal representation of mux trees.
  Evaluating internal representation of mux trees.
  Analyzing evaluation results.
Running muxtree optimizer on module \timer_periph..
  Creating internal representation of mux trees.
  Evaluating internal representation of mux trees.
  Analyzing evaluation results.
Running muxtree optimizer on module \uart_periph..
  Creating internal representation of mux trees.
  Evaluating internal representation of mux trees.
  Analyzing evaluation results.
Removed 0 multiplexer ports.
<suppressed ~83 debug messages>

12.11. Executing OPT_REDUCE pass (consolidate $*mux and $reduce_* inputs).
  Optimizing cells in module $paramod$ce97735b3e205300b7cc20b49638b23e37b300ee\picorv32.
    New ctrl vector for $pmux cell $procmux$2249: $auto$opt_reduce.cc:134:opt_pmux$5168
    New ctrl vector for $pmux cell $procmux$2266: { $eq$../rtl/cpu/picorv32.v:1192$1359_Y $auto$opt_reduce.cc:134:opt_pmux$5170 }
    New ctrl vector for $pmux cell $procmux$2686: { $eq$../rtl/cpu/picorv32.v:1189$1356_Y $eq$../rtl/cpu/picorv32.v:1190$1357_Y $eq$../rtl/cpu/picorv32.v:1191$1358_Y $eq$../rtl/cpu/picorv32.v:1192$1359_Y $eq$../rtl/cpu/picorv32.v:1193$1360_Y $auto$opt_reduce.cc:134:opt_pmux$5172 }
    New ctrl vector for $pmux cell $procmux$4204: { $logic_and$../rtl/cpu/picorv32.v:380$989_Y $auto$opt_reduce.cc:134:opt_pmux$5174 }
  Optimizing cells in module $paramod$ce97735b3e205300b7cc20b49638b23e37b300ee\picorv32.
  Optimizing cells in module \data_mem.
  Optimizing cells in module \instr_mem.
  Optimizing cells in module \mini_soc_top.
  Optimizing cells in module \simple_interconnect.
  Optimizing cells in module \timer_periph.
  Optimizing cells in module \uart_periph.
Performed a total of 4 changes.

12.12. Executing OPT_MERGE pass (detect identical cells).
Finding identical cells in module `$paramod$ce97735b3e205300b7cc20b49638b23e37b300ee\picorv32'.
<suppressed ~126 debug messages>
Finding identical cells in module `\data_mem'.
Finding identical cells in module `\instr_mem'.
Finding identical cells in module `\mini_soc_top'.
Finding identical cells in module `\simple_interconnect'.
Finding identical cells in module `\timer_periph'.
Finding identical cells in module `\uart_periph'.
<suppressed ~9 debug messages>
Removed a total of 45 cells.

12.13. Executing OPT_DFF pass (perform DFF optimizations).
Adding EN signal on $auto$ff.cc:266:slice$4809 ($dffe) from module $paramod$ce97735b3e205300b7cc20b49638b23e37b300ee\picorv32 (D = $0\mem_valid[0:0], Q = \mem_valid).
Adding EN signal on $auto$ff.cc:266:slice$4764 ($dff) from module $paramod$ce97735b3e205300b7cc20b49638b23e37b300ee\picorv32 (D = \mem_rdata [31:7], Q = \mem_rdata_q [31:7]).
Handling D = Q on $auto$ff.cc:266:slice$5155 ($sdff) from module $paramod$ce97735b3e205300b7cc20b49638b23e37b300ee\picorv32 (conecting SRST instead).
Adding SRST signal on $auto$ff.cc:266:slice$5147 ($dffe) from module $paramod$ce97735b3e205300b7cc20b49638b23e37b300ee\picorv32 (D = \mem_rdata_latched [19:15], Q = \decoded_rs1 [4:0], rval = 5'00000).
Adding SRST signal on $auto$ff.cc:266:slice$5146 ($dffe) from module $paramod$ce97735b3e205300b7cc20b49638b23e37b300ee\picorv32 (D = $procmux$3356_Y, Q = \decoded_rs1 [5], rval = 1'1).
Adding SRST signal on $auto$ff.cc:266:slice$5063 ($sdff) from module $paramod$ce97735b3e205300b7cc20b49638b23e37b300ee\picorv32 (D = $procmux$2245_Y, Q = \decoder_pseudo_trigger, rval = 1'0).
Setting constant 0-bit at position 0 on $auto$ff.cc:266:slice$5155 ($dffe) from module $paramod$ce97735b3e205300b7cc20b49638b23e37b300ee\picorv32.
Setting constant 0-bit at position 0 on $auto$ff.cc:266:slice$4912 ($dffe) from module $paramod$ce97735b3e205300b7cc20b49638b23e37b300ee\picorv32.
Setting constant 0-bit at position 5 on $auto$ff.cc:266:slice$4823 ($dffe) from module $paramod$ce97735b3e205300b7cc20b49638b23e37b300ee\picorv32.

12.14. Executing OPT_CLEAN pass (remove unused cells and wires).
Finding unused cells or wires in module $paramod$ce97735b3e205300b7cc20b49638b23e37b300ee\picorv32..
Finding unused cells or wires in module \data_mem..
Finding unused cells or wires in module \instr_mem..
Finding unused cells or wires in module \mini_soc_top..
Finding unused cells or wires in module \simple_interconnect..
Finding unused cells or wires in module \timer_periph..
Finding unused cells or wires in module \uart_periph..
Removed 12 unused cells and 52 unused wires.
<suppressed ~14 debug messages>

12.15. Executing OPT_EXPR pass (perform const folding).
Optimizing module $paramod$ce97735b3e205300b7cc20b49638b23e37b300ee\picorv32.
<suppressed ~2 debug messages>
Optimizing module data_mem.
Optimizing module instr_mem.
Optimizing module mini_soc_top.
Optimizing module simple_interconnect.
Optimizing module timer_periph.
Optimizing module uart_periph.

12.16. Rerunning OPT passes. (Maybe there is more to do..)

12.17. Executing OPT_MUXTREE pass (detect dead branches in mux trees).
Running muxtree optimizer on module $paramod$ce97735b3e205300b7cc20b49638b23e37b300ee\picorv32..
  Creating internal representation of mux trees.
  Evaluating internal representation of mux trees.
  Analyzing evaluation results.
Running muxtree optimizer on module \data_mem..
  Creating internal representation of mux trees.
  No muxes found in this module.
Running muxtree optimizer on module \instr_mem..
  Creating internal representation of mux trees.
  No muxes found in this module.
Running muxtree optimizer on module \mini_soc_top..
  Creating internal representation of mux trees.
  No muxes found in this module.
Running muxtree optimizer on module \simple_interconnect..
  Creating internal representation of mux trees.
  Evaluating internal representation of mux trees.
  Analyzing evaluation results.
Running muxtree optimizer on module \timer_periph..
  Creating internal representation of mux trees.
  Evaluating internal representation of mux trees.
  Analyzing evaluation results.
Running muxtree optimizer on module \uart_periph..
  Creating internal representation of mux trees.
  Evaluating internal representation of mux trees.
  Analyzing evaluation results.
Removed 0 multiplexer ports.
<suppressed ~74 debug messages>

12.18. Executing OPT_REDUCE pass (consolidate $*mux and $reduce_* inputs).
  Optimizing cells in module $paramod$ce97735b3e205300b7cc20b49638b23e37b300ee\picorv32.
    New input vector for $reduce_and cell $auto$opt_dff.cc:220:make_patterns_logic$5179: { $auto$opt_dff.cc:194:make_patterns_logic$4777 $auto$opt_dff.cc:194:make_patterns_logic$4814 $auto$opt_dff.cc:194:make_patterns_logic$5176 $auto$opt_dff.cc:194:make_patterns_logic$4812 }
  Optimizing cells in module $paramod$ce97735b3e205300b7cc20b49638b23e37b300ee\picorv32.
  Optimizing cells in module \data_mem.
  Optimizing cells in module \instr_mem.
  Optimizing cells in module \mini_soc_top.
  Optimizing cells in module \simple_interconnect.
  Optimizing cells in module \timer_periph.
  Optimizing cells in module \uart_periph.
Performed a total of 1 changes.

12.19. Executing OPT_MERGE pass (detect identical cells).
Finding identical cells in module `$paramod$ce97735b3e205300b7cc20b49638b23e37b300ee\picorv32'.
Finding identical cells in module `\data_mem'.
Finding identical cells in module `\instr_mem'.
Finding identical cells in module `\mini_soc_top'.
Finding identical cells in module `\simple_interconnect'.
Finding identical cells in module `\timer_periph'.
Finding identical cells in module `\uart_periph'.
Removed a total of 0 cells.

12.20. Executing OPT_DFF pass (perform DFF optimizations).

12.21. Executing OPT_CLEAN pass (remove unused cells and wires).
Finding unused cells or wires in module $paramod$ce97735b3e205300b7cc20b49638b23e37b300ee\picorv32..
Finding unused cells or wires in module \data_mem..
Finding unused cells or wires in module \instr_mem..
Finding unused cells or wires in module \mini_soc_top..
Finding unused cells or wires in module \simple_interconnect..
Finding unused cells or wires in module \timer_periph..
Finding unused cells or wires in module \uart_periph..
Removed 1 unused cells and 3 unused wires.
<suppressed ~2 debug messages>

12.22. Executing OPT_EXPR pass (perform const folding).
Optimizing module $paramod$ce97735b3e205300b7cc20b49638b23e37b300ee\picorv32.
Optimizing module data_mem.
Optimizing module instr_mem.
Optimizing module mini_soc_top.
Optimizing module simple_interconnect.
Optimizing module timer_periph.
Optimizing module uart_periph.

12.23. Rerunning OPT passes. (Maybe there is more to do..)

12.24. Executing OPT_MUXTREE pass (detect dead branches in mux trees).
Running muxtree optimizer on module $paramod$ce97735b3e205300b7cc20b49638b23e37b300ee\picorv32..
  Creating internal representation of mux trees.
  Evaluating internal representation of mux trees.
  Analyzing evaluation results.
Running muxtree optimizer on module \data_mem..
  Creating internal representation of mux trees.
  No muxes found in this module.
Running muxtree optimizer on module \instr_mem..
  Creating internal representation of mux trees.
  No muxes found in this module.
Running muxtree optimizer on module \mini_soc_top..
  Creating internal representation of mux trees.
  No muxes found in this module.
Running muxtree optimizer on module \simple_interconnect..
  Creating internal representation of mux trees.
  Evaluating internal representation of mux trees.
  Analyzing evaluation results.
Running muxtree optimizer on module \timer_periph..
  Creating internal representation of mux trees.
  Evaluating internal representation of mux trees.
  Analyzing evaluation results.
Running muxtree optimizer on module \uart_periph..
  Creating internal representation of mux trees.
  Evaluating internal representation of mux trees.
  Analyzing evaluation results.
Removed 0 multiplexer ports.
<suppressed ~74 debug messages>

12.25. Executing OPT_REDUCE pass (consolidate $*mux and $reduce_* inputs).
  Optimizing cells in module $paramod$ce97735b3e205300b7cc20b49638b23e37b300ee\picorv32.
  Optimizing cells in module \data_mem.
  Optimizing cells in module \instr_mem.
  Optimizing cells in module \mini_soc_top.
  Optimizing cells in module \simple_interconnect.
  Optimizing cells in module \timer_periph.
  Optimizing cells in module \uart_periph.
Performed a total of 0 changes.

12.26. Executing OPT_MERGE pass (detect identical cells).
Finding identical cells in module `$paramod$ce97735b3e205300b7cc20b49638b23e37b300ee\picorv32'.
Finding identical cells in module `\data_mem'.
Finding identical cells in module `\instr_mem'.
Finding identical cells in module `\mini_soc_top'.
Finding identical cells in module `\simple_interconnect'.
Finding identical cells in module `\timer_periph'.
Finding identical cells in module `\uart_periph'.
Removed a total of 0 cells.

12.27. Executing OPT_DFF pass (perform DFF optimizations).

12.28. Executing OPT_CLEAN pass (remove unused cells and wires).
Finding unused cells or wires in module $paramod$ce97735b3e205300b7cc20b49638b23e37b300ee\picorv32..
Finding unused cells or wires in module \data_mem..
Finding unused cells or wires in module \instr_mem..
Finding unused cells or wires in module \mini_soc_top..
Finding unused cells or wires in module \simple_interconnect..
Finding unused cells or wires in module \timer_periph..
Finding unused cells or wires in module \uart_periph..

12.29. Executing OPT_EXPR pass (perform const folding).
Optimizing module $paramod$ce97735b3e205300b7cc20b49638b23e37b300ee\picorv32.
Optimizing module data_mem.
Optimizing module instr_mem.
Optimizing module mini_soc_top.
Optimizing module simple_interconnect.
Optimizing module timer_periph.
Optimizing module uart_periph.

12.30. Finished OPT passes. (There is nothing left to do.)

13. Executing FSM pass (extract and optimize FSM).

13.1. Executing FSM_DETECT pass (finding FSMs in design).
Found FSM state register $paramod$ce97735b3e205300b7cc20b49638b23e37b300ee\picorv32.cpu_state.

13.2. Executing FSM_EXTRACT pass (extracting FSM from design).
Extracting FSM `\cpu_state' from module `$paramod$ce97735b3e205300b7cc20b49638b23e37b300ee\picorv32'.
  found $dff cell for state register: $procdff$4530
  root of input selection tree: $0\cpu_state[7:0]
  found ctrl input: $logic_and$../rtl/cpu/picorv32.v:1938$1592_Y
  found ctrl input: $logic_and$../rtl/cpu/picorv32.v:1922$1574_Y
  found ctrl input: \resetn
  found state code: 8'01000000
  found ctrl input: $auto$opt_reduce.cc:134:opt_pmux$5168
  found ctrl input: $eq$../rtl/cpu/picorv32.v:1193$1360_Y
  found ctrl input: $eq$../rtl/cpu/picorv32.v:1192$1359_Y
  found ctrl input: $eq$../rtl/cpu/picorv32.v:1191$1358_Y
  found ctrl input: $eq$../rtl/cpu/picorv32.v:1190$1357_Y
  found ctrl input: $eq$../rtl/cpu/picorv32.v:1189$1356_Y
  found ctrl input: $logic_or$../rtl/cpu/picorv32.v:1857$1555_Y
  found ctrl input: $logic_and$../rtl/cpu/picorv32.v:1872$1559_Y
  found ctrl input: $eq$../rtl/cpu/picorv32.v:1831$1537_Y
  found ctrl input: \is_beq_bne_blt_bge_bltu_bgeu
  found ctrl input: \mem_done
  found ctrl input: \is_sll_srl_sra
  found ctrl input: \is_sb_sh_sw
  found state code: 8'00001000
  found state code: 8'00000100
  found state code: 8'00000010
  found ctrl input: $auto$opt_reduce.cc:134:opt_pmux$4668
  found ctrl input: \is_slli_srli_srai
  found ctrl input: $logic_and$../rtl/cpu/picorv32.v:1696$1509_Y
  found ctrl input: $auto$opt_reduce.cc:134:opt_pmux$4684
  found ctrl input: \instr_trap
  found state code: 8'00000001
  found ctrl input: $logic_and$../rtl/cpu/picorv32.v:1619$1495_Y
  found state code: 8'10000000
  found ctrl input: $logic_and$../rtl/cpu/picorv32.v:1538$1472_Y
  found ctrl input: $logic_and$../rtl/cpu/picorv32.v:1548$1480_Y
  found ctrl input: \decoder_trigger
  found ctrl input: \instr_jal
  found state code: 8'00100000
  found ctrl input: $logic_and$../rtl/cpu/picorv32.v:1930$1584_Y
  found ctrl input: $logic_and$../rtl/cpu/picorv32.v:1923$1577_Y
  found ctrl input: $logic_and$../rtl/cpu/picorv32.v:1925$1581_Y
  found ctrl output: $eq$../rtl/cpu/picorv32.v:1188$1355_Y
  found ctrl output: $eq$../rtl/cpu/picorv32.v:1192$1359_Y
  found ctrl output: $eq$../rtl/cpu/picorv32.v:1194$1361_Y
  found ctrl output: $eq$../rtl/cpu/picorv32.v:1195$1362_Y
  found ctrl output: $eq$../rtl/cpu/picorv32.v:1193$1360_Y
  found ctrl output: $eq$../rtl/cpu/picorv32.v:1189$1356_Y
  found ctrl output: $eq$../rtl/cpu/picorv32.v:1190$1357_Y
  found ctrl output: $eq$../rtl/cpu/picorv32.v:1191$1358_Y
  ctrl inputs: { $auto$opt_reduce.cc:134:opt_pmux$5168 $auto$opt_reduce.cc:134:opt_pmux$4684 $logic_and$../rtl/cpu/picorv32.v:1938$1592_Y $logic_and$../rtl/cpu/picorv32.v:1930$1584_Y $logic_and$../rtl/cpu/picorv32.v:1925$1581_Y $logic_and$../rtl/cpu/picorv32.v:1923$1577_Y $logic_and$../rtl/cpu/picorv32.v:1922$1574_Y $logic_and$../rtl/cpu/picorv32.v:1872$1559_Y $logic_or$../rtl/cpu/picorv32.v:1857$1555_Y $eq$../rtl/cpu/picorv32.v:1831$1537_Y $logic_and$../rtl/cpu/picorv32.v:1696$1509_Y $logic_and$../rtl/cpu/picorv32.v:1619$1495_Y $logic_and$../rtl/cpu/picorv32.v:1548$1480_Y $logic_and$../rtl/cpu/picorv32.v:1538$1472_Y $auto$opt_reduce.cc:134:opt_pmux$4668 \is_beq_bne_blt_bge_bltu_bgeu \is_sll_srl_sra \is_sb_sh_sw \is_slli_srli_srai \decoder_trigger \instr_trap \instr_jal \mem_done \resetn }
  ctrl outputs: { $eq$../rtl/cpu/picorv32.v:1195$1362_Y $eq$../rtl/cpu/picorv32.v:1194$1361_Y $eq$../rtl/cpu/picorv32.v:1193$1360_Y $eq$../rtl/cpu/picorv32.v:1192$1359_Y $eq$../rtl/cpu/picorv32.v:1191$1358_Y $eq$../rtl/cpu/picorv32.v:1190$1357_Y $eq$../rtl/cpu/picorv32.v:1189$1356_Y $eq$../rtl/cpu/picorv32.v:1188$1355_Y $0\cpu_state[7:0] }
  transition: 8'10000000 24'--0---0----------------0 -> 8'01000000 16'0000000101000000
  transition: 8'10000000 24'--0---0----------------1 -> 8'10000000 16'0000000110000000
  transition: 8'10000000 24'--00-01----------------0 -> 8'01000000 16'0000000101000000
  transition: 8'10000000 24'--00-01----------------1 -> 8'10000000 16'0000000110000000
  transition: 8'10000000 24'--00011----------------- -> 8'10000000 16'0000000110000000
  transition: 8'10000000 24'--00111----------------0 -> 8'01000000 16'0000000101000000
  transition: 8'10000000 24'--00111----------------1 -> 8'10000000 16'0000000110000000
  transition: 8'10000000 24'--010-1----------------- -> 8'10000000 16'0000000110000000
  transition: 8'10000000 24'--01101----------------0 -> 8'01000000 16'0000000101000000
  transition: 8'10000000 24'--01101----------------1 -> 8'10000000 16'0000000110000000
  transition: 8'10000000 24'--01111----------------0 -> 8'01000000 16'0000000101000000
  transition: 8'10000000 24'--01111----------------1 -> 8'10000000 16'0000000110000000
  transition: 8'10000000 24'--1-0------------------- -> 8'10000000 16'0000000110000000
  transition: 8'10000000 24'--1-1-0----------------0 -> 8'01000000 16'0000000101000000
  transition: 8'10000000 24'--1-1-0----------------1 -> 8'10000000 16'0000000110000000
  transition: 8'10000000 24'--10101----------------0 -> 8'01000000 16'0000000101000000
  transition: 8'10000000 24'--10101----------------1 -> 8'10000000 16'0000000110000000
  transition: 8'10000000 24'--10111----------------0 -> 8'01000000 16'0000000101000000
  transition: 8'10000000 24'--10111----------------1 -> 8'10000000 16'0000000110000000
  transition: 8'10000000 24'--11101----------------0 -> 8'01000000 16'0000000101000000
  transition: 8'10000000 24'--11101----------------1 -> 8'10000000 16'0000000110000000
  transition: 8'10000000 24'--11111----------------0 -> 8'01000000 16'0000000101000000
  transition: 8'10000000 24'--11111----------------1 -> 8'10000000 16'0000000110000000
  transition: 8'01000000 24'--0---0----------------0 -> 8'01000000 16'0000001001000000
  transition: 8'01000000 24'--0---0-----00-----0---1 -> 8'01000000 16'0000001001000000
  transition: 8'01000000 24'--0---0-----00-----1-0-1 -> 8'00100000 16'0000001000100000
  transition: 8'01000000 24'--0---0-----00-----1-1-1 -> 8'01000000 16'0000001001000000
  transition: 8'01000000 24'--0---0-----10---------1 -> 8'01000000 16'0000001001000000
  transition: 8'01000000 24'--0---0------1---------1 -> 8'01000000 16'0000001001000000
  transition: 8'01000000 24'--00-01----------------0 -> 8'01000000 16'0000001001000000
  transition: 8'01000000 24'--00-01-----00-----0---1 -> 8'01000000 16'0000001001000000
  transition: 8'01000000 24'--00-01-----00-----1-0-1 -> 8'00100000 16'0000001000100000
  transition: 8'01000000 24'--00-01-----00-----1-1-1 -> 8'01000000 16'0000001001000000
  transition: 8'01000000 24'--00-01-----10---------1 -> 8'01000000 16'0000001001000000
  transition: 8'01000000 24'--00-01------1---------1 -> 8'01000000 16'0000001001000000
  transition: 8'01000000 24'--00011----------------- -> 8'10000000 16'0000001010000000
  transition: 8'01000000 24'--00111----------------0 -> 8'01000000 16'0000001001000000
  transition: 8'01000000 24'--00111-----00-----0---1 -> 8'01000000 16'0000001001000000
  transition: 8'01000000 24'--00111-----00-----1-0-1 -> 8'00100000 16'0000001000100000
  transition: 8'01000000 24'--00111-----00-----1-1-1 -> 8'01000000 16'0000001001000000
  transition: 8'01000000 24'--00111-----10---------1 -> 8'01000000 16'0000001001000000
  transition: 8'01000000 24'--00111------1---------1 -> 8'01000000 16'0000001001000000
  transition: 8'01000000 24'--010-1----------------- -> 8'10000000 16'0000001010000000
  transition: 8'01000000 24'--01101----------------0 -> 8'01000000 16'0000001001000000
  transition: 8'01000000 24'--01101-----00-----0---1 -> 8'01000000 16'0000001001000000
  transition: 8'01000000 24'--01101-----00-----1-0-1 -> 8'00100000 16'0000001000100000
  transition: 8'01000000 24'--01101-----00-----1-1-1 -> 8'01000000 16'0000001001000000
  transition: 8'01000000 24'--01101-----10---------1 -> 8'01000000 16'0000001001000000
  transition: 8'01000000 24'--01101------1---------1 -> 8'01000000 16'0000001001000000
  transition: 8'01000000 24'--01111----------------0 -> 8'01000000 16'0000001001000000
  transition: 8'01000000 24'--01111-----00-----0---1 -> 8'01000000 16'0000001001000000
  transition: 8'01000000 24'--01111-----00-----1-0-1 -> 8'00100000 16'0000001000100000
  transition: 8'01000000 24'--01111-----00-----1-1-1 -> 8'01000000 16'0000001001000000
  transition: 8'01000000 24'--01111-----10---------1 -> 8'01000000 16'0000001001000000
  transition: 8'01000000 24'--01111------1---------1 -> 8'01000000 16'0000001001000000
  transition: 8'01000000 24'--1-0------------------- -> 8'10000000 16'0000001010000000
  transition: 8'01000000 24'--1-1-0----------------0 -> 8'01000000 16'0000001001000000
  transition: 8'01000000 24'--1-1-0-----00-----0---1 -> 8'01000000 16'0000001001000000
  transition: 8'01000000 24'--1-1-0-----00-----1-0-1 -> 8'00100000 16'0000001000100000
  transition: 8'01000000 24'--1-1-0-----00-----1-1-1 -> 8'01000000 16'0000001001000000
  transition: 8'01000000 24'--1-1-0-----10---------1 -> 8'01000000 16'0000001001000000
  transition: 8'01000000 24'--1-1-0------1---------1 -> 8'01000000 16'0000001001000000
  transition: 8'01000000 24'--10101----------------0 -> 8'01000000 16'0000001001000000
  transition: 8'01000000 24'--10101-----00-----0---1 -> 8'01000000 16'0000001001000000
  transition: 8'01000000 24'--10101-----00-----1-0-1 -> 8'00100000 16'0000001000100000
  transition: 8'01000000 24'--10101-----00-----1-1-1 -> 8'01000000 16'0000001001000000
  transition: 8'01000000 24'--10101-----10---------1 -> 8'01000000 16'0000001001000000
  transition: 8'01000000 24'--10101------1---------1 -> 8'01000000 16'0000001001000000
  transition: 8'01000000 24'--10111----------------0 -> 8'01000000 16'0000001001000000
  transition: 8'01000000 24'--10111-----00-----0---1 -> 8'01000000 16'0000001001000000
  transition: 8'01000000 24'--10111-----00-----1-0-1 -> 8'00100000 16'0000001000100000
  transition: 8'01000000 24'--10111-----00-----1-1-1 -> 8'01000000 16'0000001001000000
  transition: 8'01000000 24'--10111-----10---------1 -> 8'01000000 16'0000001001000000
  transition: 8'01000000 24'--10111------1---------1 -> 8'01000000 16'0000001001000000
  transition: 8'01000000 24'--11101----------------0 -> 8'01000000 16'0000001001000000
  transition: 8'01000000 24'--11101-----00-----0---1 -> 8'01000000 16'0000001001000000
  transition: 8'01000000 24'--11101-----00-----1-0-1 -> 8'00100000 16'0000001000100000
  transition: 8'01000000 24'--11101-----00-----1-1-1 -> 8'01000000 16'0000001001000000
  transition: 8'01000000 24'--11101-----10---------1 -> 8'01000000 16'0000001001000000
  transition: 8'01000000 24'--11101------1---------1 -> 8'01000000 16'0000001001000000
  transition: 8'01000000 24'--11111----------------0 -> 8'01000000 16'0000001001000000
  transition: 8'01000000 24'--11111-----00-----0---1 -> 8'01000000 16'0000001001000000
  transition: 8'01000000 24'--11111-----00-----1-0-1 -> 8'00100000 16'0000001000100000
  transition: 8'01000000 24'--11111-----00-----1-1-1 -> 8'01000000 16'0000001001000000
  transition: 8'01000000 24'--11111-----10---------1 -> 8'01000000 16'0000001001000000
  transition: 8'01000000 24'--11111------1---------1 -> 8'01000000 16'0000001001000000
  transition: 8'00100000 24'--0---0----------------0 -> 8'01000000 16'0000010001000000
  transition: 8'00100000 24'-00---0---0---0-000-0--1 -> 8'00001000 16'0000010000001000
  transition: 8'00100000 24'-00---0---0---0--10-0--1 -> 8'00000010 16'0000010000000010
  transition: 8'00100000 24'-00---0---0---0-1-0-0--1 -> 8'00000100 16'0000010000000100
  transition: 8'00100000 24'--0---0----0--------1--1 -> 8'10000000 16'0000010010000000
  transition: 8'00100000 24'--0---0----1--------1--1 -> 8'01000000 16'0000010001000000
  transition: 8'00100000 24'-10---0----------------1 -> 8'01000000 16'0000010001000000
  transition: 8'00100000 24'--0---0---1------------1 -> 8'00000001 16'0000010000000001
  transition: 8'00100000 24'--0---0-----------1----1 -> 8'00000100 16'0000010000000100
  transition: 8'00100000 24'--0---0-------1--------1 -> 8'00001000 16'0000010000001000
  transition: 8'00100000 24'--00-01----------------0 -> 8'01000000 16'0000010001000000
  transition: 8'00100000 24'-000-01---0---0-000-0--1 -> 8'00001000 16'0000010000001000
  transition: 8'00100000 24'-000-01---0---0--10-0--1 -> 8'00000010 16'0000010000000010
  transition: 8'00100000 24'-000-01---0---0-1-0-0--1 -> 8'00000100 16'0000010000000100
  transition: 8'00100000 24'--00-01----0--------1--1 -> 8'10000000 16'0000010010000000
  transition: 8'00100000 24'--00-01----1--------1--1 -> 8'01000000 16'0000010001000000
  transition: 8'00100000 24'-100-01----------------1 -> 8'01000000 16'0000010001000000
  transition: 8'00100000 24'--00-01---1------------1 -> 8'00000001 16'0000010000000001
  transition: 8'00100000 24'--00-01-----------1----1 -> 8'00000100 16'0000010000000100
  transition: 8'00100000 24'--00-01-------1--------1 -> 8'00001000 16'0000010000001000
  transition: 8'00100000 24'--00011----------------- -> 8'10000000 16'0000010010000000
  transition: 8'00100000 24'--00111----------------0 -> 8'01000000 16'0000010001000000
  transition: 8'00100000 24'-000111---0---0-000-0--1 -> 8'00001000 16'0000010000001000
  transition: 8'00100000 24'-000111---0---0--10-0--1 -> 8'00000010 16'0000010000000010
  transition: 8'00100000 24'-000111---0---0-1-0-0--1 -> 8'00000100 16'0000010000000100
  transition: 8'00100000 24'--00111----0--------1--1 -> 8'10000000 16'0000010010000000
  transition: 8'00100000 24'--00111----1--------1--1 -> 8'01000000 16'0000010001000000
  transition: 8'00100000 24'-100111----------------1 -> 8'01000000 16'0000010001000000
  transition: 8'00100000 24'--00111---1------------1 -> 8'00000001 16'0000010000000001
  transition: 8'00100000 24'--00111-----------1----1 -> 8'00000100 16'0000010000000100
  transition: 8'00100000 24'--00111-------1--------1 -> 8'00001000 16'0000010000001000
  transition: 8'00100000 24'--010-1----------------- -> 8'10000000 16'0000010010000000
  transition: 8'00100000 24'--01101----------------0 -> 8'01000000 16'0000010001000000
  transition: 8'00100000 24'-001101---0---0-000-0--1 -> 8'00001000 16'0000010000001000
  transition: 8'00100000 24'-001101---0---0--10-0--1 -> 8'00000010 16'0000010000000010
  transition: 8'00100000 24'-001101---0---0-1-0-0--1 -> 8'00000100 16'0000010000000100
  transition: 8'00100000 24'--01101----0--------1--1 -> 8'10000000 16'0000010010000000
  transition: 8'00100000 24'--01101----1--------1--1 -> 8'01000000 16'0000010001000000
  transition: 8'00100000 24'-101101----------------1 -> 8'01000000 16'0000010001000000
  transition: 8'00100000 24'--01101---1------------1 -> 8'00000001 16'0000010000000001
  transition: 8'00100000 24'--01101-----------1----1 -> 8'00000100 16'0000010000000100
  transition: 8'00100000 24'--01101-------1--------1 -> 8'00001000 16'0000010000001000
  transition: 8'00100000 24'--01111----------------0 -> 8'01000000 16'0000010001000000
  transition: 8'00100000 24'-001111---0---0-000-0--1 -> 8'00001000 16'0000010000001000
  transition: 8'00100000 24'-001111---0---0--10-0--1 -> 8'00000010 16'0000010000000010
  transition: 8'00100000 24'-001111---0---0-1-0-0--1 -> 8'00000100 16'0000010000000100
  transition: 8'00100000 24'--01111----0--------1--1 -> 8'10000000 16'0000010010000000
  transition: 8'00100000 24'--01111----1--------1--1 -> 8'01000000 16'0000010001000000
  transition: 8'00100000 24'-101111----------------1 -> 8'01000000 16'0000010001000000
  transition: 8'00100000 24'--01111---1------------1 -> 8'00000001 16'0000010000000001
  transition: 8'00100000 24'--01111-----------1----1 -> 8'00000100 16'0000010000000100
  transition: 8'00100000 24'--01111-------1--------1 -> 8'00001000 16'0000010000001000
  transition: 8'00100000 24'--1-0------------------- -> 8'10000000 16'0000010010000000
  transition: 8'00100000 24'--1-1-0----------------0 -> 8'01000000 16'0000010001000000
  transition: 8'00100000 24'-01-1-0---0---0-000-0--1 -> 8'00001000 16'0000010000001000
  transition: 8'00100000 24'-01-1-0---0---0--10-0--1 -> 8'00000010 16'0000010000000010
  transition: 8'00100000 24'-01-1-0---0---0-1-0-0--1 -> 8'00000100 16'0000010000000100
  transition: 8'00100000 24'--1-1-0----0--------1--1 -> 8'10000000 16'0000010010000000
  transition: 8'00100000 24'--1-1-0----1--------1--1 -> 8'01000000 16'0000010001000000
  transition: 8'00100000 24'-11-1-0----------------1 -> 8'01000000 16'0000010001000000
  transition: 8'00100000 24'--1-1-0---1------------1 -> 8'00000001 16'0000010000000001
  transition: 8'00100000 24'--1-1-0-----------1----1 -> 8'00000100 16'0000010000000100
  transition: 8'00100000 24'--1-1-0-------1--------1 -> 8'00001000 16'0000010000001000
  transition: 8'00100000 24'--10101----------------0 -> 8'01000000 16'0000010001000000
  transition: 8'00100000 24'-010101---0---0-000-0--1 -> 8'00001000 16'0000010000001000
  transition: 8'00100000 24'-010101---0---0--10-0--1 -> 8'00000010 16'0000010000000010
  transition: 8'00100000 24'-010101---0---0-1-0-0--1 -> 8'00000100 16'0000010000000100
  transition: 8'00100000 24'--10101----0--------1--1 -> 8'10000000 16'0000010010000000
  transition: 8'00100000 24'--10101----1--------1--1 -> 8'01000000 16'0000010001000000
  transition: 8'00100000 24'-110101----------------1 -> 8'01000000 16'0000010001000000
  transition: 8'00100000 24'--10101---1------------1 -> 8'00000001 16'0000010000000001
  transition: 8'00100000 24'--10101-----------1----1 -> 8'00000100 16'0000010000000100
  transition: 8'00100000 24'--10101-------1--------1 -> 8'00001000 16'0000010000001000
  transition: 8'00100000 24'--10111----------------0 -> 8'01000000 16'0000010001000000
  transition: 8'00100000 24'-010111---0---0-000-0--1 -> 8'00001000 16'0000010000001000
  transition: 8'00100000 24'-010111---0---0--10-0--1 -> 8'00000010 16'0000010000000010
  transition: 8'00100000 24'-010111---0---0-1-0-0--1 -> 8'00000100 16'0000010000000100
  transition: 8'00100000 24'--10111----0--------1--1 -> 8'10000000 16'0000010010000000
  transition: 8'00100000 24'--10111----1--------1--1 -> 8'01000000 16'0000010001000000
  transition: 8'00100000 24'-110111----------------1 -> 8'01000000 16'0000010001000000
  transition: 8'00100000 24'--10111---1------------1 -> 8'00000001 16'0000010000000001
  transition: 8'00100000 24'--10111-----------1----1 -> 8'00000100 16'0000010000000100
  transition: 8'00100000 24'--10111-------1--------1 -> 8'00001000 16'0000010000001000
  transition: 8'00100000 24'--11101----------------0 -> 8'01000000 16'0000010001000000
  transition: 8'00100000 24'-011101---0---0-000-0--1 -> 8'00001000 16'0000010000001000
  transition: 8'00100000 24'-011101---0---0--10-0--1 -> 8'00000010 16'0000010000000010
  transition: 8'00100000 24'-011101---0---0-1-0-0--1 -> 8'00000100 16'0000010000000100
  transition: 8'00100000 24'--11101----0--------1--1 -> 8'10000000 16'0000010010000000
  transition: 8'00100000 24'--11101----1--------1--1 -> 8'01000000 16'0000010001000000
  transition: 8'00100000 24'-111101----------------1 -> 8'01000000 16'0000010001000000
  transition: 8'00100000 24'--11101---1------------1 -> 8'00000001 16'0000010000000001
  transition: 8'00100000 24'--11101-----------1----1 -> 8'00000100 16'0000010000000100
  transition: 8'00100000 24'--11101-------1--------1 -> 8'00001000 16'0000010000001000
  transition: 8'00100000 24'--11111----------------0 -> 8'01000000 16'0000010001000000
  transition: 8'00100000 24'-011111---0---0-000-0--1 -> 8'00001000 16'0000010000001000
  transition: 8'00100000 24'-011111---0---0--10-0--1 -> 8'00000010 16'0000010000000010
  transition: 8'00100000 24'-011111---0---0-1-0-0--1 -> 8'00000100 16'0000010000000100
  transition: 8'00100000 24'--11111----0--------1--1 -> 8'10000000 16'0000010010000000
  transition: 8'00100000 24'--11111----1--------1--1 -> 8'01000000 16'0000010001000000
  transition: 8'00100000 24'-111111----------------1 -> 8'01000000 16'0000010001000000
  transition: 8'00100000 24'--11111---1------------1 -> 8'00000001 16'0000010000000001
  transition: 8'00100000 24'--11111-----------1----1 -> 8'00000100 16'0000010000000100
  transition: 8'00100000 24'--11111-------1--------1 -> 8'00001000 16'0000010000001000
  transition: 8'00001000 24'--0---0----------------0 -> 8'01000000 16'0001000001000000
  transition: 8'00001000 24'--0---0--------0-------1 -> 8'01000000 16'0001000001000000
  transition: 8'00001000 24'--0---0--------1------01 -> 8'00001000 16'0001000000001000
  transition: 8'00001000 24'--0---0--------1------11 -> 8'01000000 16'0001000001000000
  transition: 8'00001000 24'--00-01----------------0 -> 8'01000000 16'0001000001000000
  transition: 8'00001000 24'--00-01--------0-------1 -> 8'01000000 16'0001000001000000
  transition: 8'00001000 24'--00-01--------1------01 -> 8'00001000 16'0001000000001000
  transition: 8'00001000 24'--00-01--------1------11 -> 8'01000000 16'0001000001000000
  transition: 8'00001000 24'--00011----------------- -> 8'10000000 16'0001000010000000
  transition: 8'00001000 24'--00111----------------0 -> 8'01000000 16'0001000001000000
  transition: 8'00001000 24'--00111--------0-------1 -> 8'01000000 16'0001000001000000
  transition: 8'00001000 24'--00111--------1------01 -> 8'00001000 16'0001000000001000
  transition: 8'00001000 24'--00111--------1------11 -> 8'01000000 16'0001000001000000
  transition: 8'00001000 24'--010-1----------------- -> 8'10000000 16'0001000010000000
  transition: 8'00001000 24'--01101----------------0 -> 8'01000000 16'0001000001000000
  transition: 8'00001000 24'--01101--------0-------1 -> 8'01000000 16'0001000001000000
  transition: 8'00001000 24'--01101--------1------01 -> 8'00001000 16'0001000000001000
  transition: 8'00001000 24'--01101--------1------11 -> 8'01000000 16'0001000001000000
  transition: 8'00001000 24'--01111----------------0 -> 8'01000000 16'0001000001000000
  transition: 8'00001000 24'--01111--------0-------1 -> 8'01000000 16'0001000001000000
  transition: 8'00001000 24'--01111--------1------01 -> 8'00001000 16'0001000000001000
  transition: 8'00001000 24'--01111--------1------11 -> 8'01000000 16'0001000001000000
  transition: 8'00001000 24'--1-0------------------- -> 8'10000000 16'0001000010000000
  transition: 8'00001000 24'--1-1-0----------------0 -> 8'01000000 16'0001000001000000
  transition: 8'00001000 24'--1-1-0--------0-------1 -> 8'01000000 16'0001000001000000
  transition: 8'00001000 24'--1-1-0--------1------01 -> 8'00001000 16'0001000000001000
  transition: 8'00001000 24'--1-1-0--------1------11 -> 8'01000000 16'0001000001000000
  transition: 8'00001000 24'--10101----------------0 -> 8'01000000 16'0001000001000000
  transition: 8'00001000 24'--10101--------0-------1 -> 8'01000000 16'0001000001000000
  transition: 8'00001000 24'--10101--------1------01 -> 8'00001000 16'0001000000001000
  transition: 8'00001000 24'--10101--------1------11 -> 8'01000000 16'0001000001000000
  transition: 8'00001000 24'--10111----------------0 -> 8'01000000 16'0001000001000000
  transition: 8'00001000 24'--10111--------0-------1 -> 8'01000000 16'0001000001000000
  transition: 8'00001000 24'--10111--------1------01 -> 8'00001000 16'0001000000001000
  transition: 8'00001000 24'--10111--------1------11 -> 8'01000000 16'0001000001000000
  transition: 8'00001000 24'--11101----------------0 -> 8'01000000 16'0001000001000000
  transition: 8'00001000 24'--11101--------0-------1 -> 8'01000000 16'0001000001000000
  transition: 8'00001000 24'--11101--------1------01 -> 8'00001000 16'0001000000001000
  transition: 8'00001000 24'--11101--------1------11 -> 8'01000000 16'0001000001000000
  transition: 8'00001000 24'--11111----------------0 -> 8'01000000 16'0001000001000000
  transition: 8'00001000 24'--11111--------0-------1 -> 8'01000000 16'0001000001000000
  transition: 8'00001000 24'--11111--------1------01 -> 8'00001000 16'0001000000001000
  transition: 8'00001000 24'--11111--------1------11 -> 8'01000000 16'0001000001000000
  transition: 8'00000100 24'--0---0----------------0 -> 8'01000000 16'0010000001000000
  transition: 8'00000100 24'--0---0--0-------------1 -> 8'00000100 16'0010000000000100
  transition: 8'00000100 24'--0---0--1-------------1 -> 8'01000000 16'0010000001000000
  transition: 8'00000100 24'--00-01----------------0 -> 8'01000000 16'0010000001000000
  transition: 8'00000100 24'--00-01--0-------------1 -> 8'00000100 16'0010000000000100
  transition: 8'00000100 24'--00-01--1-------------1 -> 8'01000000 16'0010000001000000
  transition: 8'00000100 24'--00011----------------- -> 8'10000000 16'0010000010000000
  transition: 8'00000100 24'--00111----------------0 -> 8'01000000 16'0010000001000000
  transition: 8'00000100 24'--00111--0-------------1 -> 8'00000100 16'0010000000000100
  transition: 8'00000100 24'--00111--1-------------1 -> 8'01000000 16'0010000001000000
  transition: 8'00000100 24'--010-1----------------- -> 8'10000000 16'0010000010000000
  transition: 8'00000100 24'--01101----------------0 -> 8'01000000 16'0010000001000000
  transition: 8'00000100 24'--01101--0-------------1 -> 8'00000100 16'0010000000000100
  transition: 8'00000100 24'--01101--1-------------1 -> 8'01000000 16'0010000001000000
  transition: 8'00000100 24'--01111----------------0 -> 8'01000000 16'0010000001000000
  transition: 8'00000100 24'--01111--0-------------1 -> 8'00000100 16'0010000000000100
  transition: 8'00000100 24'--01111--1-------------1 -> 8'01000000 16'0010000001000000
  transition: 8'00000100 24'--1-0------------------- -> 8'10000000 16'0010000010000000
  transition: 8'00000100 24'--1-1-0----------------0 -> 8'01000000 16'0010000001000000
  transition: 8'00000100 24'--1-1-0--0-------------1 -> 8'00000100 16'0010000000000100
  transition: 8'00000100 24'--1-1-0--1-------------1 -> 8'01000000 16'0010000001000000
  transition: 8'00000100 24'--10101----------------0 -> 8'01000000 16'0010000001000000
  transition: 8'00000100 24'--10101--0-------------1 -> 8'00000100 16'0010000000000100
  transition: 8'00000100 24'--10101--1-------------1 -> 8'01000000 16'0010000001000000
  transition: 8'00000100 24'--10111----------------0 -> 8'01000000 16'0010000001000000
  transition: 8'00000100 24'--10111--0-------------1 -> 8'00000100 16'0010000000000100
  transition: 8'00000100 24'--10111--1-------------1 -> 8'01000000 16'0010000001000000
  transition: 8'00000100 24'--11101----------------0 -> 8'01000000 16'0010000001000000
  transition: 8'00000100 24'--11101--0-------------1 -> 8'00000100 16'0010000000000100
  transition: 8'00000100 24'--11101--1-------------1 -> 8'01000000 16'0010000001000000
  transition: 8'00000100 24'--11111----------------0 -> 8'01000000 16'0010000001000000
  transition: 8'00000100 24'--11111--0-------------1 -> 8'00000100 16'0010000000000100
  transition: 8'00000100 24'--11111--1-------------1 -> 8'01000000 16'0010000001000000
  transition: 8'00000010 24'--0---0----------------0 -> 8'01000000 16'0100000001000000
  transition: 8'00000010 24'--0---0-0--------------1 -> 8'00000010 16'0100000000000010
  transition: 8'00000010 24'--0---001--------------1 -> 8'00000010 16'0100000000000010
  transition: 8'00000010 24'--0---011--------------1 -> 8'01000000 16'0100000001000000
  transition: 8'00000010 24'--00-01----------------0 -> 8'01000000 16'0100000001000000
  transition: 8'00000010 24'--00-01-0--------------1 -> 8'00000010 16'0100000000000010
  transition: 8'00000010 24'--00-0101--------------1 -> 8'00000010 16'0100000000000010
  transition: 8'00000010 24'--00-0111--------------1 -> 8'01000000 16'0100000001000000
  transition: 8'00000010 24'--00011----------------- -> 8'10000000 16'0100000010000000
  transition: 8'00000010 24'--00111----------------0 -> 8'01000000 16'0100000001000000
  transition: 8'00000010 24'--00111-0--------------1 -> 8'00000010 16'0100000000000010
  transition: 8'00000010 24'--0011101--------------1 -> 8'00000010 16'0100000000000010
  transition: 8'00000010 24'--0011111--------------1 -> 8'01000000 16'0100000001000000
  transition: 8'00000010 24'--010-1----------------- -> 8'10000000 16'0100000010000000
  transition: 8'00000010 24'--01101----------------0 -> 8'01000000 16'0100000001000000
  transition: 8'00000010 24'--01101-0--------------1 -> 8'00000010 16'0100000000000010
  transition: 8'00000010 24'--0110101--------------1 -> 8'00000010 16'0100000000000010
  transition: 8'00000010 24'--0110111--------------1 -> 8'01000000 16'0100000001000000
  transition: 8'00000010 24'--01111----------------0 -> 8'01000000 16'0100000001000000
  transition: 8'00000010 24'--01111-0--------------1 -> 8'00000010 16'0100000000000010
  transition: 8'00000010 24'--0111101--------------1 -> 8'00000010 16'0100000000000010
  transition: 8'00000010 24'--0111111--------------1 -> 8'01000000 16'0100000001000000
  transition: 8'00000010 24'--1-0------------------- -> 8'10000000 16'0100000010000000
  transition: 8'00000010 24'--1-1-0----------------0 -> 8'01000000 16'0100000001000000
  transition: 8'00000010 24'--1-1-0-0--------------1 -> 8'00000010 16'0100000000000010
  transition: 8'00000010 24'--1-1-001--------------1 -> 8'00000010 16'0100000000000010
  transition: 8'00000010 24'--1-1-011--------------1 -> 8'01000000 16'0100000001000000
  transition: 8'00000010 24'--10101----------------0 -> 8'01000000 16'0100000001000000
  transition: 8'00000010 24'--10101-0--------------1 -> 8'00000010 16'0100000000000010
  transition: 8'00000010 24'--1010101--------------1 -> 8'00000010 16'0100000000000010
  transition: 8'00000010 24'--1010111--------------1 -> 8'01000000 16'0100000001000000
  transition: 8'00000010 24'--10111----------------0 -> 8'01000000 16'0100000001000000
  transition: 8'00000010 24'--10111-0--------------1 -> 8'00000010 16'0100000000000010
  transition: 8'00000010 24'--1011101--------------1 -> 8'00000010 16'0100000000000010
  transition: 8'00000010 24'--1011111--------------1 -> 8'01000000 16'0100000001000000
  transition: 8'00000010 24'--11101----------------0 -> 8'01000000 16'0100000001000000
  transition: 8'00000010 24'--11101-0--------------1 -> 8'00000010 16'0100000000000010
  transition: 8'00000010 24'--1110101--------------1 -> 8'00000010 16'0100000000000010
  transition: 8'00000010 24'--1110111--------------1 -> 8'01000000 16'0100000001000000
  transition: 8'00000010 24'--11111----------------0 -> 8'01000000 16'0100000001000000
  transition: 8'00000010 24'--11111-0--------------1 -> 8'00000010 16'0100000000000010
  transition: 8'00000010 24'--1111101--------------1 -> 8'00000010 16'0100000000000010
  transition: 8'00000010 24'--1111111--------------1 -> 8'01000000 16'0100000001000000
  transition: 8'00000001 24'--0---0----------------0 -> 8'01000000 16'1000000001000000
  transition: 8'00000001 24'--0---0-0--------------1 -> 8'00000001 16'1000000000000001
  transition: 8'00000001 24'--0---001--------------1 -> 8'00000001 16'1000000000000001
  transition: 8'00000001 24'--0---011--------------1 -> 8'01000000 16'1000000001000000
  transition: 8'00000001 24'--00-01----------------0 -> 8'01000000 16'1000000001000000
  transition: 8'00000001 24'--00-01-0--------------1 -> 8'00000001 16'1000000000000001
  transition: 8'00000001 24'--00-0101--------------1 -> 8'00000001 16'1000000000000001
  transition: 8'00000001 24'--00-0111--------------1 -> 8'01000000 16'1000000001000000
  transition: 8'00000001 24'--00011----------------- -> 8'10000000 16'1000000010000000
  transition: 8'00000001 24'--00111----------------0 -> 8'01000000 16'1000000001000000
  transition: 8'00000001 24'--00111-0--------------1 -> 8'00000001 16'1000000000000001
  transition: 8'00000001 24'--0011101--------------1 -> 8'00000001 16'1000000000000001
  transition: 8'00000001 24'--0011111--------------1 -> 8'01000000 16'1000000001000000
  transition: 8'00000001 24'--010-1----------------- -> 8'10000000 16'1000000010000000
  transition: 8'00000001 24'--01101----------------0 -> 8'01000000 16'1000000001000000
  transition: 8'00000001 24'--01101-0--------------1 -> 8'00000001 16'1000000000000001
  transition: 8'00000001 24'--0110101--------------1 -> 8'00000001 16'1000000000000001
  transition: 8'00000001 24'--0110111--------------1 -> 8'01000000 16'1000000001000000
  transition: 8'00000001 24'--01111----------------0 -> 8'01000000 16'1000000001000000
  transition: 8'00000001 24'--01111-0--------------1 -> 8'00000001 16'1000000000000001
  transition: 8'00000001 24'--0111101--------------1 -> 8'00000001 16'1000000000000001
  transition: 8'00000001 24'--0111111--------------1 -> 8'01000000 16'1000000001000000
  transition: 8'00000001 24'--1-0------------------- -> 8'10000000 16'1000000010000000
  transition: 8'00000001 24'--1-1-0----------------0 -> 8'01000000 16'1000000001000000
  transition: 8'00000001 24'--1-1-0-0--------------1 -> 8'00000001 16'1000000000000001
  transition: 8'00000001 24'--1-1-001--------------1 -> 8'00000001 16'1000000000000001
  transition: 8'00000001 24'--1-1-011--------------1 -> 8'01000000 16'1000000001000000
  transition: 8'00000001 24'--10101----------------0 -> 8'01000000 16'1000000001000000
  transition: 8'00000001 24'--10101-0--------------1 -> 8'00000001 16'1000000000000001
  transition: 8'00000001 24'--1010101--------------1 -> 8'00000001 16'1000000000000001
  transition: 8'00000001 24'--1010111--------------1 -> 8'01000000 16'1000000001000000
  transition: 8'00000001 24'--10111----------------0 -> 8'01000000 16'1000000001000000
  transition: 8'00000001 24'--10111-0--------------1 -> 8'00000001 16'1000000000000001
  transition: 8'00000001 24'--1011101--------------1 -> 8'00000001 16'1000000000000001
  transition: 8'00000001 24'--1011111--------------1 -> 8'01000000 16'1000000001000000
  transition: 8'00000001 24'--11101----------------0 -> 8'01000000 16'1000000001000000
  transition: 8'00000001 24'--11101-0--------------1 -> 8'00000001 16'1000000000000001
  transition: 8'00000001 24'--1110101--------------1 -> 8'00000001 16'1000000000000001
  transition: 8'00000001 24'--1110111--------------1 -> 8'01000000 16'1000000001000000
  transition: 8'00000001 24'--11111----------------0 -> 8'01000000 16'1000000001000000
  transition: 8'00000001 24'--11111-0--------------1 -> 8'00000001 16'1000000000000001
  transition: 8'00000001 24'--1111101--------------1 -> 8'00000001 16'1000000000000001
  transition: 8'00000001 24'--1111111--------------1 -> 8'01000000 16'1000000001000000

13.3. Executing FSM_OPT pass (simple optimizations of FSMs).
Optimizing FSM `$fsm$\cpu_state$5187' from module `$paramod$ce97735b3e205300b7cc20b49638b23e37b300ee\picorv32'.
  Merging pattern 24'--10101----------------1 and 24'--10111----------------1 from group (0 0 16'0000000110000000).
  Merging pattern 24'--01101----------------1 and 24'--01111----------------1 from group (0 0 16'0000000110000000).
  Merging pattern 24'--11101----------------1 and 24'--11111----------------1 from group (0 0 16'0000000110000000).
  Merging pattern 24'--10111----------------1 and 24'--10101----------------1 from group (0 0 16'0000000110000000).
  Merging pattern 24'--01111----------------1 and 24'--01101----------------1 from group (0 0 16'0000000110000000).
  Merging pattern 24'--11111----------------1 and 24'--11101----------------1 from group (0 0 16'0000000110000000).
  Merging pattern 24'--101-1----------------1 and 24'--111-1----------------1 from group (0 0 16'0000000110000000).
  Merging pattern 24'--111-1----------------1 and 24'--101-1----------------1 from group (0 0 16'0000000110000000).
  Merging pattern 24'--1-1-0----------------1 and 24'--1-1-1----------------1 from group (0 0 16'0000000110000000).
  Merging pattern 24'--1-1-1----------------1 and 24'--1-1-0----------------1 from group (0 0 16'0000000110000000).
  Merging pattern 24'--10101----------------0 and 24'--10111----------------0 from group (0 1 16'0000000101000000).
  Merging pattern 24'--01101----------------0 and 24'--01111----------------0 from group (0 1 16'0000000101000000).
  Merging pattern 24'--11101----------------0 and 24'--11111----------------0 from group (0 1 16'0000000101000000).
  Merging pattern 24'--10111----------------0 and 24'--10101----------------0 from group (0 1 16'0000000101000000).
  Merging pattern 24'--01111----------------0 and 24'--01101----------------0 from group (0 1 16'0000000101000000).
  Merging pattern 24'--11111----------------0 and 24'--11101----------------0 from group (0 1 16'0000000101000000).
  Merging pattern 24'--101-1----------------0 and 24'--111-1----------------0 from group (0 1 16'0000000101000000).
  Merging pattern 24'--111-1----------------0 and 24'--101-1----------------0 from group (0 1 16'0000000101000000).
  Merging pattern 24'--1-1-0----------------0 and 24'--1-1-1----------------0 from group (0 1 16'0000000101000000).
  Merging pattern 24'--1-1-1----------------0 and 24'--1-1-0----------------0 from group (0 1 16'0000000101000000).
  Merging pattern 24'--10101----------------0 and 24'--10111----------------0 from group (1 1 16'0000001001000000).
  Merging pattern 24'--01101----------------0 and 24'--01111----------------0 from group (1 1 16'0000001001000000).
  Merging pattern 24'--11101----------------0 and 24'--11111----------------0 from group (1 1 16'0000001001000000).
  Merging pattern 24'--10111----------------0 and 24'--10101----------------0 from group (1 1 16'0000001001000000).
  Merging pattern 24'--01111----------------0 and 24'--01101----------------0 from group (1 1 16'0000001001000000).
  Merging pattern 24'--11111----------------0 and 24'--11101----------------0 from group (1 1 16'0000001001000000).
  Merging pattern 24'--10101-----00-----1-1-1 and 24'--10111-----00-----1-1-1 from group (1 1 16'0000001001000000).
  Merging pattern 24'--01101-----00-----1-1-1 and 24'--01111-----00-----1-1-1 from group (1 1 16'0000001001000000).
  Merging pattern 24'--11101-----00-----1-1-1 and 24'--11111-----00-----1-1-1 from group (1 1 16'0000001001000000).
  Merging pattern 24'--10111-----00-----1-1-1 and 24'--10101-----00-----1-1-1 from group (1 1 16'0000001001000000).
  Merging pattern 24'--01111-----00-----1-1-1 and 24'--01101-----00-----1-1-1 from group (1 1 16'0000001001000000).
  Merging pattern 24'--11111-----00-----1-1-1 and 24'--11101-----00-----1-1-1 from group (1 1 16'0000001001000000).
  Merging pattern 24'--10101-----00-----0---1 and 24'--10111-----00-----0---1 from group (1 1 16'0000001001000000).
  Merging pattern 24'--01101-----00-----0---1 and 24'--01111-----00-----0---1 from group (1 1 16'0000001001000000).
  Merging pattern 24'--11101-----00-----0---1 and 24'--11111-----00-----0---1 from group (1 1 16'0000001001000000).
  Merging pattern 24'--10111-----00-----0---1 and 24'--10101-----00-----0---1 from group (1 1 16'0000001001000000).
  Merging pattern 24'--01111-----00-----0---1 and 24'--01101-----00-----0---1 from group (1 1 16'0000001001000000).
  Merging pattern 24'--11111-----00-----0---1 and 24'--11101-----00-----0---1 from group (1 1 16'0000001001000000).
  Merging pattern 24'--10101-----10---------1 and 24'--10111-----10---------1 from group (1 1 16'0000001001000000).
  Merging pattern 24'--01101-----10---------1 and 24'--01111-----10---------1 from group (1 1 16'0000001001000000).
  Merging pattern 24'--11101-----10---------1 and 24'--11111-----10---------1 from group (1 1 16'0000001001000000).
  Merging pattern 24'--10111-----10---------1 and 24'--10101-----10---------1 from group (1 1 16'0000001001000000).
  Merging pattern 24'--01111-----10---------1 and 24'--01101-----10---------1 from group (1 1 16'0000001001000000).
  Merging pattern 24'--11111-----10---------1 and 24'--11101-----10---------1 from group (1 1 16'0000001001000000).
  Merging pattern 24'--10101------1---------1 and 24'--10111------1---------1 from group (1 1 16'0000001001000000).
  Merging pattern 24'--01101------1---------1 and 24'--01111------1---------1 from group (1 1 16'0000001001000000).
  Merging pattern 24'--11101------1---------1 and 24'--11111------1---------1 from group (1 1 16'0000001001000000).
  Merging pattern 24'--10111------1---------1 and 24'--10101------1---------1 from group (1 1 16'0000001001000000).
  Merging pattern 24'--01111------1---------1 and 24'--01101------1---------1 from group (1 1 16'0000001001000000).
  Merging pattern 24'--11111------1---------1 and 24'--11101------1---------1 from group (1 1 16'0000001001000000).
  Merging pattern 24'--101-1----------------0 and 24'--111-1----------------0 from group (1 1 16'0000001001000000).
  Merging pattern 24'--111-1----------------0 and 24'--101-1----------------0 from group (1 1 16'0000001001000000).
  Merging pattern 24'--101-1-----00-----1-1-1 and 24'--111-1-----00-----1-1-1 from group (1 1 16'0000001001000000).
  Merging pattern 24'--111-1-----00-----1-1-1 and 24'--101-1-----00-----1-1-1 from group (1 1 16'0000001001000000).
  Merging pattern 24'--101-1-----00-----0---1 and 24'--111-1-----00-----0---1 from group (1 1 16'0000001001000000).
  Merging pattern 24'--111-1-----00-----0---1 and 24'--101-1-----00-----0---1 from group (1 1 16'0000001001000000).
  Merging pattern 24'--101-1-----10---------1 and 24'--111-1-----10---------1 from group (1 1 16'0000001001000000).
  Merging pattern 24'--111-1-----10---------1 and 24'--101-1-----10---------1 from group (1 1 16'0000001001000000).
  Merging pattern 24'--101-1------1---------1 and 24'--111-1------1---------1 from group (1 1 16'0000001001000000).
  Merging pattern 24'--111-1------1---------1 and 24'--101-1------1---------1 from group (1 1 16'0000001001000000).
  Merging pattern 24'--1-1-0----------------0 and 24'--1-1-1----------------0 from group (1 1 16'0000001001000000).
  Merging pattern 24'--1-1-1----------------0 and 24'--1-1-0----------------0 from group (1 1 16'0000001001000000).
  Merging pattern 24'--1-1-0-----00-----1-1-1 and 24'--1-1-1-----00-----1-1-1 from group (1 1 16'0000001001000000).
  Merging pattern 24'--1-1-1-----00-----1-1-1 and 24'--1-1-0-----00-----1-1-1 from group (1 1 16'0000001001000000).
  Merging pattern 24'--1-1-0-----00-----0---1 and 24'--1-1-1-----00-----0---1 from group (1 1 16'0000001001000000).
  Merging pattern 24'--1-1-1-----00-----0---1 and 24'--1-1-0-----00-----0---1 from group (1 1 16'0000001001000000).
  Merging pattern 24'--1-1-0-----10---------1 and 24'--1-1-1-----10---------1 from group (1 1 16'0000001001000000).
  Merging pattern 24'--1-1-1-----10---------1 and 24'--1-1-0-----10---------1 from group (1 1 16'0000001001000000).
  Merging pattern 24'--1-1-0------1---------1 and 24'--1-1-1------1---------1 from group (1 1 16'0000001001000000).
  Merging pattern 24'--1-1-1------1---------1 and 24'--1-1-0------1---------1 from group (1 1 16'0000001001000000).
  Merging pattern 24'--10101-----00-----1-0-1 and 24'--10111-----00-----1-0-1 from group (1 2 16'0000001000100000).
  Merging pattern 24'--01101-----00-----1-0-1 and 24'--01111-----00-----1-0-1 from group (1 2 16'0000001000100000).
  Merging pattern 24'--11101-----00-----1-0-1 and 24'--11111-----00-----1-0-1 from group (1 2 16'0000001000100000).
  Merging pattern 24'--10111-----00-----1-0-1 and 24'--10101-----00-----1-0-1 from group (1 2 16'0000001000100000).
  Merging pattern 24'--01111-----00-----1-0-1 and 24'--01101-----00-----1-0-1 from group (1 2 16'0000001000100000).
  Merging pattern 24'--11111-----00-----1-0-1 and 24'--11101-----00-----1-0-1 from group (1 2 16'0000001000100000).
  Merging pattern 24'--101-1-----00-----1-0-1 and 24'--111-1-----00-----1-0-1 from group (1 2 16'0000001000100000).
  Merging pattern 24'--111-1-----00-----1-0-1 and 24'--101-1-----00-----1-0-1 from group (1 2 16'0000001000100000).
  Merging pattern 24'--1-1-0-----00-----1-0-1 and 24'--1-1-1-----00-----1-0-1 from group (1 2 16'0000001000100000).
  Merging pattern 24'--1-1-1-----00-----1-0-1 and 24'--1-1-0-----00-----1-0-1 from group (1 2 16'0000001000100000).
  Merging pattern 24'--10101----0--------1--1 and 24'--10111----0--------1--1 from group (2 0 16'0000010010000000).
  Merging pattern 24'--01101----0--------1--1 and 24'--01111----0--------1--1 from group (2 0 16'0000010010000000).
  Merging pattern 24'--11101----0--------1--1 and 24'--11111----0--------1--1 from group (2 0 16'0000010010000000).
  Merging pattern 24'--10111----0--------1--1 and 24'--10101----0--------1--1 from group (2 0 16'0000010010000000).
  Merging pattern 24'--01111----0--------1--1 and 24'--01101----0--------1--1 from group (2 0 16'0000010010000000).
  Merging pattern 24'--11111----0--------1--1 and 24'--11101----0--------1--1 from group (2 0 16'0000010010000000).
  Merging pattern 24'--101-1----0--------1--1 and 24'--111-1----0--------1--1 from group (2 0 16'0000010010000000).
  Merging pattern 24'--111-1----0--------1--1 and 24'--101-1----0--------1--1 from group (2 0 16'0000010010000000).
  Merging pattern 24'--1-1-0----0--------1--1 and 24'--1-1-1----0--------1--1 from group (2 0 16'0000010010000000).
  Merging pattern 24'--1-1-1----0--------1--1 and 24'--1-1-0----0--------1--1 from group (2 0 16'0000010010000000).
  Merging pattern 24'--10101----------------0 and 24'--10111----------------0 from group (2 1 16'0000010001000000).
  Merging pattern 24'--01101----------------0 and 24'--01111----------------0 from group (2 1 16'0000010001000000).
  Merging pattern 24'--11101----------------0 and 24'--11111----------------0 from group (2 1 16'0000010001000000).
  Merging pattern 24'--10111----------------0 and 24'--10101----------------0 from group (2 1 16'0000010001000000).
  Merging pattern 24'--01111----------------0 and 24'--01101----------------0 from group (2 1 16'0000010001000000).
  Merging pattern 24'--11111----------------0 and 24'--11101----------------0 from group (2 1 16'0000010001000000).
  Merging pattern 24'--10101----1--------1--1 and 24'--10111----1--------1--1 from group (2 1 16'0000010001000000).
  Merging pattern 24'--01101----1--------1--1 and 24'--01111----1--------1--1 from group (2 1 16'0000010001000000).
  Merging pattern 24'--11101----1--------1--1 and 24'--11111----1--------1--1 from group (2 1 16'0000010001000000).
  Merging pattern 24'--10111----1--------1--1 and 24'--10101----1--------1--1 from group (2 1 16'0000010001000000).
  Merging pattern 24'--01111----1--------1--1 and 24'--01101----1--------1--1 from group (2 1 16'0000010001000000).
  Merging pattern 24'--11111----1--------1--1 and 24'--11101----1--------1--1 from group (2 1 16'0000010001000000).
  Merging pattern 24'-110101----------------1 and 24'-110111----------------1 from group (2 1 16'0000010001000000).
  Merging pattern 24'-101101----------------1 and 24'-101111----------------1 from group (2 1 16'0000010001000000).
  Merging pattern 24'-111101----------------1 and 24'-111111----------------1 from group (2 1 16'0000010001000000).
  Merging pattern 24'-110111----------------1 and 24'-110101----------------1 from group (2 1 16'0000010001000000).
  Merging pattern 24'-101111----------------1 and 24'-101101----------------1 from group (2 1 16'0000010001000000).
  Merging pattern 24'-111111----------------1 and 24'-111101----------------1 from group (2 1 16'0000010001000000).
  Merging pattern 24'--101-1----------------0 and 24'--111-1----------------0 from group (2 1 16'0000010001000000).
  Merging pattern 24'--111-1----------------0 and 24'--101-1----------------0 from group (2 1 16'0000010001000000).
  Merging pattern 24'--101-1----1--------1--1 and 24'--111-1----1--------1--1 from group (2 1 16'0000010001000000).
  Merging pattern 24'--111-1----1--------1--1 and 24'--101-1----1--------1--1 from group (2 1 16'0000010001000000).
  Merging pattern 24'-1101-1----------------1 and 24'-1111-1----------------1 from group (2 1 16'0000010001000000).
  Merging pattern 24'-1111-1----------------1 and 24'-1101-1----------------1 from group (2 1 16'0000010001000000).
  Merging pattern 24'--1-1-0----------------0 and 24'--1-1-1----------------0 from group (2 1 16'0000010001000000).
  Merging pattern 24'--1-1-1----------------0 and 24'--1-1-0----------------0 from group (2 1 16'0000010001000000).
  Merging pattern 24'--1-1-0----1--------1--1 and 24'--1-1-1----1--------1--1 from group (2 1 16'0000010001000000).
  Merging pattern 24'--1-1-1----1--------1--1 and 24'--1-1-0----1--------1--1 from group (2 1 16'0000010001000000).
  Merging pattern 24'-11-1-0----------------1 and 24'-11-1-1----------------1 from group (2 1 16'0000010001000000).
  Merging pattern 24'-11-1-1----------------1 and 24'-11-1-0----------------1 from group (2 1 16'0000010001000000).
  Merging pattern 24'-010101---0---0-000-0--1 and 24'-010111---0---0-000-0--1 from group (2 3 16'0000010000001000).
  Merging pattern 24'-001101---0---0-000-0--1 and 24'-001111---0---0-000-0--1 from group (2 3 16'0000010000001000).
  Merging pattern 24'-011101---0---0-000-0--1 and 24'-011111---0---0-000-0--1 from group (2 3 16'0000010000001000).
  Merging pattern 24'-010111---0---0-000-0--1 and 24'-010101---0---0-000-0--1 from group (2 3 16'0000010000001000).
  Merging pattern 24'-001111---0---0-000-0--1 and 24'-001101---0---0-000-0--1 from group (2 3 16'0000010000001000).
  Merging pattern 24'-011111---0---0-000-0--1 and 24'-011101---0---0-000-0--1 from group (2 3 16'0000010000001000).
  Merging pattern 24'--10101-------1--------1 and 24'--10111-------1--------1 from group (2 3 16'0000010000001000).
  Merging pattern 24'--01101-------1--------1 and 24'--01111-------1--------1 from group (2 3 16'0000010000001000).
  Merging pattern 24'--11101-------1--------1 and 24'--11111-------1--------1 from group (2 3 16'0000010000001000).
  Merging pattern 24'--10111-------1--------1 and 24'--10101-------1--------1 from group (2 3 16'0000010000001000).
  Merging pattern 24'--01111-------1--------1 and 24'--01101-------1--------1 from group (2 3 16'0000010000001000).
  Merging pattern 24'--11111-------1--------1 and 24'--11101-------1--------1 from group (2 3 16'0000010000001000).
  Merging pattern 24'-0101-1---0---0-000-0--1 and 24'-0111-1---0---0-000-0--1 from group (2 3 16'0000010000001000).
  Merging pattern 24'-0111-1---0---0-000-0--1 and 24'-0101-1---0---0-000-0--1 from group (2 3 16'0000010000001000).
  Merging pattern 24'--101-1-------1--------1 and 24'--111-1-------1--------1 from group (2 3 16'0000010000001000).
  Merging pattern 24'--111-1-------1--------1 and 24'--101-1-------1--------1 from group (2 3 16'0000010000001000).
  Merging pattern 24'-01-1-0---0---0-000-0--1 and 24'-01-1-1---0---0-000-0--1 from group (2 3 16'0000010000001000).
  Merging pattern 24'-01-1-1---0---0-000-0--1 and 24'-01-1-0---0---0-000-0--1 from group (2 3 16'0000010000001000).
  Merging pattern 24'--1-1-0-------1--------1 and 24'--1-1-1-------1--------1 from group (2 3 16'0000010000001000).
  Merging pattern 24'--1-1-1-------1--------1 and 24'--1-1-0-------1--------1 from group (2 3 16'0000010000001000).
  Merging pattern 24'-010101---0---0-1-0-0--1 and 24'-010111---0---0-1-0-0--1 from group (2 4 16'0000010000000100).
  Merging pattern 24'-001101---0---0-1-0-0--1 and 24'-001111---0---0-1-0-0--1 from group (2 4 16'0000010000000100).
  Merging pattern 24'-011101---0---0-1-0-0--1 and 24'-011111---0---0-1-0-0--1 from group (2 4 16'0000010000000100).
  Merging pattern 24'-010111---0---0-1-0-0--1 and 24'-010101---0---0-1-0-0--1 from group (2 4 16'0000010000000100).
  Merging pattern 24'-001111---0---0-1-0-0--1 and 24'-001101---0---0-1-0-0--1 from group (2 4 16'0000010000000100).
  Merging pattern 24'-011111---0---0-1-0-0--1 and 24'-011101---0---0-1-0-0--1 from group (2 4 16'0000010000000100).
  Merging pattern 24'--10101-----------1----1 and 24'--10111-----------1----1 from group (2 4 16'0000010000000100).
  Merging pattern 24'--01101-----------1----1 and 24'--01111-----------1----1 from group (2 4 16'0000010000000100).
  Merging pattern 24'--11101-----------1----1 and 24'--11111-----------1----1 from group (2 4 16'0000010000000100).
  Merging pattern 24'--10111-----------1----1 and 24'--10101-----------1----1 from group (2 4 16'0000010000000100).
  Merging pattern 24'--01111-----------1----1 and 24'--01101-----------1----1 from group (2 4 16'0000010000000100).
  Merging pattern 24'--11111-----------1----1 and 24'--11101-----------1----1 from group (2 4 16'0000010000000100).
  Merging pattern 24'-0101-1---0---0-1-0-0--1 and 24'-0111-1---0---0-1-0-0--1 from group (2 4 16'0000010000000100).
  Merging pattern 24'-0111-1---0---0-1-0-0--1 and 24'-0101-1---0---0-1-0-0--1 from group (2 4 16'0000010000000100).
  Merging pattern 24'--101-1-----------1----1 and 24'--111-1-----------1----1 from group (2 4 16'0000010000000100).
  Merging pattern 24'--111-1-----------1----1 and 24'--101-1-----------1----1 from group (2 4 16'0000010000000100).
  Merging pattern 24'-01-1-0---0---0-1-0-0--1 and 24'-01-1-1---0---0-1-0-0--1 from group (2 4 16'0000010000000100).
  Merging pattern 24'-01-1-1---0---0-1-0-0--1 and 24'-01-1-0---0---0-1-0-0--1 from group (2 4 16'0000010000000100).
  Merging pattern 24'--1-1-0-----------1----1 and 24'--1-1-1-----------1----1 from group (2 4 16'0000010000000100).
  Merging pattern 24'--1-1-1-----------1----1 and 24'--1-1-0-----------1----1 from group (2 4 16'0000010000000100).
  Merging pattern 24'-010101---0---0--10-0--1 and 24'-010111---0---0--10-0--1 from group (2 5 16'0000010000000010).
  Merging pattern 24'-001101---0---0--10-0--1 and 24'-001111---0---0--10-0--1 from group (2 5 16'0000010000000010).
  Merging pattern 24'-011101---0---0--10-0--1 and 24'-011111---0---0--10-0--1 from group (2 5 16'0000010000000010).
  Merging pattern 24'-010111---0---0--10-0--1 and 24'-010101---0---0--10-0--1 from group (2 5 16'0000010000000010).
  Merging pattern 24'-001111---0---0--10-0--1 and 24'-001101---0---0--10-0--1 from group (2 5 16'0000010000000010).
  Merging pattern 24'-011111---0---0--10-0--1 and 24'-011101---0---0--10-0--1 from group (2 5 16'0000010000000010).
  Merging pattern 24'-0101-1---0---0--10-0--1 and 24'-0111-1---0---0--10-0--1 from group (2 5 16'0000010000000010).
  Merging pattern 24'-0111-1---0---0--10-0--1 and 24'-0101-1---0---0--10-0--1 from group (2 5 16'0000010000000010).
  Merging pattern 24'-01-1-0---0---0--10-0--1 and 24'-01-1-1---0---0--10-0--1 from group (2 5 16'0000010000000010).
  Merging pattern 24'-01-1-1---0---0--10-0--1 and 24'-01-1-0---0---0--10-0--1 from group (2 5 16'0000010000000010).
  Merging pattern 24'--10101---1------------1 and 24'--10111---1------------1 from group (2 6 16'0000010000000001).
  Merging pattern 24'--01101---1------------1 and 24'--01111---1------------1 from group (2 6 16'0000010000000001).
  Merging pattern 24'--11101---1------------1 and 24'--11111---1------------1 from group (2 6 16'0000010000000001).
  Merging pattern 24'--10111---1------------1 and 24'--10101---1------------1 from group (2 6 16'0000010000000001).
  Merging pattern 24'--01111---1------------1 and 24'--01101---1------------1 from group (2 6 16'0000010000000001).
  Merging pattern 24'--11111---1------------1 and 24'--11101---1------------1 from group (2 6 16'0000010000000001).
  Merging pattern 24'--101-1---1------------1 and 24'--111-1---1------------1 from group (2 6 16'0000010000000001).
  Merging pattern 24'--111-1---1------------1 and 24'--101-1---1------------1 from group (2 6 16'0000010000000001).
  Merging pattern 24'--1-1-0---1------------1 and 24'--1-1-1---1------------1 from group (2 6 16'0000010000000001).
  Merging pattern 24'--1-1-1---1------------1 and 24'--1-1-0---1------------1 from group (2 6 16'0000010000000001).
  Merging pattern 24'--10101----------------0 and 24'--10111----------------0 from group (3 1 16'0001000001000000).
  Merging pattern 24'--01101----------------0 and 24'--01111----------------0 from group (3 1 16'0001000001000000).
  Merging pattern 24'--11101----------------0 and 24'--11111----------------0 from group (3 1 16'0001000001000000).
  Merging pattern 24'--10111----------------0 and 24'--10101----------------0 from group (3 1 16'0001000001000000).
  Merging pattern 24'--01111----------------0 and 24'--01101----------------0 from group (3 1 16'0001000001000000).
  Merging pattern 24'--11111----------------0 and 24'--11101----------------0 from group (3 1 16'0001000001000000).
  Merging pattern 24'--10101--------1------11 and 24'--10111--------1------11 from group (3 1 16'0001000001000000).
  Merging pattern 24'--01101--------1------11 and 24'--01111--------1------11 from group (3 1 16'0001000001000000).
  Merging pattern 24'--11101--------1------11 and 24'--11111--------1------11 from group (3 1 16'0001000001000000).
  Merging pattern 24'--10111--------1------11 and 24'--10101--------1------11 from group (3 1 16'0001000001000000).
  Merging pattern 24'--01111--------1------11 and 24'--01101--------1------11 from group (3 1 16'0001000001000000).
  Merging pattern 24'--11111--------1------11 and 24'--11101--------1------11 from group (3 1 16'0001000001000000).
  Merging pattern 24'--10101--------0-------1 and 24'--10111--------0-------1 from group (3 1 16'0001000001000000).
  Merging pattern 24'--01101--------0-------1 and 24'--01111--------0-------1 from group (3 1 16'0001000001000000).
  Merging pattern 24'--11101--------0-------1 and 24'--11111--------0-------1 from group (3 1 16'0001000001000000).
  Merging pattern 24'--10111--------0-------1 and 24'--10101--------0-------1 from group (3 1 16'0001000001000000).
  Merging pattern 24'--01111--------0-------1 and 24'--01101--------0-------1 from group (3 1 16'0001000001000000).
  Merging pattern 24'--11111--------0-------1 and 24'--11101--------0-------1 from group (3 1 16'0001000001000000).
  Merging pattern 24'--101-1----------------0 and 24'--111-1----------------0 from group (3 1 16'0001000001000000).
  Merging pattern 24'--111-1----------------0 and 24'--101-1----------------0 from group (3 1 16'0001000001000000).
  Merging pattern 24'--101-1--------1------11 and 24'--111-1--------1------11 from group (3 1 16'0001000001000000).
  Merging pattern 24'--111-1--------1------11 and 24'--101-1--------1------11 from group (3 1 16'0001000001000000).
  Merging pattern 24'--101-1--------0-------1 and 24'--111-1--------0-------1 from group (3 1 16'0001000001000000).
  Merging pattern 24'--111-1--------0-------1 and 24'--101-1--------0-------1 from group (3 1 16'0001000001000000).
  Merging pattern 24'--1-1-0----------------0 and 24'--1-1-1----------------0 from group (3 1 16'0001000001000000).
  Merging pattern 24'--1-1-1----------------0 and 24'--1-1-0----------------0 from group (3 1 16'0001000001000000).
  Merging pattern 24'--1-1-0--------1------11 and 24'--1-1-1--------1------11 from group (3 1 16'0001000001000000).
  Merging pattern 24'--1-1-1--------1------11 and 24'--1-1-0--------1------11 from group (3 1 16'0001000001000000).
  Merging pattern 24'--1-1-0--------0-------1 and 24'--1-1-1--------0-------1 from group (3 1 16'0001000001000000).
  Merging pattern 24'--1-1-1--------0-------1 and 24'--1-1-0--------0-------1 from group (3 1 16'0001000001000000).
  Merging pattern 24'--10101--------1------01 and 24'--10111--------1------01 from group (3 3 16'0001000000001000).
  Merging pattern 24'--01101--------1------01 and 24'--01111--------1------01 from group (3 3 16'0001000000001000).
  Merging pattern 24'--11101--------1------01 and 24'--11111--------1------01 from group (3 3 16'0001000000001000).
  Merging pattern 24'--10111--------1------01 and 24'--10101--------1------01 from group (3 3 16'0001000000001000).
  Merging pattern 24'--01111--------1------01 and 24'--01101--------1------01 from group (3 3 16'0001000000001000).
  Merging pattern 24'--11111--------1------01 and 24'--11101--------1------01 from group (3 3 16'0001000000001000).
  Merging pattern 24'--101-1--------1------01 and 24'--111-1--------1------01 from group (3 3 16'0001000000001000).
  Merging pattern 24'--111-1--------1------01 and 24'--101-1--------1------01 from group (3 3 16'0001000000001000).
  Merging pattern 24'--1-1-0--------1------01 and 24'--1-1-1--------1------01 from group (3 3 16'0001000000001000).
  Merging pattern 24'--1-1-1--------1------01 and 24'--1-1-0--------1------01 from group (3 3 16'0001000000001000).
  Merging pattern 24'--10101----------------0 and 24'--10111----------------0 from group (4 1 16'0010000001000000).
  Merging pattern 24'--01101----------------0 and 24'--01111----------------0 from group (4 1 16'0010000001000000).
  Merging pattern 24'--11101----------------0 and 24'--11111----------------0 from group (4 1 16'0010000001000000).
  Merging pattern 24'--10111----------------0 and 24'--10101----------------0 from group (4 1 16'0010000001000000).
  Merging pattern 24'--01111----------------0 and 24'--01101----------------0 from group (4 1 16'0010000001000000).
  Merging pattern 24'--11111----------------0 and 24'--11101----------------0 from group (4 1 16'0010000001000000).
  Merging pattern 24'--10101--1-------------1 and 24'--10111--1-------------1 from group (4 1 16'0010000001000000).
  Merging pattern 24'--01101--1-------------1 and 24'--01111--1-------------1 from group (4 1 16'0010000001000000).
  Merging pattern 24'--11101--1-------------1 and 24'--11111--1-------------1 from group (4 1 16'0010000001000000).
  Merging pattern 24'--10111--1-------------1 and 24'--10101--1-------------1 from group (4 1 16'0010000001000000).
  Merging pattern 24'--01111--1-------------1 and 24'--01101--1-------------1 from group (4 1 16'0010000001000000).
  Merging pattern 24'--11111--1-------------1 and 24'--11101--1-------------1 from group (4 1 16'0010000001000000).
  Merging pattern 24'--101-1----------------0 and 24'--111-1----------------0 from group (4 1 16'0010000001000000).
  Merging pattern 24'--111-1----------------0 and 24'--101-1----------------0 from group (4 1 16'0010000001000000).
  Merging pattern 24'--101-1--1-------------1 and 24'--111-1--1-------------1 from group (4 1 16'0010000001000000).
  Merging pattern 24'--111-1--1-------------1 and 24'--101-1--1-------------1 from group (4 1 16'0010000001000000).
  Merging pattern 24'--1-1-0----------------0 and 24'--1-1-1----------------0 from group (4 1 16'0010000001000000).
  Merging pattern 24'--1-1-1----------------0 and 24'--1-1-0----------------0 from group (4 1 16'0010000001000000).
  Merging pattern 24'--1-1-0--1-------------1 and 24'--1-1-1--1-------------1 from group (4 1 16'0010000001000000).
  Merging pattern 24'--1-1-1--1-------------1 and 24'--1-1-0--1-------------1 from group (4 1 16'0010000001000000).
  Merging pattern 24'--10101--0-------------1 and 24'--10111--0-------------1 from group (4 4 16'0010000000000100).
  Merging pattern 24'--01101--0-------------1 and 24'--01111--0-------------1 from group (4 4 16'0010000000000100).
  Merging pattern 24'--11101--0-------------1 and 24'--11111--0-------------1 from group (4 4 16'0010000000000100).
  Merging pattern 24'--10111--0-------------1 and 24'--10101--0-------------1 from group (4 4 16'0010000000000100).
  Merging pattern 24'--01111--0-------------1 and 24'--01101--0-------------1 from group (4 4 16'0010000000000100).
  Merging pattern 24'--11111--0-------------1 and 24'--11101--0-------------1 from group (4 4 16'0010000000000100).
  Merging pattern 24'--101-1--0-------------1 and 24'--111-1--0-------------1 from group (4 4 16'0010000000000100).
  Merging pattern 24'--111-1--0-------------1 and 24'--101-1--0-------------1 from group (4 4 16'0010000000000100).
  Merging pattern 24'--1-1-0--0-------------1 and 24'--1-1-1--0-------------1 from group (4 4 16'0010000000000100).
  Merging pattern 24'--1-1-1--0-------------1 and 24'--1-1-0--0-------------1 from group (4 4 16'0010000000000100).
  Merging pattern 24'--10101----------------0 and 24'--10111----------------0 from group (5 1 16'0100000001000000).
  Merging pattern 24'--01101----------------0 and 24'--01111----------------0 from group (5 1 16'0100000001000000).
  Merging pattern 24'--11101----------------0 and 24'--11111----------------0 from group (5 1 16'0100000001000000).
  Merging pattern 24'--10111----------------0 and 24'--10101----------------0 from group (5 1 16'0100000001000000).
  Merging pattern 24'--01111----------------0 and 24'--01101----------------0 from group (5 1 16'0100000001000000).
  Merging pattern 24'--11111----------------0 and 24'--11101----------------0 from group (5 1 16'0100000001000000).
  Merging pattern 24'--1010111--------------1 and 24'--1011111--------------1 from group (5 1 16'0100000001000000).
  Merging pattern 24'--0110111--------------1 and 24'--0111111--------------1 from group (5 1 16'0100000001000000).
  Merging pattern 24'--1110111--------------1 and 24'--1111111--------------1 from group (5 1 16'0100000001000000).
  Merging pattern 24'--1011111--------------1 and 24'--1010111--------------1 from group (5 1 16'0100000001000000).
  Merging pattern 24'--0111111--------------1 and 24'--0110111--------------1 from group (5 1 16'0100000001000000).
  Merging pattern 24'--1111111--------------1 and 24'--1110111--------------1 from group (5 1 16'0100000001000000).
  Merging pattern 24'--101-1----------------0 and 24'--111-1----------------0 from group (5 1 16'0100000001000000).
  Merging pattern 24'--111-1----------------0 and 24'--101-1----------------0 from group (5 1 16'0100000001000000).
  Merging pattern 24'--101-111--------------1 and 24'--111-111--------------1 from group (5 1 16'0100000001000000).
  Merging pattern 24'--111-111--------------1 and 24'--101-111--------------1 from group (5 1 16'0100000001000000).
  Merging pattern 24'--1-1-0----------------0 and 24'--1-1-1----------------0 from group (5 1 16'0100000001000000).
  Merging pattern 24'--1-1-1----------------0 and 24'--1-1-0----------------0 from group (5 1 16'0100000001000000).
  Merging pattern 24'--1-1-011--------------1 and 24'--1-1-111--------------1 from group (5 1 16'0100000001000000).
  Merging pattern 24'--1-1-111--------------1 and 24'--1-1-011--------------1 from group (5 1 16'0100000001000000).
  Merging pattern 24'--10101-0--------------1 and 24'--10111-0--------------1 from group (5 5 16'0100000000000010).
  Merging pattern 24'--01101-0--------------1 and 24'--01111-0--------------1 from group (5 5 16'0100000000000010).
  Merging pattern 24'--11101-0--------------1 and 24'--11111-0--------------1 from group (5 5 16'0100000000000010).
  Merging pattern 24'--10111-0--------------1 and 24'--10101-0--------------1 from group (5 5 16'0100000000000010).
  Merging pattern 24'--01111-0--------------1 and 24'--01101-0--------------1 from group (5 5 16'0100000000000010).
  Merging pattern 24'--11111-0--------------1 and 24'--11101-0--------------1 from group (5 5 16'0100000000000010).
  Merging pattern 24'--1010101--------------1 and 24'--1011101--------------1 from group (5 5 16'0100000000000010).
  Merging pattern 24'--0110101--------------1 and 24'--0111101--------------1 from group (5 5 16'0100000000000010).
  Merging pattern 24'--1110101--------------1 and 24'--1111101--------------1 from group (5 5 16'0100000000000010).
  Merging pattern 24'--1011101--------------1 and 24'--1010101--------------1 from group (5 5 16'0100000000000010).
  Merging pattern 24'--0111101--------------1 and 24'--0110101--------------1 from group (5 5 16'0100000000000010).
  Merging pattern 24'--1111101--------------1 and 24'--1110101--------------1 from group (5 5 16'0100000000000010).
  Merging pattern 24'--101-1-0--------------1 and 24'--111-1-0--------------1 from group (5 5 16'0100000000000010).
  Merging pattern 24'--111-1-0--------------1 and 24'--101-1-0--------------1 from group (5 5 16'0100000000000010).
  Merging pattern 24'--101-101--------------1 and 24'--111-101--------------1 from group (5 5 16'0100000000000010).
  Merging pattern 24'--111-101--------------1 and 24'--101-101--------------1 from group (5 5 16'0100000000000010).
  Merging pattern 24'--1-1-0-0--------------1 and 24'--1-1-1-0--------------1 from group (5 5 16'0100000000000010).
  Merging pattern 24'--1-1-1-0--------------1 and 24'--1-1-0-0--------------1 from group (5 5 16'0100000000000010).
  Merging pattern 24'--1-1-001--------------1 and 24'--1-1-101--------------1 from group (5 5 16'0100000000000010).
  Merging pattern 24'--1-1-101--------------1 and 24'--1-1-001--------------1 from group (5 5 16'0100000000000010).
  Merging pattern 24'--10101----------------0 and 24'--10111----------------0 from group (6 1 16'1000000001000000).
  Merging pattern 24'--01101----------------0 and 24'--01111----------------0 from group (6 1 16'1000000001000000).
  Merging pattern 24'--11101----------------0 and 24'--11111----------------0 from group (6 1 16'1000000001000000).
  Merging pattern 24'--10111----------------0 and 24'--10101----------------0 from group (6 1 16'1000000001000000).
  Merging pattern 24'--01111----------------0 and 24'--01101----------------0 from group (6 1 16'1000000001000000).
  Merging pattern 24'--11111----------------0 and 24'--11101----------------0 from group (6 1 16'1000000001000000).
  Merging pattern 24'--1010111--------------1 and 24'--1011111--------------1 from group (6 1 16'1000000001000000).
  Merging pattern 24'--0110111--------------1 and 24'--0111111--------------1 from group (6 1 16'1000000001000000).
  Merging pattern 24'--1110111--------------1 and 24'--1111111--------------1 from group (6 1 16'1000000001000000).
  Merging pattern 24'--1011111--------------1 and 24'--1010111--------------1 from group (6 1 16'1000000001000000).
  Merging pattern 24'--0111111--------------1 and 24'--0110111--------------1 from group (6 1 16'1000000001000000).
  Merging pattern 24'--1111111--------------1 and 24'--1110111--------------1 from group (6 1 16'1000000001000000).
  Merging pattern 24'--101-1----------------0 and 24'--111-1----------------0 from group (6 1 16'1000000001000000).
  Merging pattern 24'--111-1----------------0 and 24'--101-1----------------0 from group (6 1 16'1000000001000000).
  Merging pattern 24'--101-111--------------1 and 24'--111-111--------------1 from group (6 1 16'1000000001000000).
  Merging pattern 24'--111-111--------------1 and 24'--101-111--------------1 from group (6 1 16'1000000001000000).
  Merging pattern 24'--1-1-0----------------0 and 24'--1-1-1----------------0 from group (6 1 16'1000000001000000).
  Merging pattern 24'--1-1-1----------------0 and 24'--1-1-0----------------0 from group (6 1 16'1000000001000000).
  Merging pattern 24'--1-1-011--------------1 and 24'--1-1-111--------------1 from group (6 1 16'1000000001000000).
  Merging pattern 24'--1-1-111--------------1 and 24'--1-1-011--------------1 from group (6 1 16'1000000001000000).
  Merging pattern 24'--10101-0--------------1 and 24'--10111-0--------------1 from group (6 6 16'1000000000000001).
  Merging pattern 24'--01101-0--------------1 and 24'--01111-0--------------1 from group (6 6 16'1000000000000001).
  Merging pattern 24'--11101-0--------------1 and 24'--11111-0--------------1 from group (6 6 16'1000000000000001).
  Merging pattern 24'--10111-0--------------1 and 24'--10101-0--------------1 from group (6 6 16'1000000000000001).
  Merging pattern 24'--01111-0--------------1 and 24'--01101-0--------------1 from group (6 6 16'1000000000000001).
  Merging pattern 24'--11111-0--------------1 and 24'--11101-0--------------1 from group (6 6 16'1000000000000001).
  Merging pattern 24'--1010101--------------1 and 24'--1011101--------------1 from group (6 6 16'1000000000000001).
  Merging pattern 24'--0110101--------------1 and 24'--0111101--------------1 from group (6 6 16'1000000000000001).
  Merging pattern 24'--1110101--------------1 and 24'--1111101--------------1 from group (6 6 16'1000000000000001).
  Merging pattern 24'--1011101--------------1 and 24'--1010101--------------1 from group (6 6 16'1000000000000001).
  Merging pattern 24'--0111101--------------1 and 24'--0110101--------------1 from group (6 6 16'1000000000000001).
  Merging pattern 24'--1111101--------------1 and 24'--1110101--------------1 from group (6 6 16'1000000000000001).
  Merging pattern 24'--101-1-0--------------1 and 24'--111-1-0--------------1 from group (6 6 16'1000000000000001).
  Merging pattern 24'--111-1-0--------------1 and 24'--101-1-0--------------1 from group (6 6 16'1000000000000001).
  Merging pattern 24'--101-101--------------1 and 24'--111-101--------------1 from group (6 6 16'1000000000000001).
  Merging pattern 24'--111-101--------------1 and 24'--101-101--------------1 from group (6 6 16'1000000000000001).
  Merging pattern 24'--1-1-0-0--------------1 and 24'--1-1-1-0--------------1 from group (6 6 16'1000000000000001).
  Merging pattern 24'--1-1-1-0--------------1 and 24'--1-1-0-0--------------1 from group (6 6 16'1000000000000001).
  Merging pattern 24'--1-1-001--------------1 and 24'--1-1-101--------------1 from group (6 6 16'1000000000000001).
  Merging pattern 24'--1-1-101--------------1 and 24'--1-1-001--------------1 from group (6 6 16'1000000000000001).
  Removing unused input signal $auto$opt_reduce.cc:134:opt_pmux$5168.

13.4. Executing OPT_CLEAN pass (remove unused cells and wires).
Finding unused cells or wires in module $paramod$ce97735b3e205300b7cc20b49638b23e37b300ee\picorv32..
Finding unused cells or wires in module \data_mem..
Finding unused cells or wires in module \instr_mem..
Finding unused cells or wires in module \mini_soc_top..
Finding unused cells or wires in module \simple_interconnect..
Finding unused cells or wires in module \timer_periph..
Finding unused cells or wires in module \uart_periph..
Removed 30 unused cells and 30 unused wires.
<suppressed ~31 debug messages>

13.5. Executing FSM_OPT pass (simple optimizations of FSMs).
Optimizing FSM `$fsm$\cpu_state$5187' from module `$paramod$ce97735b3e205300b7cc20b49638b23e37b300ee\picorv32'.
  Removing unused output signal $0\cpu_state[7:0] [0].
  Removing unused output signal $0\cpu_state[7:0] [1].
  Removing unused output signal $0\cpu_state[7:0] [2].
  Removing unused output signal $0\cpu_state[7:0] [3].
  Removing unused output signal $0\cpu_state[7:0] [4].
  Removing unused output signal $0\cpu_state[7:0] [5].
  Removing unused output signal $0\cpu_state[7:0] [6].
  Removing unused output signal $0\cpu_state[7:0] [7].

13.6. Executing FSM_RECODE pass (re-assigning FSM state encoding).
Recoding FSM `$fsm$\cpu_state$5187' from module `$paramod$ce97735b3e205300b7cc20b49638b23e37b300ee\picorv32' using `auto' encoding:
  mapping auto encoding to `one-hot` for this FSM.
  10000000 -> ------1
  01000000 -> -----1-
  00100000 -> ----1--
  00001000 -> ---1---
  00000100 -> --1----
  00000010 -> -1-----
  00000001 -> 1------

13.7. Executing FSM_INFO pass (dumping all available information on FSM cells).

FSM `$fsm$\cpu_state$5187' from module `$paramod$ce97735b3e205300b7cc20b49638b23e37b300ee\picorv32':
-------------------------------------

  Information on FSM $fsm$\cpu_state$5187 (\cpu_state):

  Number of input signals:   23
  Number of output signals:   8
  Number of state bits:       7

  Input signals:
    0: \resetn
    1: \mem_done
    2: \instr_jal
    3: \instr_trap
    4: \decoder_trigger
    5: \is_slli_srli_srai
    6: \is_sb_sh_sw
    7: \is_sll_srl_sra
    8: \is_beq_bne_blt_bge_bltu_bgeu
    9: $auto$opt_reduce.cc:134:opt_pmux$4668
   10: $logic_and$../rtl/cpu/picorv32.v:1538$1472_Y
   11: $logic_and$../rtl/cpu/picorv32.v:1548$1480_Y
   12: $logic_and$../rtl/cpu/picorv32.v:1619$1495_Y
   13: $logic_and$../rtl/cpu/picorv32.v:1696$1509_Y
   14: $eq$../rtl/cpu/picorv32.v:1831$1537_Y
   15: $logic_or$../rtl/cpu/picorv32.v:1857$1555_Y
   16: $logic_and$../rtl/cpu/picorv32.v:1872$1559_Y
   17: $logic_and$../rtl/cpu/picorv32.v:1922$1574_Y
   18: $logic_and$../rtl/cpu/picorv32.v:1923$1577_Y
   19: $logic_and$../rtl/cpu/picorv32.v:1925$1581_Y
   20: $logic_and$../rtl/cpu/picorv32.v:1930$1584_Y
   21: $logic_and$../rtl/cpu/picorv32.v:1938$1592_Y
   22: $auto$opt_reduce.cc:134:opt_pmux$4684

  Output signals:
    0: $eq$../rtl/cpu/picorv32.v:1188$1355_Y
    1: $eq$../rtl/cpu/picorv32.v:1189$1356_Y
    2: $eq$../rtl/cpu/picorv32.v:1190$1357_Y
    3: $eq$../rtl/cpu/picorv32.v:1191$1358_Y
    4: $eq$../rtl/cpu/picorv32.v:1192$1359_Y
    5: $eq$../rtl/cpu/picorv32.v:1193$1360_Y
    6: $eq$../rtl/cpu/picorv32.v:1194$1361_Y
    7: $eq$../rtl/cpu/picorv32.v:1195$1362_Y

  State encoding:
    0:  7'------1
    1:  7'-----1-
    2:  7'----1--
    3:  7'---1---
    4:  7'--1----
    5:  7'-1-----
    6:  7'1------

  Transition Table (state_in, ctrl_in, state_out, ctrl_out):
      0:     0 23'-0---0----------------1   ->     0 8'00000001
      1:     0 23'-00-01----------------1   ->     0 8'00000001
      2:     0 23'-00111----------------1   ->     0 8'00000001
      3:     0 23'-011-1----------------1   ->     0 8'00000001
      4:     0 23'-1-1------------------1   ->     0 8'00000001
      5:     0 23'-00011-----------------   ->     0 8'00000001
      6:     0 23'-010-1-----------------   ->     0 8'00000001
      7:     0 23'-1-0-------------------   ->     0 8'00000001
      8:     0 23'-0---0----------------0   ->     1 8'00000001
      9:     0 23'-00-01----------------0   ->     1 8'00000001
     10:     0 23'-00111----------------0   ->     1 8'00000001
     11:     0 23'-011-1----------------0   ->     1 8'00000001
     12:     0 23'-1-1------------------0   ->     1 8'00000001
     13:     1 23'-00011-----------------   ->     0 8'00000010
     14:     1 23'-010-1-----------------   ->     0 8'00000010
     15:     1 23'-1-0-------------------   ->     0 8'00000010
     16:     1 23'-0---0----------------0   ->     1 8'00000010
     17:     1 23'-00-01----------------0   ->     1 8'00000010
     18:     1 23'-00111----------------0   ->     1 8'00000010
     19:     1 23'-011-1----------------0   ->     1 8'00000010
     20:     1 23'-1-1------------------0   ->     1 8'00000010
     21:     1 23'-0---0-----00-----1-1-1   ->     1 8'00000010
     22:     1 23'-00-01-----00-----1-1-1   ->     1 8'00000010
     23:     1 23'-00111-----00-----1-1-1   ->     1 8'00000010
     24:     1 23'-011-1-----00-----1-1-1   ->     1 8'00000010
     25:     1 23'-1-1-------00-----1-1-1   ->     1 8'00000010
     26:     1 23'-0---0-----00-----0---1   ->     1 8'00000010
     27:     1 23'-00-01-----00-----0---1   ->     1 8'00000010
     28:     1 23'-00111-----00-----0---1   ->     1 8'00000010
     29:     1 23'-011-1-----00-----0---1   ->     1 8'00000010
     30:     1 23'-1-1-------00-----0---1   ->     1 8'00000010
     31:     1 23'-0---0-----10---------1   ->     1 8'00000010
     32:     1 23'-00-01-----10---------1   ->     1 8'00000010
     33:     1 23'-00111-----10---------1   ->     1 8'00000010
     34:     1 23'-011-1-----10---------1   ->     1 8'00000010
     35:     1 23'-1-1-------10---------1   ->     1 8'00000010
     36:     1 23'-0---0------1---------1   ->     1 8'00000010
     37:     1 23'-00-01------1---------1   ->     1 8'00000010
     38:     1 23'-00111------1---------1   ->     1 8'00000010
     39:     1 23'-011-1------1---------1   ->     1 8'00000010
     40:     1 23'-1-1--------1---------1   ->     1 8'00000010
     41:     1 23'-0---0-----00-----1-0-1   ->     2 8'00000010
     42:     1 23'-00-01-----00-----1-0-1   ->     2 8'00000010
     43:     1 23'-00111-----00-----1-0-1   ->     2 8'00000010
     44:     1 23'-011-1-----00-----1-0-1   ->     2 8'00000010
     45:     1 23'-1-1-------00-----1-0-1   ->     2 8'00000010
     46:     2 23'-0---0----0--------1--1   ->     0 8'00000100
     47:     2 23'-00-01----0--------1--1   ->     0 8'00000100
     48:     2 23'-00111----0--------1--1   ->     0 8'00000100
     49:     2 23'-011-1----0--------1--1   ->     0 8'00000100
     50:     2 23'-1-1------0--------1--1   ->     0 8'00000100
     51:     2 23'-00011-----------------   ->     0 8'00000100
     52:     2 23'-010-1-----------------   ->     0 8'00000100
     53:     2 23'-1-0-------------------   ->     0 8'00000100
     54:     2 23'-0---0----------------0   ->     1 8'00000100
     55:     2 23'-00-01----------------0   ->     1 8'00000100
     56:     2 23'-00111----------------0   ->     1 8'00000100
     57:     2 23'-011-1----------------0   ->     1 8'00000100
     58:     2 23'-1-1------------------0   ->     1 8'00000100
     59:     2 23'-0---0----1--------1--1   ->     1 8'00000100
     60:     2 23'-00-01----1--------1--1   ->     1 8'00000100
     61:     2 23'-00111----1--------1--1   ->     1 8'00000100
     62:     2 23'-011-1----1--------1--1   ->     1 8'00000100
     63:     2 23'-1-1------1--------1--1   ->     1 8'00000100
     64:     2 23'10---0----------------1   ->     1 8'00000100
     65:     2 23'100-01----------------1   ->     1 8'00000100
     66:     2 23'100111----------------1   ->     1 8'00000100
     67:     2 23'1011-1----------------1   ->     1 8'00000100
     68:     2 23'11-1------------------1   ->     1 8'00000100
     69:     2 23'00---0---0---0-000-0--1   ->     3 8'00000100
     70:     2 23'000-01---0---0-000-0--1   ->     3 8'00000100
     71:     2 23'000111---0---0-000-0--1   ->     3 8'00000100
     72:     2 23'0011-1---0---0-000-0--1   ->     3 8'00000100
     73:     2 23'01-1-----0---0-000-0--1   ->     3 8'00000100
     74:     2 23'-0---0-------1--------1   ->     3 8'00000100
     75:     2 23'-00-01-------1--------1   ->     3 8'00000100
     76:     2 23'-00111-------1--------1   ->     3 8'00000100
     77:     2 23'-011-1-------1--------1   ->     3 8'00000100
     78:     2 23'-1-1---------1--------1   ->     3 8'00000100
     79:     2 23'00---0---0---0-1-0-0--1   ->     4 8'00000100
     80:     2 23'000-01---0---0-1-0-0--1   ->     4 8'00000100
     81:     2 23'000111---0---0-1-0-0--1   ->     4 8'00000100
     82:     2 23'0011-1---0---0-1-0-0--1   ->     4 8'00000100
     83:     2 23'01-1-----0---0-1-0-0--1   ->     4 8'00000100
     84:     2 23'-0---0-----------1----1   ->     4 8'00000100
     85:     2 23'-00-01-----------1----1   ->     4 8'00000100
     86:     2 23'-00111-----------1----1   ->     4 8'00000100
     87:     2 23'-011-1-----------1----1   ->     4 8'00000100
     88:     2 23'-1-1-------------1----1   ->     4 8'00000100
     89:     2 23'00---0---0---0--10-0--1   ->     5 8'00000100
     90:     2 23'000-01---0---0--10-0--1   ->     5 8'00000100
     91:     2 23'000111---0---0--10-0--1   ->     5 8'00000100
     92:     2 23'0011-1---0---0--10-0--1   ->     5 8'00000100
     93:     2 23'01-1-----0---0--10-0--1   ->     5 8'00000100
     94:     2 23'-0---0---1------------1   ->     6 8'00000100
     95:     2 23'-00-01---1------------1   ->     6 8'00000100
     96:     2 23'-00111---1------------1   ->     6 8'00000100
     97:     2 23'-011-1---1------------1   ->     6 8'00000100
     98:     2 23'-1-1-----1------------1   ->     6 8'00000100
     99:     3 23'-00011-----------------   ->     0 8'00010000
    100:     3 23'-010-1-----------------   ->     0 8'00010000
    101:     3 23'-1-0-------------------   ->     0 8'00010000
    102:     3 23'-0---0----------------0   ->     1 8'00010000
    103:     3 23'-00-01----------------0   ->     1 8'00010000
    104:     3 23'-00111----------------0   ->     1 8'00010000
    105:     3 23'-011-1----------------0   ->     1 8'00010000
    106:     3 23'-1-1------------------0   ->     1 8'00010000
    107:     3 23'-0---0--------1------11   ->     1 8'00010000
    108:     3 23'-00-01--------1------11   ->     1 8'00010000
    109:     3 23'-00111--------1------11   ->     1 8'00010000
    110:     3 23'-011-1--------1------11   ->     1 8'00010000
    111:     3 23'-1-1----------1------11   ->     1 8'00010000
    112:     3 23'-0---0--------0-------1   ->     1 8'00010000
    113:     3 23'-00-01--------0-------1   ->     1 8'00010000
    114:     3 23'-00111--------0-------1   ->     1 8'00010000
    115:     3 23'-011-1--------0-------1   ->     1 8'00010000
    116:     3 23'-1-1----------0-------1   ->     1 8'00010000
    117:     3 23'-0---0--------1------01   ->     3 8'00010000
    118:     3 23'-00-01--------1------01   ->     3 8'00010000
    119:     3 23'-00111--------1------01   ->     3 8'00010000
    120:     3 23'-011-1--------1------01   ->     3 8'00010000
    121:     3 23'-1-1----------1------01   ->     3 8'00010000
    122:     4 23'-00011-----------------   ->     0 8'00100000
    123:     4 23'-010-1-----------------   ->     0 8'00100000
    124:     4 23'-1-0-------------------   ->     0 8'00100000
    125:     4 23'-0---0----------------0   ->     1 8'00100000
    126:     4 23'-00-01----------------0   ->     1 8'00100000
    127:     4 23'-00111----------------0   ->     1 8'00100000
    128:     4 23'-011-1----------------0   ->     1 8'00100000
    129:     4 23'-1-1------------------0   ->     1 8'00100000
    130:     4 23'-0---0--1-------------1   ->     1 8'00100000
    131:     4 23'-00-01--1-------------1   ->     1 8'00100000
    132:     4 23'-00111--1-------------1   ->     1 8'00100000
    133:     4 23'-011-1--1-------------1   ->     1 8'00100000
    134:     4 23'-1-1----1-------------1   ->     1 8'00100000
    135:     4 23'-0---0--0-------------1   ->     4 8'00100000
    136:     4 23'-00-01--0-------------1   ->     4 8'00100000
    137:     4 23'-00111--0-------------1   ->     4 8'00100000
    138:     4 23'-011-1--0-------------1   ->     4 8'00100000
    139:     4 23'-1-1----0-------------1   ->     4 8'00100000
    140:     5 23'-00011-----------------   ->     0 8'01000000
    141:     5 23'-010-1-----------------   ->     0 8'01000000
    142:     5 23'-1-0-------------------   ->     0 8'01000000
    143:     5 23'-0---0----------------0   ->     1 8'01000000
    144:     5 23'-00-01----------------0   ->     1 8'01000000
    145:     5 23'-00111----------------0   ->     1 8'01000000
    146:     5 23'-011-1----------------0   ->     1 8'01000000
    147:     5 23'-1-1------------------0   ->     1 8'01000000
    148:     5 23'-0---011--------------1   ->     1 8'01000000
    149:     5 23'-00-0111--------------1   ->     1 8'01000000
    150:     5 23'-0011111--------------1   ->     1 8'01000000
    151:     5 23'-011-111--------------1   ->     1 8'01000000
    152:     5 23'-1-1--11--------------1   ->     1 8'01000000
    153:     5 23'-0---0-0--------------1   ->     5 8'01000000
    154:     5 23'-00-01-0--------------1   ->     5 8'01000000
    155:     5 23'-00111-0--------------1   ->     5 8'01000000
    156:     5 23'-011-1-0--------------1   ->     5 8'01000000
    157:     5 23'-1-1---0--------------1   ->     5 8'01000000
    158:     5 23'-0---001--------------1   ->     5 8'01000000
    159:     5 23'-00-0101--------------1   ->     5 8'01000000
    160:     5 23'-0011101--------------1   ->     5 8'01000000
    161:     5 23'-011-101--------------1   ->     5 8'01000000
    162:     5 23'-1-1--01--------------1   ->     5 8'01000000
    163:     6 23'-00011-----------------   ->     0 8'10000000
    164:     6 23'-010-1-----------------   ->     0 8'10000000
    165:     6 23'-1-0-------------------   ->     0 8'10000000
    166:     6 23'-0---0----------------0   ->     1 8'10000000
    167:     6 23'-00-01----------------0   ->     1 8'10000000
    168:     6 23'-00111----------------0   ->     1 8'10000000
    169:     6 23'-011-1----------------0   ->     1 8'10000000
    170:     6 23'-1-1------------------0   ->     1 8'10000000
    171:     6 23'-0---011--------------1   ->     1 8'10000000
    172:     6 23'-00-0111--------------1   ->     1 8'10000000
    173:     6 23'-0011111--------------1   ->     1 8'10000000
    174:     6 23'-011-111--------------1   ->     1 8'10000000
    175:     6 23'-1-1--11--------------1   ->     1 8'10000000
    176:     6 23'-0---0-0--------------1   ->     6 8'10000000
    177:     6 23'-00-01-0--------------1   ->     6 8'10000000
    178:     6 23'-00111-0--------------1   ->     6 8'10000000
    179:     6 23'-011-1-0--------------1   ->     6 8'10000000
    180:     6 23'-1-1---0--------------1   ->     6 8'10000000
    181:     6 23'-0---001--------------1   ->     6 8'10000000
    182:     6 23'-00-0101--------------1   ->     6 8'10000000
    183:     6 23'-0011101--------------1   ->     6 8'10000000
    184:     6 23'-011-101--------------1   ->     6 8'10000000
    185:     6 23'-1-1--01--------------1   ->     6 8'10000000

-------------------------------------

13.8. Executing FSM_MAP pass (mapping FSMs to basic logic).
Mapping FSM `$fsm$\cpu_state$5187' from module `$paramod$ce97735b3e205300b7cc20b49638b23e37b300ee\picorv32'.

14. Executing OPT pass (performing simple optimizations).

14.1. Executing OPT_EXPR pass (perform const folding).
Optimizing module $paramod$ce97735b3e205300b7cc20b49638b23e37b300ee\picorv32.
<suppressed ~2 debug messages>
Optimizing module data_mem.
Optimizing module instr_mem.
Optimizing module mini_soc_top.
Optimizing module simple_interconnect.
Optimizing module timer_periph.
Optimizing module uart_periph.

14.2. Executing OPT_MERGE pass (detect identical cells).
Finding identical cells in module `$paramod$ce97735b3e205300b7cc20b49638b23e37b300ee\picorv32'.
<suppressed ~45 debug messages>
Finding identical cells in module `\data_mem'.
Finding identical cells in module `\instr_mem'.
Finding identical cells in module `\mini_soc_top'.
Finding identical cells in module `\simple_interconnect'.
Finding identical cells in module `\timer_periph'.
Finding identical cells in module `\uart_periph'.
Removed a total of 15 cells.

14.3. Executing OPT_MUXTREE pass (detect dead branches in mux trees).
Running muxtree optimizer on module $paramod$ce97735b3e205300b7cc20b49638b23e37b300ee\picorv32..
  Creating internal representation of mux trees.
  Evaluating internal representation of mux trees.
  Analyzing evaluation results.
    dead port 2/4 on $pmux $procmux$2435.
    dead port 2/5 on $pmux $procmux$2899.
    dead port 1/3 on $pmux $procmux$3105.
Running muxtree optimizer on module \data_mem..
  Creating internal representation of mux trees.
  No muxes found in this module.
Running muxtree optimizer on module \instr_mem..
  Creating internal representation of mux trees.
  No muxes found in this module.
Running muxtree optimizer on module \mini_soc_top..
  Creating internal representation of mux trees.
  No muxes found in this module.
Running muxtree optimizer on module \simple_interconnect..
  Creating internal representation of mux trees.
  Evaluating internal representation of mux trees.
  Analyzing evaluation results.
Running muxtree optimizer on module \timer_periph..
  Creating internal representation of mux trees.
  Evaluating internal representation of mux trees.
  Analyzing evaluation results.
Running muxtree optimizer on module \uart_periph..
  Creating internal representation of mux trees.
  Evaluating internal representation of mux trees.
  Analyzing evaluation results.
Removed 3 multiplexer ports.
<suppressed ~67 debug messages>

14.4. Executing OPT_REDUCE pass (consolidate $*mux and $reduce_* inputs).
  Optimizing cells in module $paramod$ce97735b3e205300b7cc20b49638b23e37b300ee\picorv32.
    New input vector for $reduce_or cell $auto$opt_reduce.cc:128:opt_pmux$4689: { \cpu_state [6:2] \cpu_state [0] }
    New input vector for $reduce_or cell $auto$opt_reduce.cc:128:opt_pmux$4687: { \cpu_state [6:3] \cpu_state [0] }
    New input vector for $reduce_or cell $auto$opt_reduce.cc:128:opt_pmux$4677: { \cpu_state [6] \cpu_state [4:0] }
    New input vector for $reduce_or cell $auto$opt_reduce.cc:128:opt_pmux$4675: \cpu_state [5:0]
    New input vector for $reduce_or cell $auto$opt_reduce.cc:128:opt_pmux$4673: { \cpu_state [6:4] \cpu_state [2:0] }
  Optimizing cells in module $paramod$ce97735b3e205300b7cc20b49638b23e37b300ee\picorv32.
  Optimizing cells in module \data_mem.
  Optimizing cells in module \instr_mem.
  Optimizing cells in module \mini_soc_top.
  Optimizing cells in module \simple_interconnect.
  Optimizing cells in module \timer_periph.
  Optimizing cells in module \uart_periph.
Performed a total of 5 changes.

14.5. Executing OPT_MERGE pass (detect identical cells).
Finding identical cells in module `$paramod$ce97735b3e205300b7cc20b49638b23e37b300ee\picorv32'.
Finding identical cells in module `\data_mem'.
Finding identical cells in module `\instr_mem'.
Finding identical cells in module `\mini_soc_top'.
Finding identical cells in module `\simple_interconnect'.
Finding identical cells in module `\timer_periph'.
Finding identical cells in module `\uart_periph'.
Removed a total of 0 cells.

14.6. Executing OPT_DFF pass (perform DFF optimizations).
Adding EN signal on $auto$ff.cc:266:slice$5042 ($sdffe) from module $paramod$ce97735b3e205300b7cc20b49638b23e37b300ee\picorv32 (D = $procmux$2960_Y, Q = \mem_do_rinst).

14.7. Executing OPT_CLEAN pass (remove unused cells and wires).
Finding unused cells or wires in module $paramod$ce97735b3e205300b7cc20b49638b23e37b300ee\picorv32..
Finding unused cells or wires in module \data_mem..
Finding unused cells or wires in module \instr_mem..
Finding unused cells or wires in module \mini_soc_top..
Finding unused cells or wires in module \simple_interconnect..
Finding unused cells or wires in module \timer_periph..
Finding unused cells or wires in module \uart_periph..
Removed 0 unused cells and 27 unused wires.
<suppressed ~1 debug messages>

14.8. Executing OPT_EXPR pass (perform const folding).
Optimizing module $paramod$ce97735b3e205300b7cc20b49638b23e37b300ee\picorv32.
Optimizing module data_mem.
Optimizing module instr_mem.
Optimizing module mini_soc_top.
Optimizing module simple_interconnect.
Optimizing module timer_periph.
Optimizing module uart_periph.

14.9. Rerunning OPT passes. (Maybe there is more to do..)

14.10. Executing OPT_MUXTREE pass (detect dead branches in mux trees).
Running muxtree optimizer on module $paramod$ce97735b3e205300b7cc20b49638b23e37b300ee\picorv32..
  Creating internal representation of mux trees.
  Evaluating internal representation of mux trees.
  Analyzing evaluation results.
Running muxtree optimizer on module \data_mem..
  Creating internal representation of mux trees.
  No muxes found in this module.
Running muxtree optimizer on module \instr_mem..
  Creating internal representation of mux trees.
  No muxes found in this module.
Running muxtree optimizer on module \mini_soc_top..
  Creating internal representation of mux trees.
  No muxes found in this module.
Running muxtree optimizer on module \simple_interconnect..
  Creating internal representation of mux trees.
  Evaluating internal representation of mux trees.
  Analyzing evaluation results.
Running muxtree optimizer on module \timer_periph..
  Creating internal representation of mux trees.
  Evaluating internal representation of mux trees.
  Analyzing evaluation results.
Running muxtree optimizer on module \uart_periph..
  Creating internal representation of mux trees.
  Evaluating internal representation of mux trees.
  Analyzing evaluation results.
Removed 0 multiplexer ports.
<suppressed ~66 debug messages>

14.11. Executing OPT_REDUCE pass (consolidate $*mux and $reduce_* inputs).
  Optimizing cells in module $paramod$ce97735b3e205300b7cc20b49638b23e37b300ee\picorv32.
    New input vector for $reduce_and cell $auto$opt_dff.cc:220:make_patterns_logic$5738: { $auto$opt_dff.cc:194:make_patterns_logic$5735 $auto$opt_dff.cc:194:make_patterns_logic$5049 $auto$opt_dff.cc:194:make_patterns_logic$5047 $auto$opt_dff.cc:194:make_patterns_logic$5045 $auto$opt_dff.cc:194:make_patterns_logic$5043 }
  Optimizing cells in module $paramod$ce97735b3e205300b7cc20b49638b23e37b300ee\picorv32.
  Optimizing cells in module \data_mem.
  Optimizing cells in module \instr_mem.
  Optimizing cells in module \mini_soc_top.
  Optimizing cells in module \simple_interconnect.
  Optimizing cells in module \timer_periph.
  Optimizing cells in module \uart_periph.
Performed a total of 1 changes.

14.12. Executing OPT_MERGE pass (detect identical cells).
Finding identical cells in module `$paramod$ce97735b3e205300b7cc20b49638b23e37b300ee\picorv32'.
Finding identical cells in module `\data_mem'.
Finding identical cells in module `\instr_mem'.
Finding identical cells in module `\mini_soc_top'.
Finding identical cells in module `\simple_interconnect'.
Finding identical cells in module `\timer_periph'.
Finding identical cells in module `\uart_periph'.
Removed a total of 0 cells.

14.13. Executing OPT_DFF pass (perform DFF optimizations).

14.14. Executing OPT_CLEAN pass (remove unused cells and wires).
Finding unused cells or wires in module $paramod$ce97735b3e205300b7cc20b49638b23e37b300ee\picorv32..
Finding unused cells or wires in module \data_mem..
Finding unused cells or wires in module \instr_mem..
Finding unused cells or wires in module \mini_soc_top..
Finding unused cells or wires in module \simple_interconnect..
Finding unused cells or wires in module \timer_periph..
Finding unused cells or wires in module \uart_periph..
Removed 1 unused cells and 1 unused wires.
<suppressed ~2 debug messages>

14.15. Executing OPT_EXPR pass (perform const folding).
Optimizing module $paramod$ce97735b3e205300b7cc20b49638b23e37b300ee\picorv32.
Optimizing module data_mem.
Optimizing module instr_mem.
Optimizing module mini_soc_top.
Optimizing module simple_interconnect.
Optimizing module timer_periph.
Optimizing module uart_periph.

14.16. Rerunning OPT passes. (Maybe there is more to do..)

14.17. Executing OPT_MUXTREE pass (detect dead branches in mux trees).
Running muxtree optimizer on module $paramod$ce97735b3e205300b7cc20b49638b23e37b300ee\picorv32..
  Creating internal representation of mux trees.
  Evaluating internal representation of mux trees.
  Analyzing evaluation results.
Running muxtree optimizer on module \data_mem..
  Creating internal representation of mux trees.
  No muxes found in this module.
Running muxtree optimizer on module \instr_mem..
  Creating internal representation of mux trees.
  No muxes found in this module.
Running muxtree optimizer on module \mini_soc_top..
  Creating internal representation of mux trees.
  No muxes found in this module.
Running muxtree optimizer on module \simple_interconnect..
  Creating internal representation of mux trees.
  Evaluating internal representation of mux trees.
  Analyzing evaluation results.
Running muxtree optimizer on module \timer_periph..
  Creating internal representation of mux trees.
  Evaluating internal representation of mux trees.
  Analyzing evaluation results.
Running muxtree optimizer on module \uart_periph..
  Creating internal representation of mux trees.
  Evaluating internal representation of mux trees.
  Analyzing evaluation results.
Removed 0 multiplexer ports.
<suppressed ~66 debug messages>

14.18. Executing OPT_REDUCE pass (consolidate $*mux and $reduce_* inputs).
  Optimizing cells in module $paramod$ce97735b3e205300b7cc20b49638b23e37b300ee\picorv32.
  Optimizing cells in module \data_mem.
  Optimizing cells in module \instr_mem.
  Optimizing cells in module \mini_soc_top.
  Optimizing cells in module \simple_interconnect.
  Optimizing cells in module \timer_periph.
  Optimizing cells in module \uart_periph.
Performed a total of 0 changes.

14.19. Executing OPT_MERGE pass (detect identical cells).
Finding identical cells in module `$paramod$ce97735b3e205300b7cc20b49638b23e37b300ee\picorv32'.
Finding identical cells in module `\data_mem'.
Finding identical cells in module `\instr_mem'.
Finding identical cells in module `\mini_soc_top'.
Finding identical cells in module `\simple_interconnect'.
Finding identical cells in module `\timer_periph'.
Finding identical cells in module `\uart_periph'.
Removed a total of 0 cells.

14.20. Executing OPT_DFF pass (perform DFF optimizations).

14.21. Executing OPT_CLEAN pass (remove unused cells and wires).
Finding unused cells or wires in module $paramod$ce97735b3e205300b7cc20b49638b23e37b300ee\picorv32..
Finding unused cells or wires in module \data_mem..
Finding unused cells or wires in module \instr_mem..
Finding unused cells or wires in module \mini_soc_top..
Finding unused cells or wires in module \simple_interconnect..
Finding unused cells or wires in module \timer_periph..
Finding unused cells or wires in module \uart_periph..

14.22. Executing OPT_EXPR pass (perform const folding).
Optimizing module $paramod$ce97735b3e205300b7cc20b49638b23e37b300ee\picorv32.
Optimizing module data_mem.
Optimizing module instr_mem.
Optimizing module mini_soc_top.
Optimizing module simple_interconnect.
Optimizing module timer_periph.
Optimizing module uart_periph.

14.23. Finished OPT passes. (There is nothing left to do.)

15. Executing MEMORY pass.

15.1. Executing OPT_MEM pass (optimize memories).
Performed a total of 0 transformations.

15.2. Executing OPT_MEM_PRIORITY pass (removing unnecessary memory write priority relations).
Performed a total of 0 transformations.

15.3. Executing OPT_MEM_FEEDBACK pass (finding memory read-to-write feedback paths).
  Analyzing $paramod$ce97735b3e205300b7cc20b49638b23e37b300ee\picorv32.cpuregs write port 0.

15.4. Executing MEMORY_BMUX2ROM pass (converting muxes to ROMs).

15.5. Executing MEMORY_DFF pass (merging $dff cells to $memrd).
Checking read port `\cpuregs'[0] in module `$paramod$ce97735b3e205300b7cc20b49638b23e37b300ee\picorv32': no output FF found.
Checking read port `\cpuregs'[1] in module `$paramod$ce97735b3e205300b7cc20b49638b23e37b300ee\picorv32': no output FF found.
Checking read port address `\cpuregs'[0] in module `$paramod$ce97735b3e205300b7cc20b49638b23e37b300ee\picorv32': merged address FF to cell.
Checking read port address `\cpuregs'[1] in module `$paramod$ce97735b3e205300b7cc20b49638b23e37b300ee\picorv32': merged address FF to cell.

15.6. Executing OPT_CLEAN pass (remove unused cells and wires).
Finding unused cells or wires in module $paramod$ce97735b3e205300b7cc20b49638b23e37b300ee\picorv32..
Finding unused cells or wires in module \data_mem..
Finding unused cells or wires in module \instr_mem..
Finding unused cells or wires in module \mini_soc_top..
Finding unused cells or wires in module \simple_interconnect..
Finding unused cells or wires in module \timer_periph..
Finding unused cells or wires in module \uart_periph..

15.7. Executing MEMORY_SHARE pass (consolidating $memrd/$memwr cells).
Consolidating read ports of memory $paramod$ce97735b3e205300b7cc20b49638b23e37b300ee\picorv32.cpuregs by address:

15.8. Executing OPT_MEM_WIDEN pass (optimize memories where all ports are wide).
Performed a total of 0 transformations.

15.9. Executing OPT_CLEAN pass (remove unused cells and wires).
Finding unused cells or wires in module $paramod$ce97735b3e205300b7cc20b49638b23e37b300ee\picorv32..
Finding unused cells or wires in module \data_mem..
Finding unused cells or wires in module \instr_mem..
Finding unused cells or wires in module \mini_soc_top..
Finding unused cells or wires in module \simple_interconnect..
Finding unused cells or wires in module \timer_periph..
Finding unused cells or wires in module \uart_periph..

15.10. Executing MEMORY_COLLECT pass (generating $mem cells).

15.11. Executing MEMORY_MAP pass (converting memories to logic and flip-flops).
Mapping memory \cpuregs in module $paramod$ce97735b3e205300b7cc20b49638b23e37b300ee\picorv32:
  created 36 $dff cells and 0 static cells of width 32.
Extracted addr FF from read port 0 of $paramod$ce97735b3e205300b7cc20b49638b23e37b300ee\picorv32.cpuregs: $\cpuregs$rdreg[0]
Extracted addr FF from read port 1 of $paramod$ce97735b3e205300b7cc20b49638b23e37b300ee\picorv32.cpuregs: $\cpuregs$rdreg[1]
  read interface: 2 $dff and 126 $mux cells.
  write interface: 36 write mux blocks.

16. Executing OPT pass (performing simple optimizations).

16.1. Executing OPT_EXPR pass (perform const folding).
Optimizing module $paramod$ce97735b3e205300b7cc20b49638b23e37b300ee\picorv32.
<suppressed ~13 debug messages>
Optimizing module data_mem.
Optimizing module instr_mem.
Optimizing module mini_soc_top.
Optimizing module simple_interconnect.
Optimizing module timer_periph.
Optimizing module uart_periph.

16.2. Executing OPT_MERGE pass (detect identical cells).
Finding identical cells in module `$paramod$ce97735b3e205300b7cc20b49638b23e37b300ee\picorv32'.
Finding identical cells in module `\data_mem'.
Finding identical cells in module `\instr_mem'.
Finding identical cells in module `\mini_soc_top'.
Finding identical cells in module `\simple_interconnect'.
Finding identical cells in module `\timer_periph'.
Finding identical cells in module `\uart_periph'.
Removed a total of 0 cells.

16.3. Executing OPT_MUXTREE pass (detect dead branches in mux trees).
Running muxtree optimizer on module $paramod$ce97735b3e205300b7cc20b49638b23e37b300ee\picorv32..
  Creating internal representation of mux trees.
  Evaluating internal representation of mux trees.
  Analyzing evaluation results.
    dead port 1/2 on $mux $memory\cpuregs$rdmux[0][5][31]$6007.
    dead port 2/2 on $mux $memory\cpuregs$rdmux[0][5][31]$6007.
    dead port 1/2 on $mux $memory\cpuregs$rdmux[0][5][30]$6004.
    dead port 2/2 on $mux $memory\cpuregs$rdmux[0][5][30]$6004.
    dead port 1/2 on $mux $memory\cpuregs$rdmux[0][5][29]$6001.
    dead port 2/2 on $mux $memory\cpuregs$rdmux[0][5][29]$6001.
    dead port 1/2 on $mux $memory\cpuregs$rdmux[0][5][28]$5998.
    dead port 2/2 on $mux $memory\cpuregs$rdmux[0][5][28]$5998.
    dead port 1/2 on $mux $memory\cpuregs$rdmux[0][5][27]$5995.
    dead port 2/2 on $mux $memory\cpuregs$rdmux[0][5][27]$5995.
    dead port 1/2 on $mux $memory\cpuregs$rdmux[0][5][26]$5992.
    dead port 2/2 on $mux $memory\cpuregs$rdmux[0][5][26]$5992.
    dead port 1/2 on $mux $memory\cpuregs$rdmux[0][5][25]$5989.
    dead port 2/2 on $mux $memory\cpuregs$rdmux[0][5][25]$5989.
    dead port 1/2 on $mux $memory\cpuregs$rdmux[0][5][24]$5986.
    dead port 2/2 on $mux $memory\cpuregs$rdmux[0][5][24]$5986.
    dead port 1/2 on $mux $memory\cpuregs$rdmux[0][5][23]$5983.
    dead port 2/2 on $mux $memory\cpuregs$rdmux[0][5][23]$5983.
    dead port 1/2 on $mux $memory\cpuregs$rdmux[0][5][22]$5980.
    dead port 2/2 on $mux $memory\cpuregs$rdmux[0][5][22]$5980.
    dead port 1/2 on $mux $memory\cpuregs$rdmux[0][5][21]$5977.
    dead port 2/2 on $mux $memory\cpuregs$rdmux[0][5][21]$5977.
    dead port 1/2 on $mux $memory\cpuregs$rdmux[0][5][20]$5974.
    dead port 2/2 on $mux $memory\cpuregs$rdmux[0][5][20]$5974.
    dead port 1/2 on $mux $memory\cpuregs$rdmux[0][5][19]$5971.
    dead port 2/2 on $mux $memory\cpuregs$rdmux[0][5][19]$5971.
    dead port 1/2 on $mux $memory\cpuregs$rdmux[0][5][18]$5968.
    dead port 2/2 on $mux $memory\cpuregs$rdmux[0][5][18]$5968.
    dead port 1/2 on $mux $memory\cpuregs$rdmux[0][5][17]$5965.
    dead port 2/2 on $mux $memory\cpuregs$rdmux[0][5][17]$5965.
    dead port 1/2 on $mux $memory\cpuregs$rdmux[0][5][16]$5962.
    dead port 2/2 on $mux $memory\cpuregs$rdmux[0][5][16]$5962.
    dead port 1/2 on $mux $memory\cpuregs$rdmux[0][4][15]$5911.
    dead port 2/2 on $mux $memory\cpuregs$rdmux[0][4][15]$5911.
    dead port 1/2 on $mux $memory\cpuregs$rdmux[0][4][14]$5908.
    dead port 2/2 on $mux $memory\cpuregs$rdmux[0][4][14]$5908.
    dead port 1/2 on $mux $memory\cpuregs$rdmux[0][4][13]$5905.
    dead port 2/2 on $mux $memory\cpuregs$rdmux[0][4][13]$5905.
    dead port 1/2 on $mux $memory\cpuregs$rdmux[0][4][12]$5902.
    dead port 2/2 on $mux $memory\cpuregs$rdmux[0][4][12]$5902.
    dead port 1/2 on $mux $memory\cpuregs$rdmux[0][4][11]$5899.
    dead port 2/2 on $mux $memory\cpuregs$rdmux[0][4][11]$5899.
    dead port 1/2 on $mux $memory\cpuregs$rdmux[0][4][10]$5896.
    dead port 2/2 on $mux $memory\cpuregs$rdmux[0][4][10]$5896.
    dead port 1/2 on $mux $memory\cpuregs$rdmux[0][4][9]$5893.
    dead port 2/2 on $mux $memory\cpuregs$rdmux[0][4][9]$5893.
    dead port 1/2 on $mux $memory\cpuregs$rdmux[0][4][8]$5890.
    dead port 2/2 on $mux $memory\cpuregs$rdmux[0][4][8]$5890.
    dead port 1/2 on $mux $memory\cpuregs$rdmux[0][3][7]$5863.
    dead port 2/2 on $mux $memory\cpuregs$rdmux[0][3][7]$5863.
    dead port 1/2 on $mux $memory\cpuregs$rdmux[0][3][6]$5860.
    dead port 2/2 on $mux $memory\cpuregs$rdmux[0][3][6]$5860.
    dead port 1/2 on $mux $memory\cpuregs$rdmux[0][3][5]$5857.
    dead port 2/2 on $mux $memory\cpuregs$rdmux[0][3][5]$5857.
    dead port 1/2 on $mux $memory\cpuregs$rdmux[0][3][4]$5854.
    dead port 2/2 on $mux $memory\cpuregs$rdmux[0][3][4]$5854.
    dead port 1/2 on $mux $memory\cpuregs$rdmux[0][2][3]$5839.
    dead port 2/2 on $mux $memory\cpuregs$rdmux[0][2][3]$5839.
    dead port 1/2 on $mux $memory\cpuregs$rdmux[0][2][2]$5836.
    dead port 2/2 on $mux $memory\cpuregs$rdmux[0][2][2]$5836.
    dead port 1/2 on $mux $memory\cpuregs$rdmux[0][1][1]$5827.
    dead port 2/2 on $mux $memory\cpuregs$rdmux[0][1][1]$5827.
Running muxtree optimizer on module \data_mem..
  Creating internal representation of mux trees.
  No muxes found in this module.
Running muxtree optimizer on module \instr_mem..
  Creating internal representation of mux trees.
  No muxes found in this module.
Running muxtree optimizer on module \mini_soc_top..
  Creating internal representation of mux trees.
  No muxes found in this module.
Running muxtree optimizer on module \simple_interconnect..
  Creating internal representation of mux trees.
  Evaluating internal representation of mux trees.
  Analyzing evaluation results.
Running muxtree optimizer on module \timer_periph..
  Creating internal representation of mux trees.
  Evaluating internal representation of mux trees.
  Analyzing evaluation results.
Running muxtree optimizer on module \uart_periph..
  Creating internal representation of mux trees.
  Evaluating internal representation of mux trees.
  Analyzing evaluation results.
Removed 62 multiplexer ports.
<suppressed ~104 debug messages>

16.4. Executing OPT_REDUCE pass (consolidate $*mux and $reduce_* inputs).
  Optimizing cells in module $paramod$ce97735b3e205300b7cc20b49638b23e37b300ee\picorv32.
  Optimizing cells in module \data_mem.
  Optimizing cells in module \instr_mem.
  Optimizing cells in module \mini_soc_top.
  Optimizing cells in module \simple_interconnect.
  Optimizing cells in module \timer_periph.
  Optimizing cells in module \uart_periph.
Performed a total of 0 changes.

16.5. Executing OPT_MERGE pass (detect identical cells).
Finding identical cells in module `$paramod$ce97735b3e205300b7cc20b49638b23e37b300ee\picorv32'.
Finding identical cells in module `\data_mem'.
Finding identical cells in module `\instr_mem'.
Finding identical cells in module `\mini_soc_top'.
Finding identical cells in module `\simple_interconnect'.
Finding identical cells in module `\timer_periph'.
Finding identical cells in module `\uart_periph'.
Removed a total of 0 cells.

16.6. Executing OPT_DFF pass (perform DFF optimizations).

16.7. Executing OPT_CLEAN pass (remove unused cells and wires).
Finding unused cells or wires in module $paramod$ce97735b3e205300b7cc20b49638b23e37b300ee\picorv32..
Finding unused cells or wires in module \data_mem..
Finding unused cells or wires in module \instr_mem..
Finding unused cells or wires in module \mini_soc_top..
Finding unused cells or wires in module \simple_interconnect..
Finding unused cells or wires in module \timer_periph..
Finding unused cells or wires in module \uart_periph..
Removed 0 unused cells and 174 unused wires.
<suppressed ~1 debug messages>

16.8. Executing OPT_EXPR pass (perform const folding).
Optimizing module $paramod$ce97735b3e205300b7cc20b49638b23e37b300ee\picorv32.
Optimizing module data_mem.
Optimizing module instr_mem.
Optimizing module mini_soc_top.
Optimizing module simple_interconnect.
Optimizing module timer_periph.
Optimizing module uart_periph.

16.9. Rerunning OPT passes. (Maybe there is more to do..)

16.10. Executing OPT_MUXTREE pass (detect dead branches in mux trees).
Running muxtree optimizer on module $paramod$ce97735b3e205300b7cc20b49638b23e37b300ee\picorv32..
  Creating internal representation of mux trees.
  Evaluating internal representation of mux trees.
  Analyzing evaluation results.
Running muxtree optimizer on module \data_mem..
  Creating internal representation of mux trees.
  No muxes found in this module.
Running muxtree optimizer on module \instr_mem..
  Creating internal representation of mux trees.
  No muxes found in this module.
Running muxtree optimizer on module \mini_soc_top..
  Creating internal representation of mux trees.
  No muxes found in this module.
Running muxtree optimizer on module \simple_interconnect..
  Creating internal representation of mux trees.
  Evaluating internal representation of mux trees.
  Analyzing evaluation results.
Running muxtree optimizer on module \timer_periph..
  Creating internal representation of mux trees.
  Evaluating internal representation of mux trees.
  Analyzing evaluation results.
Running muxtree optimizer on module \uart_periph..
  Creating internal representation of mux trees.
  Evaluating internal representation of mux trees.
  Analyzing evaluation results.
Removed 0 multiplexer ports.
<suppressed ~104 debug messages>

16.11. Executing OPT_REDUCE pass (consolidate $*mux and $reduce_* inputs).
  Optimizing cells in module $paramod$ce97735b3e205300b7cc20b49638b23e37b300ee\picorv32.
  Optimizing cells in module \data_mem.
  Optimizing cells in module \instr_mem.
  Optimizing cells in module \mini_soc_top.
  Optimizing cells in module \simple_interconnect.
  Optimizing cells in module \timer_periph.
  Optimizing cells in module \uart_periph.
Performed a total of 0 changes.

16.12. Executing OPT_MERGE pass (detect identical cells).
Finding identical cells in module `$paramod$ce97735b3e205300b7cc20b49638b23e37b300ee\picorv32'.
Finding identical cells in module `\data_mem'.
Finding identical cells in module `\instr_mem'.
Finding identical cells in module `\mini_soc_top'.
Finding identical cells in module `\simple_interconnect'.
Finding identical cells in module `\timer_periph'.
Finding identical cells in module `\uart_periph'.
Removed a total of 0 cells.

16.13. Executing OPT_DFF pass (perform DFF optimizations).
Adding EN signal on $memory\cpuregs[9]$5767 ($dff) from module $paramod$ce97735b3e205300b7cc20b49638b23e37b300ee\picorv32 (D = $0$memwr$\cpuregs$../rtl/cpu/picorv32.v:1344$939_DATA[31:0]$1408, Q = \cpuregs[9]).
Adding EN signal on $memory\cpuregs[8]$5765 ($dff) from module $paramod$ce97735b3e205300b7cc20b49638b23e37b300ee\picorv32 (D = $0$memwr$\cpuregs$../rtl/cpu/picorv32.v:1344$939_DATA[31:0]$1408, Q = \cpuregs[8]).
Adding EN signal on $memory\cpuregs[7]$5763 ($dff) from module $paramod$ce97735b3e205300b7cc20b49638b23e37b300ee\picorv32 (D = $0$memwr$\cpuregs$../rtl/cpu/picorv32.v:1344$939_DATA[31:0]$1408, Q = \cpuregs[7]).
Adding EN signal on $memory\cpuregs[6]$5761 ($dff) from module $paramod$ce97735b3e205300b7cc20b49638b23e37b300ee\picorv32 (D = $0$memwr$\cpuregs$../rtl/cpu/picorv32.v:1344$939_DATA[31:0]$1408, Q = \cpuregs[6]).
Adding EN signal on $memory\cpuregs[5]$5759 ($dff) from module $paramod$ce97735b3e205300b7cc20b49638b23e37b300ee\picorv32 (D = $0$memwr$\cpuregs$../rtl/cpu/picorv32.v:1344$939_DATA[31:0]$1408, Q = \cpuregs[5]).
Adding EN signal on $memory\cpuregs[4]$5757 ($dff) from module $paramod$ce97735b3e205300b7cc20b49638b23e37b300ee\picorv32 (D = $0$memwr$\cpuregs$../rtl/cpu/picorv32.v:1344$939_DATA[31:0]$1408, Q = \cpuregs[4]).
Adding EN signal on $memory\cpuregs[3]$5755 ($dff) from module $paramod$ce97735b3e205300b7cc20b49638b23e37b300ee\picorv32 (D = $0$memwr$\cpuregs$../rtl/cpu/picorv32.v:1344$939_DATA[31:0]$1408, Q = \cpuregs[3]).
Adding EN signal on $memory\cpuregs[35]$5819 ($dff) from module $paramod$ce97735b3e205300b7cc20b49638b23e37b300ee\picorv32 (D = $0$memwr$\cpuregs$../rtl/cpu/picorv32.v:1344$939_DATA[31:0]$1408, Q = \cpuregs[35]).
Adding EN signal on $memory\cpuregs[34]$5817 ($dff) from module $paramod$ce97735b3e205300b7cc20b49638b23e37b300ee\picorv32 (D = $0$memwr$\cpuregs$../rtl/cpu/picorv32.v:1344$939_DATA[31:0]$1408, Q = \cpuregs[34]).
Adding EN signal on $memory\cpuregs[33]$5815 ($dff) from module $paramod$ce97735b3e205300b7cc20b49638b23e37b300ee\picorv32 (D = $0$memwr$\cpuregs$../rtl/cpu/picorv32.v:1344$939_DATA[31:0]$1408, Q = \cpuregs[33]).
Adding EN signal on $memory\cpuregs[32]$5813 ($dff) from module $paramod$ce97735b3e205300b7cc20b49638b23e37b300ee\picorv32 (D = $0$memwr$\cpuregs$../rtl/cpu/picorv32.v:1344$939_DATA[31:0]$1408, Q = \cpuregs[32]).
Adding EN signal on $memory\cpuregs[31]$5811 ($dff) from module $paramod$ce97735b3e205300b7cc20b49638b23e37b300ee\picorv32 (D = $0$memwr$\cpuregs$../rtl/cpu/picorv32.v:1344$939_DATA[31:0]$1408, Q = \cpuregs[31]).
Adding EN signal on $memory\cpuregs[30]$5809 ($dff) from module $paramod$ce97735b3e205300b7cc20b49638b23e37b300ee\picorv32 (D = $0$memwr$\cpuregs$../rtl/cpu/picorv32.v:1344$939_DATA[31:0]$1408, Q = \cpuregs[30]).
Adding EN signal on $memory\cpuregs[2]$5753 ($dff) from module $paramod$ce97735b3e205300b7cc20b49638b23e37b300ee\picorv32 (D = $0$memwr$\cpuregs$../rtl/cpu/picorv32.v:1344$939_DATA[31:0]$1408, Q = \cpuregs[2]).
Adding EN signal on $memory\cpuregs[29]$5807 ($dff) from module $paramod$ce97735b3e205300b7cc20b49638b23e37b300ee\picorv32 (D = $0$memwr$\cpuregs$../rtl/cpu/picorv32.v:1344$939_DATA[31:0]$1408, Q = \cpuregs[29]).
Adding EN signal on $memory\cpuregs[28]$5805 ($dff) from module $paramod$ce97735b3e205300b7cc20b49638b23e37b300ee\picorv32 (D = $0$memwr$\cpuregs$../rtl/cpu/picorv32.v:1344$939_DATA[31:0]$1408, Q = \cpuregs[28]).
Adding EN signal on $memory\cpuregs[27]$5803 ($dff) from module $paramod$ce97735b3e205300b7cc20b49638b23e37b300ee\picorv32 (D = $0$memwr$\cpuregs$../rtl/cpu/picorv32.v:1344$939_DATA[31:0]$1408, Q = \cpuregs[27]).
Adding EN signal on $memory\cpuregs[26]$5801 ($dff) from module $paramod$ce97735b3e205300b7cc20b49638b23e37b300ee\picorv32 (D = $0$memwr$\cpuregs$../rtl/cpu/picorv32.v:1344$939_DATA[31:0]$1408, Q = \cpuregs[26]).
Adding EN signal on $memory\cpuregs[25]$5799 ($dff) from module $paramod$ce97735b3e205300b7cc20b49638b23e37b300ee\picorv32 (D = $0$memwr$\cpuregs$../rtl/cpu/picorv32.v:1344$939_DATA[31:0]$1408, Q = \cpuregs[25]).
Adding EN signal on $memory\cpuregs[24]$5797 ($dff) from module $paramod$ce97735b3e205300b7cc20b49638b23e37b300ee\picorv32 (D = $0$memwr$\cpuregs$../rtl/cpu/picorv32.v:1344$939_DATA[31:0]$1408, Q = \cpuregs[24]).
Adding EN signal on $memory\cpuregs[23]$5795 ($dff) from module $paramod$ce97735b3e205300b7cc20b49638b23e37b300ee\picorv32 (D = $0$memwr$\cpuregs$../rtl/cpu/picorv32.v:1344$939_DATA[31:0]$1408, Q = \cpuregs[23]).
Adding EN signal on $memory\cpuregs[22]$5793 ($dff) from module $paramod$ce97735b3e205300b7cc20b49638b23e37b300ee\picorv32 (D = $0$memwr$\cpuregs$../rtl/cpu/picorv32.v:1344$939_DATA[31:0]$1408, Q = \cpuregs[22]).
Adding EN signal on $memory\cpuregs[21]$5791 ($dff) from module $paramod$ce97735b3e205300b7cc20b49638b23e37b300ee\picorv32 (D = $0$memwr$\cpuregs$../rtl/cpu/picorv32.v:1344$939_DATA[31:0]$1408, Q = \cpuregs[21]).
Adding EN signal on $memory\cpuregs[20]$5789 ($dff) from module $paramod$ce97735b3e205300b7cc20b49638b23e37b300ee\picorv32 (D = $0$memwr$\cpuregs$../rtl/cpu/picorv32.v:1344$939_DATA[31:0]$1408, Q = \cpuregs[20]).
Adding EN signal on $memory\cpuregs[1]$5751 ($dff) from module $paramod$ce97735b3e205300b7cc20b49638b23e37b300ee\picorv32 (D = $0$memwr$\cpuregs$../rtl/cpu/picorv32.v:1344$939_DATA[31:0]$1408, Q = \cpuregs[1]).
Adding EN signal on $memory\cpuregs[19]$5787 ($dff) from module $paramod$ce97735b3e205300b7cc20b49638b23e37b300ee\picorv32 (D = $0$memwr$\cpuregs$../rtl/cpu/picorv32.v:1344$939_DATA[31:0]$1408, Q = \cpuregs[19]).
Adding EN signal on $memory\cpuregs[18]$5785 ($dff) from module $paramod$ce97735b3e205300b7cc20b49638b23e37b300ee\picorv32 (D = $0$memwr$\cpuregs$../rtl/cpu/picorv32.v:1344$939_DATA[31:0]$1408, Q = \cpuregs[18]).
Adding EN signal on $memory\cpuregs[17]$5783 ($dff) from module $paramod$ce97735b3e205300b7cc20b49638b23e37b300ee\picorv32 (D = $0$memwr$\cpuregs$../rtl/cpu/picorv32.v:1344$939_DATA[31:0]$1408, Q = \cpuregs[17]).
Adding EN signal on $memory\cpuregs[16]$5781 ($dff) from module $paramod$ce97735b3e205300b7cc20b49638b23e37b300ee\picorv32 (D = $0$memwr$\cpuregs$../rtl/cpu/picorv32.v:1344$939_DATA[31:0]$1408, Q = \cpuregs[16]).
Adding EN signal on $memory\cpuregs[15]$5779 ($dff) from module $paramod$ce97735b3e205300b7cc20b49638b23e37b300ee\picorv32 (D = $0$memwr$\cpuregs$../rtl/cpu/picorv32.v:1344$939_DATA[31:0]$1408, Q = \cpuregs[15]).
Adding EN signal on $memory\cpuregs[14]$5777 ($dff) from module $paramod$ce97735b3e205300b7cc20b49638b23e37b300ee\picorv32 (D = $0$memwr$\cpuregs$../rtl/cpu/picorv32.v:1344$939_DATA[31:0]$1408, Q = \cpuregs[14]).
Adding EN signal on $memory\cpuregs[13]$5775 ($dff) from module $paramod$ce97735b3e205300b7cc20b49638b23e37b300ee\picorv32 (D = $0$memwr$\cpuregs$../rtl/cpu/picorv32.v:1344$939_DATA[31:0]$1408, Q = \cpuregs[13]).
Adding EN signal on $memory\cpuregs[12]$5773 ($dff) from module $paramod$ce97735b3e205300b7cc20b49638b23e37b300ee\picorv32 (D = $0$memwr$\cpuregs$../rtl/cpu/picorv32.v:1344$939_DATA[31:0]$1408, Q = \cpuregs[12]).
Adding EN signal on $memory\cpuregs[11]$5771 ($dff) from module $paramod$ce97735b3e205300b7cc20b49638b23e37b300ee\picorv32 (D = $0$memwr$\cpuregs$../rtl/cpu/picorv32.v:1344$939_DATA[31:0]$1408, Q = \cpuregs[11]).
Adding EN signal on $memory\cpuregs[10]$5769 ($dff) from module $paramod$ce97735b3e205300b7cc20b49638b23e37b300ee\picorv32 (D = $0$memwr$\cpuregs$../rtl/cpu/picorv32.v:1344$939_DATA[31:0]$1408, Q = \cpuregs[10]).
Adding EN signal on $memory\cpuregs[0]$5749 ($dff) from module $paramod$ce97735b3e205300b7cc20b49638b23e37b300ee\picorv32 (D = $0$memwr$\cpuregs$../rtl/cpu/picorv32.v:1344$939_DATA[31:0]$1408, Q = \cpuregs[0]).

16.14. Executing OPT_CLEAN pass (remove unused cells and wires).
Finding unused cells or wires in module $paramod$ce97735b3e205300b7cc20b49638b23e37b300ee\picorv32..
Finding unused cells or wires in module \data_mem..
Finding unused cells or wires in module \instr_mem..
Finding unused cells or wires in module \mini_soc_top..
Finding unused cells or wires in module \simple_interconnect..
Finding unused cells or wires in module \timer_periph..
Finding unused cells or wires in module \uart_periph..
Removed 36 unused cells and 36 unused wires.
<suppressed ~37 debug messages>

16.15. Executing OPT_EXPR pass (perform const folding).
Optimizing module $paramod$ce97735b3e205300b7cc20b49638b23e37b300ee\picorv32.
Optimizing module data_mem.
Optimizing module instr_mem.
Optimizing module mini_soc_top.
Optimizing module simple_interconnect.
Optimizing module timer_periph.
Optimizing module uart_periph.

16.16. Rerunning OPT passes. (Maybe there is more to do..)

16.17. Executing OPT_MUXTREE pass (detect dead branches in mux trees).
Running muxtree optimizer on module $paramod$ce97735b3e205300b7cc20b49638b23e37b300ee\picorv32..
  Creating internal representation of mux trees.
  Evaluating internal representation of mux trees.
  Analyzing evaluation results.
Running muxtree optimizer on module \data_mem..
  Creating internal representation of mux trees.
  No muxes found in this module.
Running muxtree optimizer on module \instr_mem..
  Creating internal representation of mux trees.
  No muxes found in this module.
Running muxtree optimizer on module \mini_soc_top..
  Creating internal representation of mux trees.
  No muxes found in this module.
Running muxtree optimizer on module \simple_interconnect..
  Creating internal representation of mux trees.
  Evaluating internal representation of mux trees.
  Analyzing evaluation results.
Running muxtree optimizer on module \timer_periph..
  Creating internal representation of mux trees.
  Evaluating internal representation of mux trees.
  Analyzing evaluation results.
Running muxtree optimizer on module \uart_periph..
  Creating internal representation of mux trees.
  Evaluating internal representation of mux trees.
  Analyzing evaluation results.
Removed 0 multiplexer ports.
<suppressed ~68 debug messages>

16.18. Executing OPT_REDUCE pass (consolidate $*mux and $reduce_* inputs).
  Optimizing cells in module $paramod$ce97735b3e205300b7cc20b49638b23e37b300ee\picorv32.
  Optimizing cells in module \data_mem.
  Optimizing cells in module \instr_mem.
  Optimizing cells in module \mini_soc_top.
  Optimizing cells in module \simple_interconnect.
  Optimizing cells in module \timer_periph.
  Optimizing cells in module \uart_periph.
Performed a total of 0 changes.

16.19. Executing OPT_MERGE pass (detect identical cells).
Finding identical cells in module `$paramod$ce97735b3e205300b7cc20b49638b23e37b300ee\picorv32'.
Finding identical cells in module `\data_mem'.
Finding identical cells in module `\instr_mem'.
Finding identical cells in module `\mini_soc_top'.
Finding identical cells in module `\simple_interconnect'.
Finding identical cells in module `\timer_periph'.
Finding identical cells in module `\uart_periph'.
Removed a total of 0 cells.

16.20. Executing OPT_DFF pass (perform DFF optimizations).

16.21. Executing OPT_CLEAN pass (remove unused cells and wires).
Finding unused cells or wires in module $paramod$ce97735b3e205300b7cc20b49638b23e37b300ee\picorv32..
Finding unused cells or wires in module \data_mem..
Finding unused cells or wires in module \instr_mem..
Finding unused cells or wires in module \mini_soc_top..
Finding unused cells or wires in module \simple_interconnect..
Finding unused cells or wires in module \timer_periph..
Finding unused cells or wires in module \uart_periph..

16.22. Executing OPT_EXPR pass (perform const folding).
Optimizing module $paramod$ce97735b3e205300b7cc20b49638b23e37b300ee\picorv32.
Optimizing module data_mem.
Optimizing module instr_mem.
Optimizing module mini_soc_top.
Optimizing module simple_interconnect.
Optimizing module timer_periph.
Optimizing module uart_periph.

16.23. Finished OPT passes. (There is nothing left to do.)

17. Executing TECHMAP pass (map to technology primitives).

17.1. Executing Verilog-2005 frontend: /usr/bin/../share/yosys/techmap.v
Parsing Verilog input from `/usr/bin/../share/yosys/techmap.v' to AST representation.
Generating RTLIL representation for module `\_90_simplemap_bool_ops'.
Generating RTLIL representation for module `\_90_simplemap_reduce_ops'.
Generating RTLIL representation for module `\_90_simplemap_logic_ops'.
Generating RTLIL representation for module `\_90_simplemap_compare_ops'.
Generating RTLIL representation for module `\_90_simplemap_various'.
Generating RTLIL representation for module `\_90_simplemap_registers'.
Generating RTLIL representation for module `\_90_shift_ops_shr_shl_sshl_sshr'.
Generating RTLIL representation for module `\_90_shift_shiftx'.
Generating RTLIL representation for module `\_90_fa'.
Generating RTLIL representation for module `\_90_lcu'.
Generating RTLIL representation for module `\_90_alu'.
Generating RTLIL representation for module `\_90_macc'.
Generating RTLIL representation for module `\_90_alumacc'.
Generating RTLIL representation for module `\$__div_mod_u'.
Generating RTLIL representation for module `\$__div_mod_trunc'.
Generating RTLIL representation for module `\_90_div'.
Generating RTLIL representation for module `\_90_mod'.
Generating RTLIL representation for module `\$__div_mod_floor'.
Generating RTLIL representation for module `\_90_divfloor'.
Generating RTLIL representation for module `\_90_modfloor'.
Generating RTLIL representation for module `\_90_pow'.
Generating RTLIL representation for module `\_90_pmux'.
Generating RTLIL representation for module `\_90_demux'.
Generating RTLIL representation for module `\_90_lut'.
Successfully finished Verilog frontend.

17.2. Continuing TECHMAP pass.
Using extmapper simplemap for cells of type $reduce_bool.
Using extmapper simplemap for cells of type $ne.
Using extmapper simplemap for cells of type $mux.
Using extmapper simplemap for cells of type $eq.
Using template $paramod$constmap:cd83258c7586f89dea16c95441ac2e41d2389dcc$paramod$3e9aa5f6b7ad2b020647b46df1e4d7b7b7fa111e\_90_shift_shiftx for cells of type $shiftx.
Using template $paramod$c5c783b17ab1d780abfad8cfe6563a0a7b47a3b0\_90_pmux for cells of type $pmux.
Using extmapper simplemap for cells of type $reduce_and.
Using extmapper simplemap for cells of type $logic_not.
Using template $paramod$8fabc56b80a569262acfc42757a02ca0b8e91278\_90_pmux for cells of type $pmux.
Using extmapper simplemap for cells of type $not.
Using extmapper simplemap for cells of type $logic_or.
Running "alumacc" on wrapper $extern:wrap:$add:A_SIGNED=0:A_WIDTH=16:B_SIGNED=0:B_WIDTH=1:Y_WIDTH=16:394426c56d1a028ba8fdd5469b163e04011def47.
Using template $extern:wrap:$add:A_SIGNED=0:A_WIDTH=16:B_SIGNED=0:B_WIDTH=1:Y_WIDTH=16:394426c56d1a028ba8fdd5469b163e04011def47 for cells of type $extern:wrap:$add:A_SIGNED=0:A_WIDTH=16:B_SIGNED=0:B_WIDTH=1:Y_WIDTH=16:394426c56d1a028ba8fdd5469b163e04011def47.
Using extmapper simplemap for cells of type $logic_and.
Running "alumacc" on wrapper $extern:wrap:$add:A_SIGNED=0:A_WIDTH=4:B_SIGNED=0:B_WIDTH=1:Y_WIDTH=4:394426c56d1a028ba8fdd5469b163e04011def47.
Using template $extern:wrap:$add:A_SIGNED=0:A_WIDTH=4:B_SIGNED=0:B_WIDTH=1:Y_WIDTH=4:394426c56d1a028ba8fdd5469b163e04011def47 for cells of type $extern:wrap:$add:A_SIGNED=0:A_WIDTH=4:B_SIGNED=0:B_WIDTH=1:Y_WIDTH=4:394426c56d1a028ba8fdd5469b163e04011def47.
Using extmapper simplemap for cells of type $sdff.
Using extmapper simplemap for cells of type $sdffe.
Using extmapper simplemap for cells of type $reduce_or.
Using extmapper simplemap for cells of type $and.
Using template $paramod$2af30114e9bd4ccb04dad757b3f0a8f6bf0615b0\_90_alu for cells of type $alu.
Using template $paramod$32a7b7b86c07519b7537abc18e96f0331f97914d\_90_alu for cells of type $alu.
Using extmapper simplemap for cells of type $xor.
Using template $paramod\_90_lcu\WIDTH=32'00000000000000000000000000010000 for cells of type $lcu.
Using extmapper simplemap for cells of type $pos.
Using template $paramod\_90_lcu\WIDTH=32'00000000000000000000000000000100 for cells of type $lcu.
Using extmapper simplemap for cells of type $or.
Using template $paramod$54d740639e1393b22262823179ff783ea9f17a35\_90_pmux for cells of type $pmux.
Running "alumacc" on wrapper $extern:wrap:$add:A_SIGNED=0:A_WIDTH=32:B_SIGNED=0:B_WIDTH=1:Y_WIDTH=32:394426c56d1a028ba8fdd5469b163e04011def47.
Using template $extern:wrap:$add:A_SIGNED=0:A_WIDTH=32:B_SIGNED=0:B_WIDTH=1:Y_WIDTH=32:394426c56d1a028ba8fdd5469b163e04011def47 for cells of type $extern:wrap:$add:A_SIGNED=0:A_WIDTH=32:B_SIGNED=0:B_WIDTH=1:Y_WIDTH=32:394426c56d1a028ba8fdd5469b163e04011def47.
Using template $paramod$6a42b6fefed750f8a1c58eab59479d960557103c\_90_alu for cells of type $alu.
Using template $paramod\_90_lcu\WIDTH=32'00000000000000000000000000100000 for cells of type $lcu.
Running "alumacc" on wrapper $extern:wrap:$ge:A_SIGNED=0:A_WIDTH=32:B_SIGNED=0:B_WIDTH=32:Y_WIDTH=1:394426c56d1a028ba8fdd5469b163e04011def47.
Using template $extern:wrap:$ge:A_SIGNED=0:A_WIDTH=32:B_SIGNED=0:B_WIDTH=32:Y_WIDTH=1:394426c56d1a028ba8fdd5469b163e04011def47 for cells of type $extern:wrap:$ge:A_SIGNED=0:A_WIDTH=32:B_SIGNED=0:B_WIDTH=32:Y_WIDTH=1:394426c56d1a028ba8fdd5469b163e04011def47.
Running "alumacc" on wrapper $extern:wrap:$lt:A_SIGNED=0:A_WIDTH=32:B_SIGNED=0:B_WIDTH=32:Y_WIDTH=1:394426c56d1a028ba8fdd5469b163e04011def47.
Using template $extern:wrap:$lt:A_SIGNED=0:A_WIDTH=32:B_SIGNED=0:B_WIDTH=32:Y_WIDTH=1:394426c56d1a028ba8fdd5469b163e04011def47 for cells of type $extern:wrap:$lt:A_SIGNED=0:A_WIDTH=32:B_SIGNED=0:B_WIDTH=32:Y_WIDTH=1:394426c56d1a028ba8fdd5469b163e04011def47.
Using extmapper simplemap for cells of type $adff.
Using template $paramod$fbc7873bff55778c0b3173955b7e4bce1d9d6834\_90_alu for cells of type $alu.
Using extmapper simplemap for cells of type $dffe.
Using template $paramod$b3b6ac92d800c6f07aa48f510f923d86a674e5a7\_90_pmux for cells of type $pmux.
Using template $paramod$d629d85c8826a74239b9178d1930215a43b0ceb0\_90_pmux for cells of type $pmux.
Using template $paramod$c15e84c77f007506123baf6c4be45847f0e33a3b\_90_pmux for cells of type $pmux.
Using template $paramod$70d30c21ff772b34d0d1da2801fbd781dc3c70e4\_90_pmux for cells of type $pmux.
Using template $paramod$d78e566c506c66d93c09551323305e40fb9dc1b2\_90_pmux for cells of type $pmux.
Using template $paramod$b098bc6f249c0ac91c4d6e19d54b23c285914115\_90_pmux for cells of type $pmux.
Using template $paramod$59b03ae2620a41577de8da5f5c97b2919e82362b\_90_pmux for cells of type $pmux.
Using extmapper simplemap for cells of type $dff.
Using template $paramod$97565c3687be688407d1272a293bd9d0ae6852dc\_90_pmux for cells of type $pmux.
Using template $paramod$constmap:6f839b88a62e7966712adf872dbe4c4a5cbcd49f$paramod$7b0bb309dce042ecaf2e0bfa495da988fc49fdf1\_90_shift_ops_shr_shl_sshl_sshr for cells of type $shl.
Using extmapper simplemap for cells of type $sdffce.
Running "alumacc" on wrapper $extern:wrap:$add:A_SIGNED=0:A_WIDTH=32:B_SIGNED=0:B_WIDTH=32:Y_WIDTH=32:394426c56d1a028ba8fdd5469b163e04011def47.
Using template $extern:wrap:$add:A_SIGNED=0:A_WIDTH=32:B_SIGNED=0:B_WIDTH=32:Y_WIDTH=32:394426c56d1a028ba8fdd5469b163e04011def47 for cells of type $extern:wrap:$add:A_SIGNED=0:A_WIDTH=32:B_SIGNED=0:B_WIDTH=32:Y_WIDTH=32:394426c56d1a028ba8fdd5469b163e04011def47.
Running "alumacc" on wrapper $extern:wrap:$add:A_SIGNED=0:A_WIDTH=64:B_SIGNED=0:B_WIDTH=32:Y_WIDTH=64:394426c56d1a028ba8fdd5469b163e04011def47.
Using template $extern:wrap:$add:A_SIGNED=0:A_WIDTH=64:B_SIGNED=0:B_WIDTH=32:Y_WIDTH=64:394426c56d1a028ba8fdd5469b163e04011def47 for cells of type $extern:wrap:$add:A_SIGNED=0:A_WIDTH=64:B_SIGNED=0:B_WIDTH=32:Y_WIDTH=64:394426c56d1a028ba8fdd5469b163e04011def47.
Running "alumacc" on wrapper $extern:wrap:$ge:A_SIGNED=0:A_WIDTH=5:B_SIGNED=0:B_WIDTH=32:Y_WIDTH=1:394426c56d1a028ba8fdd5469b163e04011def47.
Using template $extern:wrap:$ge:A_SIGNED=0:A_WIDTH=5:B_SIGNED=0:B_WIDTH=32:Y_WIDTH=1:394426c56d1a028ba8fdd5469b163e04011def47 for cells of type $extern:wrap:$ge:A_SIGNED=0:A_WIDTH=5:B_SIGNED=0:B_WIDTH=32:Y_WIDTH=1:394426c56d1a028ba8fdd5469b163e04011def47.
Running "alumacc" on wrapper $extern:wrap:$sub:A_SIGNED=0:A_WIDTH=5:B_SIGNED=0:B_WIDTH=32:Y_WIDTH=32:394426c56d1a028ba8fdd5469b163e04011def47.
Using template $extern:wrap:$sub:A_SIGNED=0:A_WIDTH=5:B_SIGNED=0:B_WIDTH=32:Y_WIDTH=32:394426c56d1a028ba8fdd5469b163e04011def47 for cells of type $extern:wrap:$sub:A_SIGNED=0:A_WIDTH=5:B_SIGNED=0:B_WIDTH=32:Y_WIDTH=32:394426c56d1a028ba8fdd5469b163e04011def47.
Running "alumacc" on wrapper $extern:wrap:$sub:A_SIGNED=0:A_WIDTH=32:B_SIGNED=0:B_WIDTH=32:Y_WIDTH=32:394426c56d1a028ba8fdd5469b163e04011def47.
Using template $extern:wrap:$sub:A_SIGNED=0:A_WIDTH=32:B_SIGNED=0:B_WIDTH=32:Y_WIDTH=32:394426c56d1a028ba8fdd5469b163e04011def47 for cells of type $extern:wrap:$sub:A_SIGNED=0:A_WIDTH=32:B_SIGNED=0:B_WIDTH=32:Y_WIDTH=32:394426c56d1a028ba8fdd5469b163e04011def47.
Running "alumacc" on wrapper $extern:wrap:$lt:A_SIGNED=1:A_WIDTH=32:B_SIGNED=1:B_WIDTH=32:Y_WIDTH=1:394426c56d1a028ba8fdd5469b163e04011def47.
Using template $extern:wrap:$lt:A_SIGNED=1:A_WIDTH=32:B_SIGNED=1:B_WIDTH=32:Y_WIDTH=1:394426c56d1a028ba8fdd5469b163e04011def47 for cells of type $extern:wrap:$lt:A_SIGNED=1:A_WIDTH=32:B_SIGNED=1:B_WIDTH=32:Y_WIDTH=1:394426c56d1a028ba8fdd5469b163e04011def47.
Using template $paramod$eaeb96106163dbf82031649d189817109fe07c69\_90_pmux for cells of type $pmux.
Using template $paramod$068ad458e7761d78e5eed8238508872e7b0aef95\_90_pmux for cells of type $pmux.
Using template $paramod$c2e415ef15bc3ccd2723772353a6b450d3d76206\_90_pmux for cells of type $pmux.
Using template $paramod$2126a3039e9678f6a4bd73d35a1f58ee2616afb2\_90_alu for cells of type $alu.
Using template $paramod$b0777dc865134c8525a4aa84de8cfa938974cad1\_90_alu for cells of type $alu.
Using template $paramod$2653f68ddb8eab7b1907b4a20767b72a824a7a36\_90_alu for cells of type $alu.
Using template $paramod\_90_lcu\WIDTH=32'00000000000000000000000001000000 for cells of type $lcu.
No more expansions possible.
<suppressed ~7585 debug messages>

18. Executing DFFLIBMAP pass (mapping DFF cells to sequential cells from liberty file).
Warning: Found unsupported expression 'D&!SCE|SCD&SCE' in pin attribute of cell 'sky130_fd_sc_hd__sdfbbn_1' - skipping.
Warning: Found unsupported expression 'D&!SCE|SCD&SCE' in pin attribute of cell 'sky130_fd_sc_hd__sdfbbn_2' - skipping.
Warning: Found unsupported expression 'D&!SCE|SCD&SCE' in pin attribute of cell 'sky130_fd_sc_hd__sdfrtn_1' - skipping.
Warning: Found unsupported expression 'D&DE|IQ&!DE' in pin attribute of cell 'sky130_fd_sc_hd__edfxbp_1' - skipping.
Warning: Found unsupported expression 'D&DE|IQ&!DE' in pin attribute of cell 'sky130_fd_sc_hd__edfxtp_1' - skipping.
Warning: Found unsupported expression 'D&!SCE|SCD&SCE' in pin attribute of cell 'sky130_fd_sc_hd__sdfbbp_1' - skipping.
Warning: Found unsupported expression 'D&!SCE|SCD&SCE' in pin attribute of cell 'sky130_fd_sc_hd__sdfrbp_1' - skipping.
Warning: Found unsupported expression 'D&!SCE|SCD&SCE' in pin attribute of cell 'sky130_fd_sc_hd__sdfrbp_2' - skipping.
Warning: Found unsupported expression 'D&!SCE|SCD&SCE' in pin attribute of cell 'sky130_fd_sc_hd__sdfrtp_1' - skipping.
Warning: Found unsupported expression 'D&!SCE|SCD&SCE' in pin attribute of cell 'sky130_fd_sc_hd__sdfrtp_2' - skipping.
Warning: Found unsupported expression 'D&!SCE|SCD&SCE' in pin attribute of cell 'sky130_fd_sc_hd__sdfrtp_4' - skipping.
Warning: Found unsupported expression 'D&!SCE|SCD&SCE' in pin attribute of cell 'sky130_fd_sc_hd__sdfsbp_1' - skipping.
Warning: Found unsupported expression 'D&!SCE|SCD&SCE' in pin attribute of cell 'sky130_fd_sc_hd__sdfsbp_2' - skipping.
Warning: Found unsupported expression 'D&!SCE|SCD&SCE' in pin attribute of cell 'sky130_fd_sc_hd__sdfstp_1' - skipping.
Warning: Found unsupported expression 'D&!SCE|SCD&SCE' in pin attribute of cell 'sky130_fd_sc_hd__sdfstp_2' - skipping.
Warning: Found unsupported expression 'D&!SCE|SCD&SCE' in pin attribute of cell 'sky130_fd_sc_hd__sdfstp_4' - skipping.
Warning: Found unsupported expression 'D&!SCE|SCD&SCE' in pin attribute of cell 'sky130_fd_sc_hd__sdfxbp_1' - skipping.
Warning: Found unsupported expression 'D&!SCE|SCD&SCE' in pin attribute of cell 'sky130_fd_sc_hd__sdfxbp_2' - skipping.
Warning: Found unsupported expression 'D&!SCE|SCD&SCE' in pin attribute of cell 'sky130_fd_sc_hd__sdfxtp_1' - skipping.
Warning: Found unsupported expression 'D&!SCE|SCD&SCE' in pin attribute of cell 'sky130_fd_sc_hd__sdfxtp_2' - skipping.
Warning: Found unsupported expression 'D&!SCE|SCD&SCE' in pin attribute of cell 'sky130_fd_sc_hd__sdfxtp_4' - skipping.
Warning: Found unsupported expression 'D&DE&!SCE|IQ&!DE&!SCE|SCD&SCE' in pin attribute of cell 'sky130_fd_sc_hd__sedfxbp_1' - skipping.
Warning: Found unsupported expression 'D&DE&!SCE|IQ&!DE&!SCE|SCD&SCE' in pin attribute of cell 'sky130_fd_sc_hd__sedfxbp_2' - skipping.
Warning: Found unsupported expression 'D&DE&!SCE|IQ&!DE&!SCE|SCD&SCE' in pin attribute of cell 'sky130_fd_sc_hd__sedfxtp_1' - skipping.
Warning: Found unsupported expression 'D&DE&!SCE|IQ&!DE&!SCE|SCD&SCE' in pin attribute of cell 'sky130_fd_sc_hd__sedfxtp_2' - skipping.
Warning: Found unsupported expression 'D&DE&!SCE|IQ&!DE&!SCE|SCD&SCE' in pin attribute of cell 'sky130_fd_sc_hd__sedfxtp_4' - skipping.
  cell sky130_fd_sc_hd__dfxtp_1 (noninv, pins=3, area=20.02) is a direct match for cell type $_DFF_P_.
Warning: Found unsupported expression 'D&!SCE|SCD&SCE' in pin attribute of cell 'sky130_fd_sc_hd__sdfbbn_1' - skipping.
Warning: Found unsupported expression 'D&!SCE|SCD&SCE' in pin attribute of cell 'sky130_fd_sc_hd__sdfbbn_2' - skipping.
Warning: Found unsupported expression 'D&!SCE|SCD&SCE' in pin attribute of cell 'sky130_fd_sc_hd__sdfrtn_1' - skipping.
  cell sky130_fd_sc_hd__dfrtn_1 (noninv, pins=4, area=25.02) is a direct match for cell type $_DFF_NN0_.
Warning: Found unsupported expression 'D&!SCE|SCD&SCE' in pin attribute of cell 'sky130_fd_sc_hd__sdfbbn_1' - skipping.
Warning: Found unsupported expression 'D&!SCE|SCD&SCE' in pin attribute of cell 'sky130_fd_sc_hd__sdfbbn_2' - skipping.
Warning: Found unsupported expression 'D&!SCE|SCD&SCE' in pin attribute of cell 'sky130_fd_sc_hd__sdfrtn_1' - skipping.
Warning: Found unsupported expression 'D&!SCE|SCD&SCE' in pin attribute of cell 'sky130_fd_sc_hd__sdfbbn_1' - skipping.
Warning: Found unsupported expression 'D&!SCE|SCD&SCE' in pin attribute of cell 'sky130_fd_sc_hd__sdfbbn_2' - skipping.
Warning: Found unsupported expression 'D&!SCE|SCD&SCE' in pin attribute of cell 'sky130_fd_sc_hd__sdfrtn_1' - skipping.
Warning: Found unsupported expression 'D&!SCE|SCD&SCE' in pin attribute of cell 'sky130_fd_sc_hd__sdfbbn_1' - skipping.
Warning: Found unsupported expression 'D&!SCE|SCD&SCE' in pin attribute of cell 'sky130_fd_sc_hd__sdfbbn_2' - skipping.
Warning: Found unsupported expression 'D&!SCE|SCD&SCE' in pin attribute of cell 'sky130_fd_sc_hd__sdfrtn_1' - skipping.
Warning: Found unsupported expression 'D&DE|IQ&!DE' in pin attribute of cell 'sky130_fd_sc_hd__edfxbp_1' - skipping.
Warning: Found unsupported expression 'D&DE|IQ&!DE' in pin attribute of cell 'sky130_fd_sc_hd__edfxtp_1' - skipping.
Warning: Found unsupported expression 'D&!SCE|SCD&SCE' in pin attribute of cell 'sky130_fd_sc_hd__sdfbbp_1' - skipping.
Warning: Found unsupported expression 'D&!SCE|SCD&SCE' in pin attribute of cell 'sky130_fd_sc_hd__sdfrbp_1' - skipping.
Warning: Found unsupported expression 'D&!SCE|SCD&SCE' in pin attribute of cell 'sky130_fd_sc_hd__sdfrbp_2' - skipping.
Warning: Found unsupported expression 'D&!SCE|SCD&SCE' in pin attribute of cell 'sky130_fd_sc_hd__sdfrtp_1' - skipping.
Warning: Found unsupported expression 'D&!SCE|SCD&SCE' in pin attribute of cell 'sky130_fd_sc_hd__sdfrtp_2' - skipping.
Warning: Found unsupported expression 'D&!SCE|SCD&SCE' in pin attribute of cell 'sky130_fd_sc_hd__sdfrtp_4' - skipping.
Warning: Found unsupported expression 'D&!SCE|SCD&SCE' in pin attribute of cell 'sky130_fd_sc_hd__sdfsbp_1' - skipping.
Warning: Found unsupported expression 'D&!SCE|SCD&SCE' in pin attribute of cell 'sky130_fd_sc_hd__sdfsbp_2' - skipping.
Warning: Found unsupported expression 'D&!SCE|SCD&SCE' in pin attribute of cell 'sky130_fd_sc_hd__sdfstp_1' - skipping.
Warning: Found unsupported expression 'D&!SCE|SCD&SCE' in pin attribute of cell 'sky130_fd_sc_hd__sdfstp_2' - skipping.
Warning: Found unsupported expression 'D&!SCE|SCD&SCE' in pin attribute of cell 'sky130_fd_sc_hd__sdfstp_4' - skipping.
Warning: Found unsupported expression 'D&!SCE|SCD&SCE' in pin attribute of cell 'sky130_fd_sc_hd__sdfxbp_1' - skipping.
Warning: Found unsupported expression 'D&!SCE|SCD&SCE' in pin attribute of cell 'sky130_fd_sc_hd__sdfxbp_2' - skipping.
Warning: Found unsupported expression 'D&!SCE|SCD&SCE' in pin attribute of cell 'sky130_fd_sc_hd__sdfxtp_1' - skipping.
Warning: Found unsupported expression 'D&!SCE|SCD&SCE' in pin attribute of cell 'sky130_fd_sc_hd__sdfxtp_2' - skipping.
Warning: Found unsupported expression 'D&!SCE|SCD&SCE' in pin attribute of cell 'sky130_fd_sc_hd__sdfxtp_4' - skipping.
Warning: Found unsupported expression 'D&DE&!SCE|IQ&!DE&!SCE|SCD&SCE' in pin attribute of cell 'sky130_fd_sc_hd__sedfxbp_1' - skipping.
Warning: Found unsupported expression 'D&DE&!SCE|IQ&!DE&!SCE|SCD&SCE' in pin attribute of cell 'sky130_fd_sc_hd__sedfxbp_2' - skipping.
Warning: Found unsupported expression 'D&DE&!SCE|IQ&!DE&!SCE|SCD&SCE' in pin attribute of cell 'sky130_fd_sc_hd__sedfxtp_1' - skipping.
Warning: Found unsupported expression 'D&DE&!SCE|IQ&!DE&!SCE|SCD&SCE' in pin attribute of cell 'sky130_fd_sc_hd__sedfxtp_2' - skipping.
Warning: Found unsupported expression 'D&DE&!SCE|IQ&!DE&!SCE|SCD&SCE' in pin attribute of cell 'sky130_fd_sc_hd__sedfxtp_4' - skipping.
  cell sky130_fd_sc_hd__dfrtp_1 (noninv, pins=4, area=25.02) is a direct match for cell type $_DFF_PN0_.
Warning: Found unsupported expression 'D&DE|IQ&!DE' in pin attribute of cell 'sky130_fd_sc_hd__edfxbp_1' - skipping.
Warning: Found unsupported expression 'D&DE|IQ&!DE' in pin attribute of cell 'sky130_fd_sc_hd__edfxtp_1' - skipping.
Warning: Found unsupported expression 'D&!SCE|SCD&SCE' in pin attribute of cell 'sky130_fd_sc_hd__sdfbbp_1' - skipping.
Warning: Found unsupported expression 'D&!SCE|SCD&SCE' in pin attribute of cell 'sky130_fd_sc_hd__sdfrbp_1' - skipping.
Warning: Found unsupported expression 'D&!SCE|SCD&SCE' in pin attribute of cell 'sky130_fd_sc_hd__sdfrbp_2' - skipping.
Warning: Found unsupported expression 'D&!SCE|SCD&SCE' in pin attribute of cell 'sky130_fd_sc_hd__sdfrtp_1' - skipping.
Warning: Found unsupported expression 'D&!SCE|SCD&SCE' in pin attribute of cell 'sky130_fd_sc_hd__sdfrtp_2' - skipping.
Warning: Found unsupported expression 'D&!SCE|SCD&SCE' in pin attribute of cell 'sky130_fd_sc_hd__sdfrtp_4' - skipping.
Warning: Found unsupported expression 'D&!SCE|SCD&SCE' in pin attribute of cell 'sky130_fd_sc_hd__sdfsbp_1' - skipping.
Warning: Found unsupported expression 'D&!SCE|SCD&SCE' in pin attribute of cell 'sky130_fd_sc_hd__sdfsbp_2' - skipping.
Warning: Found unsupported expression 'D&!SCE|SCD&SCE' in pin attribute of cell 'sky130_fd_sc_hd__sdfstp_1' - skipping.
Warning: Found unsupported expression 'D&!SCE|SCD&SCE' in pin attribute of cell 'sky130_fd_sc_hd__sdfstp_2' - skipping.
Warning: Found unsupported expression 'D&!SCE|SCD&SCE' in pin attribute of cell 'sky130_fd_sc_hd__sdfstp_4' - skipping.
Warning: Found unsupported expression 'D&!SCE|SCD&SCE' in pin attribute of cell 'sky130_fd_sc_hd__sdfxbp_1' - skipping.
Warning: Found unsupported expression 'D&!SCE|SCD&SCE' in pin attribute of cell 'sky130_fd_sc_hd__sdfxbp_2' - skipping.
Warning: Found unsupported expression 'D&!SCE|SCD&SCE' in pin attribute of cell 'sky130_fd_sc_hd__sdfxtp_1' - skipping.
Warning: Found unsupported expression 'D&!SCE|SCD&SCE' in pin attribute of cell 'sky130_fd_sc_hd__sdfxtp_2' - skipping.
Warning: Found unsupported expression 'D&!SCE|SCD&SCE' in pin attribute of cell 'sky130_fd_sc_hd__sdfxtp_4' - skipping.
Warning: Found unsupported expression 'D&DE&!SCE|IQ&!DE&!SCE|SCD&SCE' in pin attribute of cell 'sky130_fd_sc_hd__sedfxbp_1' - skipping.
Warning: Found unsupported expression 'D&DE&!SCE|IQ&!DE&!SCE|SCD&SCE' in pin attribute of cell 'sky130_fd_sc_hd__sedfxbp_2' - skipping.
Warning: Found unsupported expression 'D&DE&!SCE|IQ&!DE&!SCE|SCD&SCE' in pin attribute of cell 'sky130_fd_sc_hd__sedfxtp_1' - skipping.
Warning: Found unsupported expression 'D&DE&!SCE|IQ&!DE&!SCE|SCD&SCE' in pin attribute of cell 'sky130_fd_sc_hd__sedfxtp_2' - skipping.
Warning: Found unsupported expression 'D&DE&!SCE|IQ&!DE&!SCE|SCD&SCE' in pin attribute of cell 'sky130_fd_sc_hd__sedfxtp_4' - skipping.
  cell sky130_fd_sc_hd__dfstp_2 (noninv, pins=4, area=26.28) is a direct match for cell type $_DFF_PN1_.
Warning: Found unsupported expression 'D&DE|IQ&!DE' in pin attribute of cell 'sky130_fd_sc_hd__edfxbp_1' - skipping.
Warning: Found unsupported expression 'D&DE|IQ&!DE' in pin attribute of cell 'sky130_fd_sc_hd__edfxtp_1' - skipping.
Warning: Found unsupported expression 'D&!SCE|SCD&SCE' in pin attribute of cell 'sky130_fd_sc_hd__sdfbbp_1' - skipping.
Warning: Found unsupported expression 'D&!SCE|SCD&SCE' in pin attribute of cell 'sky130_fd_sc_hd__sdfrbp_1' - skipping.
Warning: Found unsupported expression 'D&!SCE|SCD&SCE' in pin attribute of cell 'sky130_fd_sc_hd__sdfrbp_2' - skipping.
Warning: Found unsupported expression 'D&!SCE|SCD&SCE' in pin attribute of cell 'sky130_fd_sc_hd__sdfrtp_1' - skipping.
Warning: Found unsupported expression 'D&!SCE|SCD&SCE' in pin attribute of cell 'sky130_fd_sc_hd__sdfrtp_2' - skipping.
Warning: Found unsupported expression 'D&!SCE|SCD&SCE' in pin attribute of cell 'sky130_fd_sc_hd__sdfrtp_4' - skipping.
Warning: Found unsupported expression 'D&!SCE|SCD&SCE' in pin attribute of cell 'sky130_fd_sc_hd__sdfsbp_1' - skipping.
Warning: Found unsupported expression 'D&!SCE|SCD&SCE' in pin attribute of cell 'sky130_fd_sc_hd__sdfsbp_2' - skipping.
Warning: Found unsupported expression 'D&!SCE|SCD&SCE' in pin attribute of cell 'sky130_fd_sc_hd__sdfstp_1' - skipping.
Warning: Found unsupported expression 'D&!SCE|SCD&SCE' in pin attribute of cell 'sky130_fd_sc_hd__sdfstp_2' - skipping.
Warning: Found unsupported expression 'D&!SCE|SCD&SCE' in pin attribute of cell 'sky130_fd_sc_hd__sdfstp_4' - skipping.
Warning: Found unsupported expression 'D&!SCE|SCD&SCE' in pin attribute of cell 'sky130_fd_sc_hd__sdfxbp_1' - skipping.
Warning: Found unsupported expression 'D&!SCE|SCD&SCE' in pin attribute of cell 'sky130_fd_sc_hd__sdfxbp_2' - skipping.
Warning: Found unsupported expression 'D&!SCE|SCD&SCE' in pin attribute of cell 'sky130_fd_sc_hd__sdfxtp_1' - skipping.
Warning: Found unsupported expression 'D&!SCE|SCD&SCE' in pin attribute of cell 'sky130_fd_sc_hd__sdfxtp_2' - skipping.
Warning: Found unsupported expression 'D&!SCE|SCD&SCE' in pin attribute of cell 'sky130_fd_sc_hd__sdfxtp_4' - skipping.
Warning: Found unsupported expression 'D&DE&!SCE|IQ&!DE&!SCE|SCD&SCE' in pin attribute of cell 'sky130_fd_sc_hd__sedfxbp_1' - skipping.
Warning: Found unsupported expression 'D&DE&!SCE|IQ&!DE&!SCE|SCD&SCE' in pin attribute of cell 'sky130_fd_sc_hd__sedfxbp_2' - skipping.
Warning: Found unsupported expression 'D&DE&!SCE|IQ&!DE&!SCE|SCD&SCE' in pin attribute of cell 'sky130_fd_sc_hd__sedfxtp_1' - skipping.
Warning: Found unsupported expression 'D&DE&!SCE|IQ&!DE&!SCE|SCD&SCE' in pin attribute of cell 'sky130_fd_sc_hd__sedfxtp_2' - skipping.
Warning: Found unsupported expression 'D&DE&!SCE|IQ&!DE&!SCE|SCD&SCE' in pin attribute of cell 'sky130_fd_sc_hd__sedfxtp_4' - skipping.
Warning: Found unsupported expression 'D&DE|IQ&!DE' in pin attribute of cell 'sky130_fd_sc_hd__edfxbp_1' - skipping.
Warning: Found unsupported expression 'D&DE|IQ&!DE' in pin attribute of cell 'sky130_fd_sc_hd__edfxtp_1' - skipping.
Warning: Found unsupported expression 'D&!SCE|SCD&SCE' in pin attribute of cell 'sky130_fd_sc_hd__sdfbbp_1' - skipping.
Warning: Found unsupported expression 'D&!SCE|SCD&SCE' in pin attribute of cell 'sky130_fd_sc_hd__sdfrbp_1' - skipping.
Warning: Found unsupported expression 'D&!SCE|SCD&SCE' in pin attribute of cell 'sky130_fd_sc_hd__sdfrbp_2' - skipping.
Warning: Found unsupported expression 'D&!SCE|SCD&SCE' in pin attribute of cell 'sky130_fd_sc_hd__sdfrtp_1' - skipping.
Warning: Found unsupported expression 'D&!SCE|SCD&SCE' in pin attribute of cell 'sky130_fd_sc_hd__sdfrtp_2' - skipping.
Warning: Found unsupported expression 'D&!SCE|SCD&SCE' in pin attribute of cell 'sky130_fd_sc_hd__sdfrtp_4' - skipping.
Warning: Found unsupported expression 'D&!SCE|SCD&SCE' in pin attribute of cell 'sky130_fd_sc_hd__sdfsbp_1' - skipping.
Warning: Found unsupported expression 'D&!SCE|SCD&SCE' in pin attribute of cell 'sky130_fd_sc_hd__sdfsbp_2' - skipping.
Warning: Found unsupported expression 'D&!SCE|SCD&SCE' in pin attribute of cell 'sky130_fd_sc_hd__sdfstp_1' - skipping.
Warning: Found unsupported expression 'D&!SCE|SCD&SCE' in pin attribute of cell 'sky130_fd_sc_hd__sdfstp_2' - skipping.
Warning: Found unsupported expression 'D&!SCE|SCD&SCE' in pin attribute of cell 'sky130_fd_sc_hd__sdfstp_4' - skipping.
Warning: Found unsupported expression 'D&!SCE|SCD&SCE' in pin attribute of cell 'sky130_fd_sc_hd__sdfxbp_1' - skipping.
Warning: Found unsupported expression 'D&!SCE|SCD&SCE' in pin attribute of cell 'sky130_fd_sc_hd__sdfxbp_2' - skipping.
Warning: Found unsupported expression 'D&!SCE|SCD&SCE' in pin attribute of cell 'sky130_fd_sc_hd__sdfxtp_1' - skipping.
Warning: Found unsupported expression 'D&!SCE|SCD&SCE' in pin attribute of cell 'sky130_fd_sc_hd__sdfxtp_2' - skipping.
Warning: Found unsupported expression 'D&!SCE|SCD&SCE' in pin attribute of cell 'sky130_fd_sc_hd__sdfxtp_4' - skipping.
Warning: Found unsupported expression 'D&DE&!SCE|IQ&!DE&!SCE|SCD&SCE' in pin attribute of cell 'sky130_fd_sc_hd__sedfxbp_1' - skipping.
Warning: Found unsupported expression 'D&DE&!SCE|IQ&!DE&!SCE|SCD&SCE' in pin attribute of cell 'sky130_fd_sc_hd__sedfxbp_2' - skipping.
Warning: Found unsupported expression 'D&DE&!SCE|IQ&!DE&!SCE|SCD&SCE' in pin attribute of cell 'sky130_fd_sc_hd__sedfxtp_1' - skipping.
Warning: Found unsupported expression 'D&DE&!SCE|IQ&!DE&!SCE|SCD&SCE' in pin attribute of cell 'sky130_fd_sc_hd__sedfxtp_2' - skipping.
Warning: Found unsupported expression 'D&DE&!SCE|IQ&!DE&!SCE|SCD&SCE' in pin attribute of cell 'sky130_fd_sc_hd__sedfxtp_4' - skipping.
Warning: Found unsupported expression 'D&!SCE|SCD&SCE' in pin attribute of cell 'sky130_fd_sc_hd__sdfbbn_1' - skipping.
Warning: Found unsupported expression 'D&!SCE|SCD&SCE' in pin attribute of cell 'sky130_fd_sc_hd__sdfbbn_2' - skipping.
Warning: Found unsupported expression 'D&!SCE|SCD&SCE' in pin attribute of cell 'sky130_fd_sc_hd__sdfrtn_1' - skipping.
  cell sky130_fd_sc_hd__dfbbn_1 (noninv, pins=6, area=32.53) is a direct match for cell type $_DFFSR_NNN_.
Warning: Found unsupported expression 'D&!SCE|SCD&SCE' in pin attribute of cell 'sky130_fd_sc_hd__sdfbbn_1' - skipping.
Warning: Found unsupported expression 'D&!SCE|SCD&SCE' in pin attribute of cell 'sky130_fd_sc_hd__sdfbbn_2' - skipping.
Warning: Found unsupported expression 'D&!SCE|SCD&SCE' in pin attribute of cell 'sky130_fd_sc_hd__sdfrtn_1' - skipping.
Warning: Found unsupported expression 'D&!SCE|SCD&SCE' in pin attribute of cell 'sky130_fd_sc_hd__sdfbbn_1' - skipping.
Warning: Found unsupported expression 'D&!SCE|SCD&SCE' in pin attribute of cell 'sky130_fd_sc_hd__sdfbbn_2' - skipping.
Warning: Found unsupported expression 'D&!SCE|SCD&SCE' in pin attribute of cell 'sky130_fd_sc_hd__sdfrtn_1' - skipping.
Warning: Found unsupported expression 'D&!SCE|SCD&SCE' in pin attribute of cell 'sky130_fd_sc_hd__sdfbbn_1' - skipping.
Warning: Found unsupported expression 'D&!SCE|SCD&SCE' in pin attribute of cell 'sky130_fd_sc_hd__sdfbbn_2' - skipping.
Warning: Found unsupported expression 'D&!SCE|SCD&SCE' in pin attribute of cell 'sky130_fd_sc_hd__sdfrtn_1' - skipping.
Warning: Found unsupported expression 'D&DE|IQ&!DE' in pin attribute of cell 'sky130_fd_sc_hd__edfxbp_1' - skipping.
Warning: Found unsupported expression 'D&DE|IQ&!DE' in pin attribute of cell 'sky130_fd_sc_hd__edfxtp_1' - skipping.
Warning: Found unsupported expression 'D&!SCE|SCD&SCE' in pin attribute of cell 'sky130_fd_sc_hd__sdfbbp_1' - skipping.
Warning: Found unsupported expression 'D&!SCE|SCD&SCE' in pin attribute of cell 'sky130_fd_sc_hd__sdfrbp_1' - skipping.
Warning: Found unsupported expression 'D&!SCE|SCD&SCE' in pin attribute of cell 'sky130_fd_sc_hd__sdfrbp_2' - skipping.
Warning: Found unsupported expression 'D&!SCE|SCD&SCE' in pin attribute of cell 'sky130_fd_sc_hd__sdfrtp_1' - skipping.
Warning: Found unsupported expression 'D&!SCE|SCD&SCE' in pin attribute of cell 'sky130_fd_sc_hd__sdfrtp_2' - skipping.
Warning: Found unsupported expression 'D&!SCE|SCD&SCE' in pin attribute of cell 'sky130_fd_sc_hd__sdfrtp_4' - skipping.
Warning: Found unsupported expression 'D&!SCE|SCD&SCE' in pin attribute of cell 'sky130_fd_sc_hd__sdfsbp_1' - skipping.
Warning: Found unsupported expression 'D&!SCE|SCD&SCE' in pin attribute of cell 'sky130_fd_sc_hd__sdfsbp_2' - skipping.
Warning: Found unsupported expression 'D&!SCE|SCD&SCE' in pin attribute of cell 'sky130_fd_sc_hd__sdfstp_1' - skipping.
Warning: Found unsupported expression 'D&!SCE|SCD&SCE' in pin attribute of cell 'sky130_fd_sc_hd__sdfstp_2' - skipping.
Warning: Found unsupported expression 'D&!SCE|SCD&SCE' in pin attribute of cell 'sky130_fd_sc_hd__sdfstp_4' - skipping.
Warning: Found unsupported expression 'D&!SCE|SCD&SCE' in pin attribute of cell 'sky130_fd_sc_hd__sdfxbp_1' - skipping.
Warning: Found unsupported expression 'D&!SCE|SCD&SCE' in pin attribute of cell 'sky130_fd_sc_hd__sdfxbp_2' - skipping.
Warning: Found unsupported expression 'D&!SCE|SCD&SCE' in pin attribute of cell 'sky130_fd_sc_hd__sdfxtp_1' - skipping.
Warning: Found unsupported expression 'D&!SCE|SCD&SCE' in pin attribute of cell 'sky130_fd_sc_hd__sdfxtp_2' - skipping.
Warning: Found unsupported expression 'D&!SCE|SCD&SCE' in pin attribute of cell 'sky130_fd_sc_hd__sdfxtp_4' - skipping.
Warning: Found unsupported expression 'D&DE&!SCE|IQ&!DE&!SCE|SCD&SCE' in pin attribute of cell 'sky130_fd_sc_hd__sedfxbp_1' - skipping.
Warning: Found unsupported expression 'D&DE&!SCE|IQ&!DE&!SCE|SCD&SCE' in pin attribute of cell 'sky130_fd_sc_hd__sedfxbp_2' - skipping.
Warning: Found unsupported expression 'D&DE&!SCE|IQ&!DE&!SCE|SCD&SCE' in pin attribute of cell 'sky130_fd_sc_hd__sedfxtp_1' - skipping.
Warning: Found unsupported expression 'D&DE&!SCE|IQ&!DE&!SCE|SCD&SCE' in pin attribute of cell 'sky130_fd_sc_hd__sedfxtp_2' - skipping.
Warning: Found unsupported expression 'D&DE&!SCE|IQ&!DE&!SCE|SCD&SCE' in pin attribute of cell 'sky130_fd_sc_hd__sedfxtp_4' - skipping.
  cell sky130_fd_sc_hd__dfbbp_1 (noninv, pins=6, area=32.53) is a direct match for cell type $_DFFSR_PNN_.
Warning: Found unsupported expression 'D&DE|IQ&!DE' in pin attribute of cell 'sky130_fd_sc_hd__edfxbp_1' - skipping.
Warning: Found unsupported expression 'D&DE|IQ&!DE' in pin attribute of cell 'sky130_fd_sc_hd__edfxtp_1' - skipping.
Warning: Found unsupported expression 'D&!SCE|SCD&SCE' in pin attribute of cell 'sky130_fd_sc_hd__sdfbbp_1' - skipping.
Warning: Found unsupported expression 'D&!SCE|SCD&SCE' in pin attribute of cell 'sky130_fd_sc_hd__sdfrbp_1' - skipping.
Warning: Found unsupported expression 'D&!SCE|SCD&SCE' in pin attribute of cell 'sky130_fd_sc_hd__sdfrbp_2' - skipping.
Warning: Found unsupported expression 'D&!SCE|SCD&SCE' in pin attribute of cell 'sky130_fd_sc_hd__sdfrtp_1' - skipping.
Warning: Found unsupported expression 'D&!SCE|SCD&SCE' in pin attribute of cell 'sky130_fd_sc_hd__sdfrtp_2' - skipping.
Warning: Found unsupported expression 'D&!SCE|SCD&SCE' in pin attribute of cell 'sky130_fd_sc_hd__sdfrtp_4' - skipping.
Warning: Found unsupported expression 'D&!SCE|SCD&SCE' in pin attribute of cell 'sky130_fd_sc_hd__sdfsbp_1' - skipping.
Warning: Found unsupported expression 'D&!SCE|SCD&SCE' in pin attribute of cell 'sky130_fd_sc_hd__sdfsbp_2' - skipping.
Warning: Found unsupported expression 'D&!SCE|SCD&SCE' in pin attribute of cell 'sky130_fd_sc_hd__sdfstp_1' - skipping.
Warning: Found unsupported expression 'D&!SCE|SCD&SCE' in pin attribute of cell 'sky130_fd_sc_hd__sdfstp_2' - skipping.
Warning: Found unsupported expression 'D&!SCE|SCD&SCE' in pin attribute of cell 'sky130_fd_sc_hd__sdfstp_4' - skipping.
Warning: Found unsupported expression 'D&!SCE|SCD&SCE' in pin attribute of cell 'sky130_fd_sc_hd__sdfxbp_1' - skipping.
Warning: Found unsupported expression 'D&!SCE|SCD&SCE' in pin attribute of cell 'sky130_fd_sc_hd__sdfxbp_2' - skipping.
Warning: Found unsupported expression 'D&!SCE|SCD&SCE' in pin attribute of cell 'sky130_fd_sc_hd__sdfxtp_1' - skipping.
Warning: Found unsupported expression 'D&!SCE|SCD&SCE' in pin attribute of cell 'sky130_fd_sc_hd__sdfxtp_2' - skipping.
Warning: Found unsupported expression 'D&!SCE|SCD&SCE' in pin attribute of cell 'sky130_fd_sc_hd__sdfxtp_4' - skipping.
Warning: Found unsupported expression 'D&DE&!SCE|IQ&!DE&!SCE|SCD&SCE' in pin attribute of cell 'sky130_fd_sc_hd__sedfxbp_1' - skipping.
Warning: Found unsupported expression 'D&DE&!SCE|IQ&!DE&!SCE|SCD&SCE' in pin attribute of cell 'sky130_fd_sc_hd__sedfxbp_2' - skipping.
Warning: Found unsupported expression 'D&DE&!SCE|IQ&!DE&!SCE|SCD&SCE' in pin attribute of cell 'sky130_fd_sc_hd__sedfxtp_1' - skipping.
Warning: Found unsupported expression 'D&DE&!SCE|IQ&!DE&!SCE|SCD&SCE' in pin attribute of cell 'sky130_fd_sc_hd__sedfxtp_2' - skipping.
Warning: Found unsupported expression 'D&DE&!SCE|IQ&!DE&!SCE|SCD&SCE' in pin attribute of cell 'sky130_fd_sc_hd__sedfxtp_4' - skipping.
Warning: Found unsupported expression 'D&DE|IQ&!DE' in pin attribute of cell 'sky130_fd_sc_hd__edfxbp_1' - skipping.
Warning: Found unsupported expression 'D&DE|IQ&!DE' in pin attribute of cell 'sky130_fd_sc_hd__edfxtp_1' - skipping.
Warning: Found unsupported expression 'D&!SCE|SCD&SCE' in pin attribute of cell 'sky130_fd_sc_hd__sdfbbp_1' - skipping.
Warning: Found unsupported expression 'D&!SCE|SCD&SCE' in pin attribute of cell 'sky130_fd_sc_hd__sdfrbp_1' - skipping.
Warning: Found unsupported expression 'D&!SCE|SCD&SCE' in pin attribute of cell 'sky130_fd_sc_hd__sdfrbp_2' - skipping.
Warning: Found unsupported expression 'D&!SCE|SCD&SCE' in pin attribute of cell 'sky130_fd_sc_hd__sdfrtp_1' - skipping.
Warning: Found unsupported expression 'D&!SCE|SCD&SCE' in pin attribute of cell 'sky130_fd_sc_hd__sdfrtp_2' - skipping.
Warning: Found unsupported expression 'D&!SCE|SCD&SCE' in pin attribute of cell 'sky130_fd_sc_hd__sdfrtp_4' - skipping.
Warning: Found unsupported expression 'D&!SCE|SCD&SCE' in pin attribute of cell 'sky130_fd_sc_hd__sdfsbp_1' - skipping.
Warning: Found unsupported expression 'D&!SCE|SCD&SCE' in pin attribute of cell 'sky130_fd_sc_hd__sdfsbp_2' - skipping.
Warning: Found unsupported expression 'D&!SCE|SCD&SCE' in pin attribute of cell 'sky130_fd_sc_hd__sdfstp_1' - skipping.
Warning: Found unsupported expression 'D&!SCE|SCD&SCE' in pin attribute of cell 'sky130_fd_sc_hd__sdfstp_2' - skipping.
Warning: Found unsupported expression 'D&!SCE|SCD&SCE' in pin attribute of cell 'sky130_fd_sc_hd__sdfstp_4' - skipping.
Warning: Found unsupported expression 'D&!SCE|SCD&SCE' in pin attribute of cell 'sky130_fd_sc_hd__sdfxbp_1' - skipping.
Warning: Found unsupported expression 'D&!SCE|SCD&SCE' in pin attribute of cell 'sky130_fd_sc_hd__sdfxbp_2' - skipping.
Warning: Found unsupported expression 'D&!SCE|SCD&SCE' in pin attribute of cell 'sky130_fd_sc_hd__sdfxtp_1' - skipping.
Warning: Found unsupported expression 'D&!SCE|SCD&SCE' in pin attribute of cell 'sky130_fd_sc_hd__sdfxtp_2' - skipping.
Warning: Found unsupported expression 'D&!SCE|SCD&SCE' in pin attribute of cell 'sky130_fd_sc_hd__sdfxtp_4' - skipping.
Warning: Found unsupported expression 'D&DE&!SCE|IQ&!DE&!SCE|SCD&SCE' in pin attribute of cell 'sky130_fd_sc_hd__sedfxbp_1' - skipping.
Warning: Found unsupported expression 'D&DE&!SCE|IQ&!DE&!SCE|SCD&SCE' in pin attribute of cell 'sky130_fd_sc_hd__sedfxbp_2' - skipping.
Warning: Found unsupported expression 'D&DE&!SCE|IQ&!DE&!SCE|SCD&SCE' in pin attribute of cell 'sky130_fd_sc_hd__sedfxtp_1' - skipping.
Warning: Found unsupported expression 'D&DE&!SCE|IQ&!DE&!SCE|SCD&SCE' in pin attribute of cell 'sky130_fd_sc_hd__sedfxtp_2' - skipping.
Warning: Found unsupported expression 'D&DE&!SCE|IQ&!DE&!SCE|SCD&SCE' in pin attribute of cell 'sky130_fd_sc_hd__sedfxtp_4' - skipping.
Warning: Found unsupported expression 'D&DE|IQ&!DE' in pin attribute of cell 'sky130_fd_sc_hd__edfxbp_1' - skipping.
Warning: Found unsupported expression 'D&DE|IQ&!DE' in pin attribute of cell 'sky130_fd_sc_hd__edfxtp_1' - skipping.
Warning: Found unsupported expression 'D&!SCE|SCD&SCE' in pin attribute of cell 'sky130_fd_sc_hd__sdfbbp_1' - skipping.
Warning: Found unsupported expression 'D&!SCE|SCD&SCE' in pin attribute of cell 'sky130_fd_sc_hd__sdfrbp_1' - skipping.
Warning: Found unsupported expression 'D&!SCE|SCD&SCE' in pin attribute of cell 'sky130_fd_sc_hd__sdfrbp_2' - skipping.
Warning: Found unsupported expression 'D&!SCE|SCD&SCE' in pin attribute of cell 'sky130_fd_sc_hd__sdfrtp_1' - skipping.
Warning: Found unsupported expression 'D&!SCE|SCD&SCE' in pin attribute of cell 'sky130_fd_sc_hd__sdfrtp_2' - skipping.
Warning: Found unsupported expression 'D&!SCE|SCD&SCE' in pin attribute of cell 'sky130_fd_sc_hd__sdfrtp_4' - skipping.
Warning: Found unsupported expression 'D&!SCE|SCD&SCE' in pin attribute of cell 'sky130_fd_sc_hd__sdfsbp_1' - skipping.
Warning: Found unsupported expression 'D&!SCE|SCD&SCE' in pin attribute of cell 'sky130_fd_sc_hd__sdfsbp_2' - skipping.
Warning: Found unsupported expression 'D&!SCE|SCD&SCE' in pin attribute of cell 'sky130_fd_sc_hd__sdfstp_1' - skipping.
Warning: Found unsupported expression 'D&!SCE|SCD&SCE' in pin attribute of cell 'sky130_fd_sc_hd__sdfstp_2' - skipping.
Warning: Found unsupported expression 'D&!SCE|SCD&SCE' in pin attribute of cell 'sky130_fd_sc_hd__sdfstp_4' - skipping.
Warning: Found unsupported expression 'D&!SCE|SCD&SCE' in pin attribute of cell 'sky130_fd_sc_hd__sdfxbp_1' - skipping.
Warning: Found unsupported expression 'D&!SCE|SCD&SCE' in pin attribute of cell 'sky130_fd_sc_hd__sdfxbp_2' - skipping.
Warning: Found unsupported expression 'D&!SCE|SCD&SCE' in pin attribute of cell 'sky130_fd_sc_hd__sdfxtp_1' - skipping.
Warning: Found unsupported expression 'D&!SCE|SCD&SCE' in pin attribute of cell 'sky130_fd_sc_hd__sdfxtp_2' - skipping.
Warning: Found unsupported expression 'D&!SCE|SCD&SCE' in pin attribute of cell 'sky130_fd_sc_hd__sdfxtp_4' - skipping.
Warning: Found unsupported expression 'D&DE&!SCE|IQ&!DE&!SCE|SCD&SCE' in pin attribute of cell 'sky130_fd_sc_hd__sedfxbp_1' - skipping.
Warning: Found unsupported expression 'D&DE&!SCE|IQ&!DE&!SCE|SCD&SCE' in pin attribute of cell 'sky130_fd_sc_hd__sedfxbp_2' - skipping.
Warning: Found unsupported expression 'D&DE&!SCE|IQ&!DE&!SCE|SCD&SCE' in pin attribute of cell 'sky130_fd_sc_hd__sedfxtp_1' - skipping.
Warning: Found unsupported expression 'D&DE&!SCE|IQ&!DE&!SCE|SCD&SCE' in pin attribute of cell 'sky130_fd_sc_hd__sedfxtp_2' - skipping.
Warning: Found unsupported expression 'D&DE&!SCE|IQ&!DE&!SCE|SCD&SCE' in pin attribute of cell 'sky130_fd_sc_hd__sedfxtp_4' - skipping.
  final dff cell mappings:
    unmapped dff cell: $_DFF_N_
    \sky130_fd_sc_hd__dfxtp_1 _DFF_P_ (.CLK( C), .D( D), .Q( Q));
    \sky130_fd_sc_hd__dfrtn_1 _DFF_NN0_ (.CLK_N( C), .D( D), .Q( Q), .RESET_B( R));
    unmapped dff cell: $_DFF_NN1_
    unmapped dff cell: $_DFF_NP0_
    unmapped dff cell: $_DFF_NP1_
    \sky130_fd_sc_hd__dfrtp_1 _DFF_PN0_ (.CLK( C), .D( D), .Q( Q), .RESET_B( R));
    \sky130_fd_sc_hd__dfstp_2 _DFF_PN1_ (.CLK( C), .D( D), .Q( Q), .SET_B( R));
    unmapped dff cell: $_DFF_PP0_
    unmapped dff cell: $_DFF_PP1_
    \sky130_fd_sc_hd__dfbbn_1 _DFFSR_NNN_ (.CLK_N( C), .D( D), .Q( Q), .Q_N(~Q), .RESET_B( R), .SET_B( S));
    unmapped dff cell: $_DFFSR_NNP_
    unmapped dff cell: $_DFFSR_NPN_
    unmapped dff cell: $_DFFSR_NPP_
    \sky130_fd_sc_hd__dfbbp_1 _DFFSR_PNN_ (.CLK( C), .D( D), .Q( Q), .Q_N(~Q), .RESET_B( R), .SET_B( S));
    unmapped dff cell: $_DFFSR_PNP_
    unmapped dff cell: $_DFFSR_PPN_
    unmapped dff cell: $_DFFSR_PPP_

18.1. Executing DFFLEGALIZE pass (convert FFs to types supported by the target).
Mapping DFF cells in module `$paramod$ce97735b3e205300b7cc20b49638b23e37b300ee\picorv32':
  mapped 1894 $_DFF_P_ cells to \sky130_fd_sc_hd__dfxtp_1 cells.
Mapping DFF cells in module `\data_mem':
Mapping DFF cells in module `\instr_mem':
Mapping DFF cells in module `\mini_soc_top':
Mapping DFF cells in module `\simple_interconnect':
  mapped 4 $_DFF_PN0_ cells to \sky130_fd_sc_hd__dfrtp_1 cells.
Mapping DFF cells in module `\timer_periph':
  mapped 65 $_DFF_P_ cells to \sky130_fd_sc_hd__dfxtp_1 cells.
Mapping DFF cells in module `\uart_periph':
  mapped 34 $_DFF_P_ cells to \sky130_fd_sc_hd__dfxtp_1 cells.

19. Executing ABC pass (technology mapping using ABC).

19.1. Extracting gate netlist of module `$paramod$ce97735b3e205300b7cc20b49638b23e37b300ee\picorv32' to `<abc-temp-dir>/input.blif'..
Extracted 19682 gates and 22541 wires to a netlist network with 1960 inputs and 1964 outputs.

19.1.1. Executing ABC.
Running ABC command: "<yosys-exe-dir>/yosys-abc" -s -f <abc-temp-dir>/abc.script 2>&1
ABC: ABC command line: "source <abc-temp-dir>/abc.script".
ABC: 
ABC: + read_blif <abc-temp-dir>/input.blif 
ABC: Warning: Constant-0 drivers added to 896 non-driven nets in network "netlist":
ABC: ys__n18480, ys__n18481, ys__n18542, ys__n18543 ...
ABC: + read_lib -w /home/manal/OpenROAD/test/sky130hd/sky130_fd_sc_hd__tt_025C_1v80.lib 
ABC: Parsing finished successfully.  Parsing time =     0.07 sec
ABC: Scl_LibertyReadGenlib() skipped cell "sky130_fd_sc_hd__decap_12" without logic function.
ABC: Scl_LibertyReadGenlib() skipped cell "sky130_fd_sc_hd__decap_3" without logic function.
ABC: Scl_LibertyReadGenlib() skipped cell "sky130_fd_sc_hd__decap_4" without logic function.
ABC: Scl_LibertyReadGenlib() skipped cell "sky130_fd_sc_hd__decap_6" without logic function.
ABC: Scl_LibertyReadGenlib() skipped cell "sky130_fd_sc_hd__decap_8" without logic function.
ABC: Scl_LibertyReadGenlib() skipped sequential cell "sky130_fd_sc_hd__dfbbn_1".
ABC: Scl_LibertyReadGenlib() skipped sequential cell "sky130_fd_sc_hd__dfbbn_2".
ABC: Scl_LibertyReadGenlib() skipped sequential cell "sky130_fd_sc_hd__dfbbp_1".
ABC: Scl_LibertyReadGenlib() skipped sequential cell "sky130_fd_sc_hd__dfrbp_1".
ABC: Scl_LibertyReadGenlib() skipped sequential cell "sky130_fd_sc_hd__dfrbp_2".
ABC: Scl_LibertyReadGenlib() skipped sequential cell "sky130_fd_sc_hd__dfrtn_1".
ABC: Scl_LibertyReadGenlib() skipped sequential cell "sky130_fd_sc_hd__dfrtp_1".
ABC: Scl_LibertyReadGenlib() skipped sequential cell "sky130_fd_sc_hd__dfrtp_2".
ABC: Scl_LibertyReadGenlib() skipped sequential cell "sky130_fd_sc_hd__dfrtp_4".
ABC: Scl_LibertyReadGenlib() skipped sequential cell "sky130_fd_sc_hd__dfsbp_1".
ABC: Scl_LibertyReadGenlib() skipped sequential cell "sky130_fd_sc_hd__dfsbp_2".
ABC: Scl_LibertyReadGenlib() skipped sequential cell "sky130_fd_sc_hd__dfstp_1".
ABC: Scl_LibertyReadGenlib() skipped sequential cell "sky130_fd_sc_hd__dfstp_2".
ABC: Scl_LibertyReadGenlib() skipped sequential cell "sky130_fd_sc_hd__dfstp_4".
ABC: Scl_LibertyReadGenlib() skipped sequential cell "sky130_fd_sc_hd__dfxbp_1".
ABC: Scl_LibertyReadGenlib() skipped sequential cell "sky130_fd_sc_hd__dfxbp_2".
ABC: Scl_LibertyReadGenlib() skipped sequential cell "sky130_fd_sc_hd__dfxtp_1".
ABC: Scl_LibertyReadGenlib() skipped sequential cell "sky130_fd_sc_hd__dfxtp_2".
ABC: Scl_LibertyReadGenlib() skipped sequential cell "sky130_fd_sc_hd__dfxtp_4".
ABC: Scl_LibertyReadGenlib() skipped cell "sky130_fd_sc_hd__diode_2" without logic function.
ABC: Scl_LibertyReadGenlib() skipped cell "sky130_fd_sc_hd__dlclkp_1" without logic function.
ABC: Scl_LibertyReadGenlib() skipped cell "sky130_fd_sc_hd__dlclkp_2" without logic function.
ABC: Scl_LibertyReadGenlib() skipped cell "sky130_fd_sc_hd__dlclkp_4" without logic function.
ABC: Scl_LibertyReadGenlib() skipped sequential cell "sky130_fd_sc_hd__dlrbn_1".
ABC: Scl_LibertyReadGenlib() skipped sequential cell "sky130_fd_sc_hd__dlrbn_2".
ABC: Scl_LibertyReadGenlib() skipped sequential cell "sky130_fd_sc_hd__dlrbp_1".
ABC: Scl_LibertyReadGenlib() skipped sequential cell "sky130_fd_sc_hd__dlrbp_2".
ABC: Scl_LibertyReadGenlib() skipped sequential cell "sky130_fd_sc_hd__dlrtn_1".
ABC: Scl_LibertyReadGenlib() skipped sequential cell "sky130_fd_sc_hd__dlrtn_2".
ABC: Scl_LibertyReadGenlib() skipped sequential cell "sky130_fd_sc_hd__dlrtn_4".
ABC: Scl_LibertyReadGenlib() skipped sequential cell "sky130_fd_sc_hd__dlrtp_1".
ABC: Scl_LibertyReadGenlib() skipped sequential cell "sky130_fd_sc_hd__dlrtp_2".
ABC: Scl_LibertyReadGenlib() skipped sequential cell "sky130_fd_sc_hd__dlrtp_4".
ABC: Scl_LibertyReadGenlib() skipped sequential cell "sky130_fd_sc_hd__dlxbn_1".
ABC: Scl_LibertyReadGenlib() skipped sequential cell "sky130_fd_sc_hd__dlxbn_2".
ABC: Scl_LibertyReadGenlib() skipped sequential cell "sky130_fd_sc_hd__dlxbp_1".
ABC: Scl_LibertyReadGenlib() skipped sequential cell "sky130_fd_sc_hd__dlxtn_1".
ABC: Scl_LibertyReadGenlib() skipped sequential cell "sky130_fd_sc_hd__dlxtn_2".
ABC: Scl_LibertyReadGenlib() skipped sequential cell "sky130_fd_sc_hd__dlxtn_4".
ABC: Scl_LibertyReadGenlib() skipped sequential cell "sky130_fd_sc_hd__dlxtp_1".
ABC: Scl_LibertyReadGenlib() skipped three-state cell "sky130_fd_sc_hd__ebufn_1".
ABC: Scl_LibertyReadGenlib() skipped three-state cell "sky130_fd_sc_hd__ebufn_2".
ABC: Scl_LibertyReadGenlib() skipped three-state cell "sky130_fd_sc_hd__ebufn_4".
ABC: Scl_LibertyReadGenlib() skipped three-state cell "sky130_fd_sc_hd__ebufn_8".
ABC: Scl_LibertyReadGenlib() skipped sequential cell "sky130_fd_sc_hd__edfxbp_1".
ABC: Scl_LibertyReadGenlib() skipped sequential cell "sky130_fd_sc_hd__edfxtp_1".
ABC: Scl_LibertyReadGenlib() skipped three-state cell "sky130_fd_sc_hd__einvn_0".
ABC: Scl_LibertyReadGenlib() skipped three-state cell "sky130_fd_sc_hd__einvn_1".
ABC: Scl_LibertyReadGenlib() skipped three-state cell "sky130_fd_sc_hd__einvn_2".
ABC: Scl_LibertyReadGenlib() skipped three-state cell "sky130_fd_sc_hd__einvn_4".
ABC: Scl_LibertyReadGenlib() skipped three-state cell "sky130_fd_sc_hd__einvn_8".
ABC: Scl_LibertyReadGenlib() skipped three-state cell "sky130_fd_sc_hd__einvp_1".
ABC: Scl_LibertyReadGenlib() skipped three-state cell "sky130_fd_sc_hd__einvp_2".
ABC: Scl_LibertyReadGenlib() skipped three-state cell "sky130_fd_sc_hd__einvp_4".
ABC: Scl_LibertyReadGenlib() skipped three-state cell "sky130_fd_sc_hd__einvp_8".
ABC: Scl_LibertyReadGenlib() skipped cell "sky130_fd_sc_hd__lpflow_bleeder_1" without logic function.
ABC: Scl_LibertyReadGenlib() skipped cell "sky130_fd_sc_hd__lpflow_decapkapwr_12" without logic function.
ABC: Scl_LibertyReadGenlib() skipped cell "sky130_fd_sc_hd__lpflow_decapkapwr_3" without logic function.
ABC: Scl_LibertyReadGenlib() skipped cell "sky130_fd_sc_hd__lpflow_decapkapwr_4" without logic function.
ABC: Scl_LibertyReadGenlib() skipped cell "sky130_fd_sc_hd__lpflow_decapkapwr_6" without logic function.
ABC: Scl_LibertyReadGenlib() skipped cell "sky130_fd_sc_hd__lpflow_decapkapwr_8" without logic function.
ABC: Scl_LibertyReadGenlib() skipped sequential cell "sky130_fd_sc_hd__lpflow_inputisolatch_1".
ABC: Scl_LibertyReadGenlib() skipped sequential cell "sky130_fd_sc_hd__sdfbbn_1".
ABC: Scl_LibertyReadGenlib() skipped sequential cell "sky130_fd_sc_hd__sdfbbn_2".
ABC: Scl_LibertyReadGenlib() skipped sequential cell "sky130_fd_sc_hd__sdfbbp_1".
ABC: Scl_LibertyReadGenlib() skipped sequential cell "sky130_fd_sc_hd__sdfrbp_1".
ABC: Scl_LibertyReadGenlib() skipped sequential cell "sky130_fd_sc_hd__sdfrbp_2".
ABC: Scl_LibertyReadGenlib() skipped sequential cell "sky130_fd_sc_hd__sdfrtn_1".
ABC: Scl_LibertyReadGenlib() skipped sequential cell "sky130_fd_sc_hd__sdfrtp_1".
ABC: Scl_LibertyReadGenlib() skipped sequential cell "sky130_fd_sc_hd__sdfrtp_2".
ABC: Scl_LibertyReadGenlib() skipped sequential cell "sky130_fd_sc_hd__sdfrtp_4".
ABC: Scl_LibertyReadGenlib() skipped sequential cell "sky130_fd_sc_hd__sdfsbp_1".
ABC: Scl_LibertyReadGenlib() skipped sequential cell "sky130_fd_sc_hd__sdfsbp_2".
ABC: Scl_LibertyReadGenlib() skipped sequential cell "sky130_fd_sc_hd__sdfstp_1".
ABC: Scl_LibertyReadGenlib() skipped sequential cell "sky130_fd_sc_hd__sdfstp_2".
ABC: Scl_LibertyReadGenlib() skipped sequential cell "sky130_fd_sc_hd__sdfstp_4".
ABC: Scl_LibertyReadGenlib() skipped sequential cell "sky130_fd_sc_hd__sdfxbp_1".
ABC: Scl_LibertyReadGenlib() skipped sequential cell "sky130_fd_sc_hd__sdfxbp_2".
ABC: Scl_LibertyReadGenlib() skipped sequential cell "sky130_fd_sc_hd__sdfxtp_1".
ABC: Scl_LibertyReadGenlib() skipped sequential cell "sky130_fd_sc_hd__sdfxtp_2".
ABC: Scl_LibertyReadGenlib() skipped sequential cell "sky130_fd_sc_hd__sdfxtp_4".
ABC: Scl_LibertyReadGenlib() skipped cell "sky130_fd_sc_hd__sdlclkp_1" without logic function.
ABC: Scl_LibertyReadGenlib() skipped cell "sky130_fd_sc_hd__sdlclkp_2" without logic function.
ABC: Scl_LibertyReadGenlib() skipped cell "sky130_fd_sc_hd__sdlclkp_4" without logic function.
ABC: Scl_LibertyReadGenlib() skipped sequential cell "sky130_fd_sc_hd__sedfxbp_1".
ABC: Scl_LibertyReadGenlib() skipped sequential cell "sky130_fd_sc_hd__sedfxbp_2".
ABC: Scl_LibertyReadGenlib() skipped sequential cell "sky130_fd_sc_hd__sedfxtp_1".
ABC: Scl_LibertyReadGenlib() skipped sequential cell "sky130_fd_sc_hd__sedfxtp_2".
ABC: Scl_LibertyReadGenlib() skipped sequential cell "sky130_fd_sc_hd__sedfxtp_4".
ABC: Library "sky130_fd_sc_hd__tt_025C_1v80" from "/home/manal/OpenROAD/test/sky130hd/sky130_fd_sc_hd__tt_025C_1v80.lib" has 334 cells (94 skipped: 63 seq; 13 tri-state; 18 no func; 0 dont_use).  Time =     0.10 sec
ABC: Memory =   19.81 MB. Time =     0.10 sec
ABC: Warning: Detected 9 multi-output gates (for example, "sky130_fd_sc_hd__fa_1").
ABC: + strash 
ABC: + &get -n 
ABC: + &fraig -x 
ABC: + &put 
ABC: + scorr 
ABC: Warning: The network is combinational (run "fraig" or "fraig_sweep").
ABC: + dc2 
ABC: + dretime 
ABC: + strash 
ABC: + &get -n 
ABC: + &dch -f 
ABC: + &nf 
ABC: + &put 
ABC: + write_blif <abc-temp-dir>/output.blif 

19.1.2. Re-integrating ABC results.
ABC RESULTS:   sky130_fd_sc_hd__and4b_1 cells:        1
ABC RESULTS:   sky130_fd_sc_hd__o2111ai_1 cells:       28
ABC RESULTS:   sky130_fd_sc_hd__o21bai_1 cells:        1
ABC RESULTS:   sky130_fd_sc_hd__o311ai_0 cells:        6
ABC RESULTS:   sky130_fd_sc_hd__o31a_1 cells:        4
ABC RESULTS:   sky130_fd_sc_hd__o211a_1 cells:        2
ABC RESULTS:   sky130_fd_sc_hd__nor2b_1 cells:        8
ABC RESULTS:   sky130_fd_sc_hd__clkinv_1 cells:       87
ABC RESULTS:   sky130_fd_sc_hd__mux4_2 cells:      672
ABC RESULTS:   sky130_fd_sc_hd__nand2b_1 cells:       36
ABC RESULTS:   sky130_fd_sc_hd__a21boi_0 cells:        5
ABC RESULTS:   sky130_fd_sc_hd__a2bb2oi_1 cells:        2
ABC RESULTS:   sky130_fd_sc_hd__or4_1 cells:        6
ABC RESULTS:   sky130_fd_sc_hd__a222oi_1 cells:      119
ABC RESULTS:   sky130_fd_sc_hd__and3b_1 cells:        4
ABC RESULTS:   sky130_fd_sc_hd__mux2i_1 cells:       73
ABC RESULTS:   sky130_fd_sc_hd__o22ai_1 cells:       40
ABC RESULTS:   sky130_fd_sc_hd__or3b_1 cells:        1
ABC RESULTS:   sky130_fd_sc_hd__a32oi_1 cells:        6
ABC RESULTS:   sky130_fd_sc_hd__nor3b_1 cells:       15
ABC RESULTS:   sky130_fd_sc_hd__nand4b_1 cells:        1
ABC RESULTS:   sky130_fd_sc_hd__o2111a_1 cells:        1
ABC RESULTS:   sky130_fd_sc_hd__a32o_1 cells:        2
ABC RESULTS:   sky130_fd_sc_hd__a221oi_1 cells:       67
ABC RESULTS:   sky130_fd_sc_hd__xor2_1 cells:      112
ABC RESULTS:   sky130_fd_sc_hd__a21bo_1 cells:        1
ABC RESULTS:   sky130_fd_sc_hd__mux2_1 cells:      131
ABC RESULTS:   sky130_fd_sc_hd__o32a_1 cells:        1
ABC RESULTS:   sky130_fd_sc_hd__o221ai_1 cells:        3
ABC RESULTS:   sky130_fd_sc_hd__lpflow_isobufsrc_1 cells:       72
ABC RESULTS:   sky130_fd_sc_hd__a211oi_1 cells:       12
ABC RESULTS:   sky130_fd_sc_hd__xnor2_1 cells:      151
ABC RESULTS:   sky130_fd_sc_hd__a221o_1 cells:       29
ABC RESULTS:   sky130_fd_sc_hd__o21a_1 cells:       20
ABC RESULTS:   sky130_fd_sc_hd__lpflow_inputiso1p_1 cells:       29
ABC RESULTS:   sky130_fd_sc_hd__a2111oi_0 cells:        2
ABC RESULTS:   sky130_fd_sc_hd__o22a_1 cells:       17
ABC RESULTS:   sky130_fd_sc_hd__nand3b_1 cells:        3
ABC RESULTS:   sky130_fd_sc_hd__o31ai_1 cells:       12
ABC RESULTS:   sky130_fd_sc_hd__o41ai_1 cells:        1
ABC RESULTS:   sky130_fd_sc_hd__o32ai_1 cells:        6
ABC RESULTS:   sky130_fd_sc_hd__a31o_1 cells:       31
ABC RESULTS:   sky130_fd_sc_hd__a31oi_1 cells:       81
ABC RESULTS:   sky130_fd_sc_hd__nor4_1 cells:       45
ABC RESULTS:   sky130_fd_sc_hd__nor3_1 cells:      115
ABC RESULTS:   sky130_fd_sc_hd__nand4_1 cells:       67
ABC RESULTS:   sky130_fd_sc_hd__nor4b_1 cells:        6
ABC RESULTS:   sky130_fd_sc_hd__and3_1 cells:       35
ABC RESULTS:   sky130_fd_sc_hd__and4_1 cells:       12
ABC RESULTS:   sky130_fd_sc_hd__a211o_1 cells:        2
ABC RESULTS:   sky130_fd_sc_hd__a311o_1 cells:        2
ABC RESULTS:   sky130_fd_sc_hd__o211ai_1 cells:       42
ABC RESULTS:   sky130_fd_sc_hd__maj3_1 cells:       87
ABC RESULTS:   sky130_fd_sc_hd__a22oi_1 cells:      152
ABC RESULTS:   sky130_fd_sc_hd__and2_0 cells:       46
ABC RESULTS:   sky130_fd_sc_hd__nand3_1 cells:      114
ABC RESULTS:   sky130_fd_sc_hd__nand2_1 cells:     1946
ABC RESULTS:   sky130_fd_sc_hd__a21oi_1 cells:      459
ABC RESULTS:   sky130_fd_sc_hd__o21ai_0 cells:     1589
ABC RESULTS:   sky130_fd_sc_hd__or3_1 cells:       17
ABC RESULTS:          _const0_ cells:        2
ABC RESULTS:   sky130_fd_sc_hd__a22o_1 cells:       34
ABC RESULTS:   sky130_fd_sc_hd__buf_1 cells:       32
ABC RESULTS:   sky130_fd_sc_hd__a21o_1 cells:       69
ABC RESULTS:   sky130_fd_sc_hd__nor2_1 cells:      541
ABC RESULTS:        internal signals:    18617
ABC RESULTS:           input signals:     1960
ABC RESULTS:          output signals:     1964
Removing temp directory.

19.2. Extracting gate netlist of module `\data_mem' to `<abc-temp-dir>/input.blif'..
Extracted 2 gates and 4 wires to a netlist network with 2 inputs and 2 outputs.

19.2.1. Executing ABC.
Running ABC command: "<yosys-exe-dir>/yosys-abc" -s -f <abc-temp-dir>/abc.script 2>&1
ABC: ABC command line: "source <abc-temp-dir>/abc.script".
ABC: 
ABC: + read_blif <abc-temp-dir>/input.blif 
ABC: + read_lib -w /home/manal/OpenROAD/test/sky130hd/sky130_fd_sc_hd__tt_025C_1v80.lib 
ABC: Parsing finished successfully.  Parsing time =     0.07 sec
ABC: Scl_LibertyReadGenlib() skipped cell "sky130_fd_sc_hd__decap_12" without logic function.
ABC: Scl_LibertyReadGenlib() skipped cell "sky130_fd_sc_hd__decap_3" without logic function.
ABC: Scl_LibertyReadGenlib() skipped cell "sky130_fd_sc_hd__decap_4" without logic function.
ABC: Scl_LibertyReadGenlib() skipped cell "sky130_fd_sc_hd__decap_6" without logic function.
ABC: Scl_LibertyReadGenlib() skipped cell "sky130_fd_sc_hd__decap_8" without logic function.
ABC: Scl_LibertyReadGenlib() skipped sequential cell "sky130_fd_sc_hd__dfbbn_1".
ABC: Scl_LibertyReadGenlib() skipped sequential cell "sky130_fd_sc_hd__dfbbn_2".
ABC: Scl_LibertyReadGenlib() skipped sequential cell "sky130_fd_sc_hd__dfbbp_1".
ABC: Scl_LibertyReadGenlib() skipped sequential cell "sky130_fd_sc_hd__dfrbp_1".
ABC: Scl_LibertyReadGenlib() skipped sequential cell "sky130_fd_sc_hd__dfrbp_2".
ABC: Scl_LibertyReadGenlib() skipped sequential cell "sky130_fd_sc_hd__dfrtn_1".
ABC: Scl_LibertyReadGenlib() skipped sequential cell "sky130_fd_sc_hd__dfrtp_1".
ABC: Scl_LibertyReadGenlib() skipped sequential cell "sky130_fd_sc_hd__dfrtp_2".
ABC: Scl_LibertyReadGenlib() skipped sequential cell "sky130_fd_sc_hd__dfrtp_4".
ABC: Scl_LibertyReadGenlib() skipped sequential cell "sky130_fd_sc_hd__dfsbp_1".
ABC: Scl_LibertyReadGenlib() skipped sequential cell "sky130_fd_sc_hd__dfsbp_2".
ABC: Scl_LibertyReadGenlib() skipped sequential cell "sky130_fd_sc_hd__dfstp_1".
ABC: Scl_LibertyReadGenlib() skipped sequential cell "sky130_fd_sc_hd__dfstp_2".
ABC: Scl_LibertyReadGenlib() skipped sequential cell "sky130_fd_sc_hd__dfstp_4".
ABC: Scl_LibertyReadGenlib() skipped sequential cell "sky130_fd_sc_hd__dfxbp_1".
ABC: Scl_LibertyReadGenlib() skipped sequential cell "sky130_fd_sc_hd__dfxbp_2".
ABC: Scl_LibertyReadGenlib() skipped sequential cell "sky130_fd_sc_hd__dfxtp_1".
ABC: Scl_LibertyReadGenlib() skipped sequential cell "sky130_fd_sc_hd__dfxtp_2".
ABC: Scl_LibertyReadGenlib() skipped sequential cell "sky130_fd_sc_hd__dfxtp_4".
ABC: Scl_LibertyReadGenlib() skipped cell "sky130_fd_sc_hd__diode_2" without logic function.
ABC: Scl_LibertyReadGenlib() skipped cell "sky130_fd_sc_hd__dlclkp_1" without logic function.
ABC: Scl_LibertyReadGenlib() skipped cell "sky130_fd_sc_hd__dlclkp_2" without logic function.
ABC: Scl_LibertyReadGenlib() skipped cell "sky130_fd_sc_hd__dlclkp_4" without logic function.
ABC: Scl_LibertyReadGenlib() skipped sequential cell "sky130_fd_sc_hd__dlrbn_1".
ABC: Scl_LibertyReadGenlib() skipped sequential cell "sky130_fd_sc_hd__dlrbn_2".
ABC: Scl_LibertyReadGenlib() skipped sequential cell "sky130_fd_sc_hd__dlrbp_1".
ABC: Scl_LibertyReadGenlib() skipped sequential cell "sky130_fd_sc_hd__dlrbp_2".
ABC: Scl_LibertyReadGenlib() skipped sequential cell "sky130_fd_sc_hd__dlrtn_1".
ABC: Scl_LibertyReadGenlib() skipped sequential cell "sky130_fd_sc_hd__dlrtn_2".
ABC: Scl_LibertyReadGenlib() skipped sequential cell "sky130_fd_sc_hd__dlrtn_4".
ABC: Scl_LibertyReadGenlib() skipped sequential cell "sky130_fd_sc_hd__dlrtp_1".
ABC: Scl_LibertyReadGenlib() skipped sequential cell "sky130_fd_sc_hd__dlrtp_2".
ABC: Scl_LibertyReadGenlib() skipped sequential cell "sky130_fd_sc_hd__dlrtp_4".
ABC: Scl_LibertyReadGenlib() skipped sequential cell "sky130_fd_sc_hd__dlxbn_1".
ABC: Scl_LibertyReadGenlib() skipped sequential cell "sky130_fd_sc_hd__dlxbn_2".
ABC: Scl_LibertyReadGenlib() skipped sequential cell "sky130_fd_sc_hd__dlxbp_1".
ABC: Scl_LibertyReadGenlib() skipped sequential cell "sky130_fd_sc_hd__dlxtn_1".
ABC: Scl_LibertyReadGenlib() skipped sequential cell "sky130_fd_sc_hd__dlxtn_2".
ABC: Scl_LibertyReadGenlib() skipped sequential cell "sky130_fd_sc_hd__dlxtn_4".
ABC: Scl_LibertyReadGenlib() skipped sequential cell "sky130_fd_sc_hd__dlxtp_1".
ABC: Scl_LibertyReadGenlib() skipped three-state cell "sky130_fd_sc_hd__ebufn_1".
ABC: Scl_LibertyReadGenlib() skipped three-state cell "sky130_fd_sc_hd__ebufn_2".
ABC: Scl_LibertyReadGenlib() skipped three-state cell "sky130_fd_sc_hd__ebufn_4".
ABC: Scl_LibertyReadGenlib() skipped three-state cell "sky130_fd_sc_hd__ebufn_8".
ABC: Scl_LibertyReadGenlib() skipped sequential cell "sky130_fd_sc_hd__edfxbp_1".
ABC: Scl_LibertyReadGenlib() skipped sequential cell "sky130_fd_sc_hd__edfxtp_1".
ABC: Scl_LibertyReadGenlib() skipped three-state cell "sky130_fd_sc_hd__einvn_0".
ABC: Scl_LibertyReadGenlib() skipped three-state cell "sky130_fd_sc_hd__einvn_1".
ABC: Scl_LibertyReadGenlib() skipped three-state cell "sky130_fd_sc_hd__einvn_2".
ABC: Scl_LibertyReadGenlib() skipped three-state cell "sky130_fd_sc_hd__einvn_4".
ABC: Scl_LibertyReadGenlib() skipped three-state cell "sky130_fd_sc_hd__einvn_8".
ABC: Scl_LibertyReadGenlib() skipped three-state cell "sky130_fd_sc_hd__einvp_1".
ABC: Scl_LibertyReadGenlib() skipped three-state cell "sky130_fd_sc_hd__einvp_2".
ABC: Scl_LibertyReadGenlib() skipped three-state cell "sky130_fd_sc_hd__einvp_4".
ABC: Scl_LibertyReadGenlib() skipped three-state cell "sky130_fd_sc_hd__einvp_8".
ABC: Scl_LibertyReadGenlib() skipped cell "sky130_fd_sc_hd__lpflow_bleeder_1" without logic function.
ABC: Scl_LibertyReadGenlib() skipped cell "sky130_fd_sc_hd__lpflow_decapkapwr_12" without logic function.
ABC: Scl_LibertyReadGenlib() skipped cell "sky130_fd_sc_hd__lpflow_decapkapwr_3" without logic function.
ABC: Scl_LibertyReadGenlib() skipped cell "sky130_fd_sc_hd__lpflow_decapkapwr_4" without logic function.
ABC: Scl_LibertyReadGenlib() skipped cell "sky130_fd_sc_hd__lpflow_decapkapwr_6" without logic function.
ABC: Scl_LibertyReadGenlib() skipped cell "sky130_fd_sc_hd__lpflow_decapkapwr_8" without logic function.
ABC: Scl_LibertyReadGenlib() skipped sequential cell "sky130_fd_sc_hd__lpflow_inputisolatch_1".
ABC: Scl_LibertyReadGenlib() skipped sequential cell "sky130_fd_sc_hd__sdfbbn_1".
ABC: Scl_LibertyReadGenlib() skipped sequential cell "sky130_fd_sc_hd__sdfbbn_2".
ABC: Scl_LibertyReadGenlib() skipped sequential cell "sky130_fd_sc_hd__sdfbbp_1".
ABC: Scl_LibertyReadGenlib() skipped sequential cell "sky130_fd_sc_hd__sdfrbp_1".
ABC: Scl_LibertyReadGenlib() skipped sequential cell "sky130_fd_sc_hd__sdfrbp_2".
ABC: Scl_LibertyReadGenlib() skipped sequential cell "sky130_fd_sc_hd__sdfrtn_1".
ABC: Scl_LibertyReadGenlib() skipped sequential cell "sky130_fd_sc_hd__sdfrtp_1".
ABC: Scl_LibertyReadGenlib() skipped sequential cell "sky130_fd_sc_hd__sdfrtp_2".
ABC: Scl_LibertyReadGenlib() skipped sequential cell "sky130_fd_sc_hd__sdfrtp_4".
ABC: Scl_LibertyReadGenlib() skipped sequential cell "sky130_fd_sc_hd__sdfsbp_1".
ABC: Scl_LibertyReadGenlib() skipped sequential cell "sky130_fd_sc_hd__sdfsbp_2".
ABC: Scl_LibertyReadGenlib() skipped sequential cell "sky130_fd_sc_hd__sdfstp_1".
ABC: Scl_LibertyReadGenlib() skipped sequential cell "sky130_fd_sc_hd__sdfstp_2".
ABC: Scl_LibertyReadGenlib() skipped sequential cell "sky130_fd_sc_hd__sdfstp_4".
ABC: Scl_LibertyReadGenlib() skipped sequential cell "sky130_fd_sc_hd__sdfxbp_1".
ABC: Scl_LibertyReadGenlib() skipped sequential cell "sky130_fd_sc_hd__sdfxbp_2".
ABC: Scl_LibertyReadGenlib() skipped sequential cell "sky130_fd_sc_hd__sdfxtp_1".
ABC: Scl_LibertyReadGenlib() skipped sequential cell "sky130_fd_sc_hd__sdfxtp_2".
ABC: Scl_LibertyReadGenlib() skipped sequential cell "sky130_fd_sc_hd__sdfxtp_4".
ABC: Scl_LibertyReadGenlib() skipped cell "sky130_fd_sc_hd__sdlclkp_1" without logic function.
ABC: Scl_LibertyReadGenlib() skipped cell "sky130_fd_sc_hd__sdlclkp_2" without logic function.
ABC: Scl_LibertyReadGenlib() skipped cell "sky130_fd_sc_hd__sdlclkp_4" without logic function.
ABC: Scl_LibertyReadGenlib() skipped sequential cell "sky130_fd_sc_hd__sedfxbp_1".
ABC: Scl_LibertyReadGenlib() skipped sequential cell "sky130_fd_sc_hd__sedfxbp_2".
ABC: Scl_LibertyReadGenlib() skipped sequential cell "sky130_fd_sc_hd__sedfxtp_1".
ABC: Scl_LibertyReadGenlib() skipped sequential cell "sky130_fd_sc_hd__sedfxtp_2".
ABC: Scl_LibertyReadGenlib() skipped sequential cell "sky130_fd_sc_hd__sedfxtp_4".
ABC: Library "sky130_fd_sc_hd__tt_025C_1v80" from "/home/manal/OpenROAD/test/sky130hd/sky130_fd_sc_hd__tt_025C_1v80.lib" has 334 cells (94 skipped: 63 seq; 13 tri-state; 18 no func; 0 dont_use).  Time =     0.10 sec
ABC: Memory =   19.81 MB. Time =     0.10 sec
ABC: Warning: Detected 9 multi-output gates (for example, "sky130_fd_sc_hd__fa_1").
ABC: + strash 
ABC: + &get -n 
ABC: + &fraig -x 
ABC: + &put 
ABC: + scorr 
ABC: Warning: The network is combinational (run "fraig" or "fraig_sweep").
ABC: + dc2 
ABC: + dretime 
ABC: + strash 
ABC: + &get -n 
ABC: + &dch -f 
ABC: + &nf 
ABC: + &put 
ABC: + write_blif <abc-temp-dir>/output.blif 

19.2.2. Re-integrating ABC results.
ABC RESULTS:   sky130_fd_sc_hd__clkinv_1 cells:        2
ABC RESULTS:        internal signals:        0
ABC RESULTS:           input signals:        2
ABC RESULTS:          output signals:        2
Removing temp directory.

19.3. Extracting gate netlist of module `\instr_mem' to `<abc-temp-dir>/input.blif'..
Extracted 1 gates and 2 wires to a netlist network with 1 inputs and 1 outputs.

19.3.1. Executing ABC.
Running ABC command: "<yosys-exe-dir>/yosys-abc" -s -f <abc-temp-dir>/abc.script 2>&1
ABC: ABC command line: "source <abc-temp-dir>/abc.script".
ABC: 
ABC: + read_blif <abc-temp-dir>/input.blif 
ABC: + read_lib -w /home/manal/OpenROAD/test/sky130hd/sky130_fd_sc_hd__tt_025C_1v80.lib 
ABC: Parsing finished successfully.  Parsing time =     0.07 sec
ABC: Scl_LibertyReadGenlib() skipped cell "sky130_fd_sc_hd__decap_12" without logic function.
ABC: Scl_LibertyReadGenlib() skipped cell "sky130_fd_sc_hd__decap_3" without logic function.
ABC: Scl_LibertyReadGenlib() skipped cell "sky130_fd_sc_hd__decap_4" without logic function.
ABC: Scl_LibertyReadGenlib() skipped cell "sky130_fd_sc_hd__decap_6" without logic function.
ABC: Scl_LibertyReadGenlib() skipped cell "sky130_fd_sc_hd__decap_8" without logic function.
ABC: Scl_LibertyReadGenlib() skipped sequential cell "sky130_fd_sc_hd__dfbbn_1".
ABC: Scl_LibertyReadGenlib() skipped sequential cell "sky130_fd_sc_hd__dfbbn_2".
ABC: Scl_LibertyReadGenlib() skipped sequential cell "sky130_fd_sc_hd__dfbbp_1".
ABC: Scl_LibertyReadGenlib() skipped sequential cell "sky130_fd_sc_hd__dfrbp_1".
ABC: Scl_LibertyReadGenlib() skipped sequential cell "sky130_fd_sc_hd__dfrbp_2".
ABC: Scl_LibertyReadGenlib() skipped sequential cell "sky130_fd_sc_hd__dfrtn_1".
ABC: Scl_LibertyReadGenlib() skipped sequential cell "sky130_fd_sc_hd__dfrtp_1".
ABC: Scl_LibertyReadGenlib() skipped sequential cell "sky130_fd_sc_hd__dfrtp_2".
ABC: Scl_LibertyReadGenlib() skipped sequential cell "sky130_fd_sc_hd__dfrtp_4".
ABC: Scl_LibertyReadGenlib() skipped sequential cell "sky130_fd_sc_hd__dfsbp_1".
ABC: Scl_LibertyReadGenlib() skipped sequential cell "sky130_fd_sc_hd__dfsbp_2".
ABC: Scl_LibertyReadGenlib() skipped sequential cell "sky130_fd_sc_hd__dfstp_1".
ABC: Scl_LibertyReadGenlib() skipped sequential cell "sky130_fd_sc_hd__dfstp_2".
ABC: Scl_LibertyReadGenlib() skipped sequential cell "sky130_fd_sc_hd__dfstp_4".
ABC: Scl_LibertyReadGenlib() skipped sequential cell "sky130_fd_sc_hd__dfxbp_1".
ABC: Scl_LibertyReadGenlib() skipped sequential cell "sky130_fd_sc_hd__dfxbp_2".
ABC: Scl_LibertyReadGenlib() skipped sequential cell "sky130_fd_sc_hd__dfxtp_1".
ABC: Scl_LibertyReadGenlib() skipped sequential cell "sky130_fd_sc_hd__dfxtp_2".
ABC: Scl_LibertyReadGenlib() skipped sequential cell "sky130_fd_sc_hd__dfxtp_4".
ABC: Scl_LibertyReadGenlib() skipped cell "sky130_fd_sc_hd__diode_2" without logic function.
ABC: Scl_LibertyReadGenlib() skipped cell "sky130_fd_sc_hd__dlclkp_1" without logic function.
ABC: Scl_LibertyReadGenlib() skipped cell "sky130_fd_sc_hd__dlclkp_2" without logic function.
ABC: Scl_LibertyReadGenlib() skipped cell "sky130_fd_sc_hd__dlclkp_4" without logic function.
ABC: Scl_LibertyReadGenlib() skipped sequential cell "sky130_fd_sc_hd__dlrbn_1".
ABC: Scl_LibertyReadGenlib() skipped sequential cell "sky130_fd_sc_hd__dlrbn_2".
ABC: Scl_LibertyReadGenlib() skipped sequential cell "sky130_fd_sc_hd__dlrbp_1".
ABC: Scl_LibertyReadGenlib() skipped sequential cell "sky130_fd_sc_hd__dlrbp_2".
ABC: Scl_LibertyReadGenlib() skipped sequential cell "sky130_fd_sc_hd__dlrtn_1".
ABC: Scl_LibertyReadGenlib() skipped sequential cell "sky130_fd_sc_hd__dlrtn_2".
ABC: Scl_LibertyReadGenlib() skipped sequential cell "sky130_fd_sc_hd__dlrtn_4".
ABC: Scl_LibertyReadGenlib() skipped sequential cell "sky130_fd_sc_hd__dlrtp_1".
ABC: Scl_LibertyReadGenlib() skipped sequential cell "sky130_fd_sc_hd__dlrtp_2".
ABC: Scl_LibertyReadGenlib() skipped sequential cell "sky130_fd_sc_hd__dlrtp_4".
ABC: Scl_LibertyReadGenlib() skipped sequential cell "sky130_fd_sc_hd__dlxbn_1".
ABC: Scl_LibertyReadGenlib() skipped sequential cell "sky130_fd_sc_hd__dlxbn_2".
ABC: Scl_LibertyReadGenlib() skipped sequential cell "sky130_fd_sc_hd__dlxbp_1".
ABC: Scl_LibertyReadGenlib() skipped sequential cell "sky130_fd_sc_hd__dlxtn_1".
ABC: Scl_LibertyReadGenlib() skipped sequential cell "sky130_fd_sc_hd__dlxtn_2".
ABC: Scl_LibertyReadGenlib() skipped sequential cell "sky130_fd_sc_hd__dlxtn_4".
ABC: Scl_LibertyReadGenlib() skipped sequential cell "sky130_fd_sc_hd__dlxtp_1".
ABC: Scl_LibertyReadGenlib() skipped three-state cell "sky130_fd_sc_hd__ebufn_1".
ABC: Scl_LibertyReadGenlib() skipped three-state cell "sky130_fd_sc_hd__ebufn_2".
ABC: Scl_LibertyReadGenlib() skipped three-state cell "sky130_fd_sc_hd__ebufn_4".
ABC: Scl_LibertyReadGenlib() skipped three-state cell "sky130_fd_sc_hd__ebufn_8".
ABC: Scl_LibertyReadGenlib() skipped sequential cell "sky130_fd_sc_hd__edfxbp_1".
ABC: Scl_LibertyReadGenlib() skipped sequential cell "sky130_fd_sc_hd__edfxtp_1".
ABC: Scl_LibertyReadGenlib() skipped three-state cell "sky130_fd_sc_hd__einvn_0".
ABC: Scl_LibertyReadGenlib() skipped three-state cell "sky130_fd_sc_hd__einvn_1".
ABC: Scl_LibertyReadGenlib() skipped three-state cell "sky130_fd_sc_hd__einvn_2".
ABC: Scl_LibertyReadGenlib() skipped three-state cell "sky130_fd_sc_hd__einvn_4".
ABC: Scl_LibertyReadGenlib() skipped three-state cell "sky130_fd_sc_hd__einvn_8".
ABC: Scl_LibertyReadGenlib() skipped three-state cell "sky130_fd_sc_hd__einvp_1".
ABC: Scl_LibertyReadGenlib() skipped three-state cell "sky130_fd_sc_hd__einvp_2".
ABC: Scl_LibertyReadGenlib() skipped three-state cell "sky130_fd_sc_hd__einvp_4".
ABC: Scl_LibertyReadGenlib() skipped three-state cell "sky130_fd_sc_hd__einvp_8".
ABC: Scl_LibertyReadGenlib() skipped cell "sky130_fd_sc_hd__lpflow_bleeder_1" without logic function.
ABC: Scl_LibertyReadGenlib() skipped cell "sky130_fd_sc_hd__lpflow_decapkapwr_12" without logic function.
ABC: Scl_LibertyReadGenlib() skipped cell "sky130_fd_sc_hd__lpflow_decapkapwr_3" without logic function.
ABC: Scl_LibertyReadGenlib() skipped cell "sky130_fd_sc_hd__lpflow_decapkapwr_4" without logic function.
ABC: Scl_LibertyReadGenlib() skipped cell "sky130_fd_sc_hd__lpflow_decapkapwr_6" without logic function.
ABC: Scl_LibertyReadGenlib() skipped cell "sky130_fd_sc_hd__lpflow_decapkapwr_8" without logic function.
ABC: Scl_LibertyReadGenlib() skipped sequential cell "sky130_fd_sc_hd__lpflow_inputisolatch_1".
ABC: Scl_LibertyReadGenlib() skipped sequential cell "sky130_fd_sc_hd__sdfbbn_1".
ABC: Scl_LibertyReadGenlib() skipped sequential cell "sky130_fd_sc_hd__sdfbbn_2".
ABC: Scl_LibertyReadGenlib() skipped sequential cell "sky130_fd_sc_hd__sdfbbp_1".
ABC: Scl_LibertyReadGenlib() skipped sequential cell "sky130_fd_sc_hd__sdfrbp_1".
ABC: Scl_LibertyReadGenlib() skipped sequential cell "sky130_fd_sc_hd__sdfrbp_2".
ABC: Scl_LibertyReadGenlib() skipped sequential cell "sky130_fd_sc_hd__sdfrtn_1".
ABC: Scl_LibertyReadGenlib() skipped sequential cell "sky130_fd_sc_hd__sdfrtp_1".
ABC: Scl_LibertyReadGenlib() skipped sequential cell "sky130_fd_sc_hd__sdfrtp_2".
ABC: Scl_LibertyReadGenlib() skipped sequential cell "sky130_fd_sc_hd__sdfrtp_4".
ABC: Scl_LibertyReadGenlib() skipped sequential cell "sky130_fd_sc_hd__sdfsbp_1".
ABC: Scl_LibertyReadGenlib() skipped sequential cell "sky130_fd_sc_hd__sdfsbp_2".
ABC: Scl_LibertyReadGenlib() skipped sequential cell "sky130_fd_sc_hd__sdfstp_1".
ABC: Scl_LibertyReadGenlib() skipped sequential cell "sky130_fd_sc_hd__sdfstp_2".
ABC: Scl_LibertyReadGenlib() skipped sequential cell "sky130_fd_sc_hd__sdfstp_4".
ABC: Scl_LibertyReadGenlib() skipped sequential cell "sky130_fd_sc_hd__sdfxbp_1".
ABC: Scl_LibertyReadGenlib() skipped sequential cell "sky130_fd_sc_hd__sdfxbp_2".
ABC: Scl_LibertyReadGenlib() skipped sequential cell "sky130_fd_sc_hd__sdfxtp_1".
ABC: Scl_LibertyReadGenlib() skipped sequential cell "sky130_fd_sc_hd__sdfxtp_2".
ABC: Scl_LibertyReadGenlib() skipped sequential cell "sky130_fd_sc_hd__sdfxtp_4".
ABC: Scl_LibertyReadGenlib() skipped cell "sky130_fd_sc_hd__sdlclkp_1" without logic function.
ABC: Scl_LibertyReadGenlib() skipped cell "sky130_fd_sc_hd__sdlclkp_2" without logic function.
ABC: Scl_LibertyReadGenlib() skipped cell "sky130_fd_sc_hd__sdlclkp_4" without logic function.
ABC: Scl_LibertyReadGenlib() skipped sequential cell "sky130_fd_sc_hd__sedfxbp_1".
ABC: Scl_LibertyReadGenlib() skipped sequential cell "sky130_fd_sc_hd__sedfxbp_2".
ABC: Scl_LibertyReadGenlib() skipped sequential cell "sky130_fd_sc_hd__sedfxtp_1".
ABC: Scl_LibertyReadGenlib() skipped sequential cell "sky130_fd_sc_hd__sedfxtp_2".
ABC: Scl_LibertyReadGenlib() skipped sequential cell "sky130_fd_sc_hd__sedfxtp_4".
ABC: Library "sky130_fd_sc_hd__tt_025C_1v80" from "/home/manal/OpenROAD/test/sky130hd/sky130_fd_sc_hd__tt_025C_1v80.lib" has 334 cells (94 skipped: 63 seq; 13 tri-state; 18 no func; 0 dont_use).  Time =     0.10 sec
ABC: Memory =   19.81 MB. Time =     0.10 sec
ABC: Warning: Detected 9 multi-output gates (for example, "sky130_fd_sc_hd__fa_1").
ABC: + strash 
ABC: + &get -n 
ABC: + &fraig -x 
ABC: + &put 
ABC: + scorr 
ABC: Warning: The network is combinational (run "fraig" or "fraig_sweep").
ABC: + dc2 
ABC: + dretime 
ABC: + strash 
ABC: + &get -n 
ABC: + &dch -f 
ABC: + &nf 
ABC: + &put 
ABC: + write_blif <abc-temp-dir>/output.blif 

19.3.2. Re-integrating ABC results.
ABC RESULTS:   sky130_fd_sc_hd__clkinv_1 cells:        1
ABC RESULTS:        internal signals:        0
ABC RESULTS:           input signals:        1
ABC RESULTS:          output signals:        1
Removing temp directory.

19.4. Extracting gate netlist of module `\mini_soc_top' to `<abc-temp-dir>/input.blif'..
Extracted 3 gates and 7 wires to a netlist network with 4 inputs and 1 outputs.

19.4.1. Executing ABC.
Running ABC command: "<yosys-exe-dir>/yosys-abc" -s -f <abc-temp-dir>/abc.script 2>&1
ABC: ABC command line: "source <abc-temp-dir>/abc.script".
ABC: 
ABC: + read_blif <abc-temp-dir>/input.blif 
ABC: + read_lib -w /home/manal/OpenROAD/test/sky130hd/sky130_fd_sc_hd__tt_025C_1v80.lib 
ABC: Parsing finished successfully.  Parsing time =     0.07 sec
ABC: Scl_LibertyReadGenlib() skipped cell "sky130_fd_sc_hd__decap_12" without logic function.
ABC: Scl_LibertyReadGenlib() skipped cell "sky130_fd_sc_hd__decap_3" without logic function.
ABC: Scl_LibertyReadGenlib() skipped cell "sky130_fd_sc_hd__decap_4" without logic function.
ABC: Scl_LibertyReadGenlib() skipped cell "sky130_fd_sc_hd__decap_6" without logic function.
ABC: Scl_LibertyReadGenlib() skipped cell "sky130_fd_sc_hd__decap_8" without logic function.
ABC: Scl_LibertyReadGenlib() skipped sequential cell "sky130_fd_sc_hd__dfbbn_1".
ABC: Scl_LibertyReadGenlib() skipped sequential cell "sky130_fd_sc_hd__dfbbn_2".
ABC: Scl_LibertyReadGenlib() skipped sequential cell "sky130_fd_sc_hd__dfbbp_1".
ABC: Scl_LibertyReadGenlib() skipped sequential cell "sky130_fd_sc_hd__dfrbp_1".
ABC: Scl_LibertyReadGenlib() skipped sequential cell "sky130_fd_sc_hd__dfrbp_2".
ABC: Scl_LibertyReadGenlib() skipped sequential cell "sky130_fd_sc_hd__dfrtn_1".
ABC: Scl_LibertyReadGenlib() skipped sequential cell "sky130_fd_sc_hd__dfrtp_1".
ABC: Scl_LibertyReadGenlib() skipped sequential cell "sky130_fd_sc_hd__dfrtp_2".
ABC: Scl_LibertyReadGenlib() skipped sequential cell "sky130_fd_sc_hd__dfrtp_4".
ABC: Scl_LibertyReadGenlib() skipped sequential cell "sky130_fd_sc_hd__dfsbp_1".
ABC: Scl_LibertyReadGenlib() skipped sequential cell "sky130_fd_sc_hd__dfsbp_2".
ABC: Scl_LibertyReadGenlib() skipped sequential cell "sky130_fd_sc_hd__dfstp_1".
ABC: Scl_LibertyReadGenlib() skipped sequential cell "sky130_fd_sc_hd__dfstp_2".
ABC: Scl_LibertyReadGenlib() skipped sequential cell "sky130_fd_sc_hd__dfstp_4".
ABC: Scl_LibertyReadGenlib() skipped sequential cell "sky130_fd_sc_hd__dfxbp_1".
ABC: Scl_LibertyReadGenlib() skipped sequential cell "sky130_fd_sc_hd__dfxbp_2".
ABC: Scl_LibertyReadGenlib() skipped sequential cell "sky130_fd_sc_hd__dfxtp_1".
ABC: Scl_LibertyReadGenlib() skipped sequential cell "sky130_fd_sc_hd__dfxtp_2".
ABC: Scl_LibertyReadGenlib() skipped sequential cell "sky130_fd_sc_hd__dfxtp_4".
ABC: Scl_LibertyReadGenlib() skipped cell "sky130_fd_sc_hd__diode_2" without logic function.
ABC: Scl_LibertyReadGenlib() skipped cell "sky130_fd_sc_hd__dlclkp_1" without logic function.
ABC: Scl_LibertyReadGenlib() skipped cell "sky130_fd_sc_hd__dlclkp_2" without logic function.
ABC: Scl_LibertyReadGenlib() skipped cell "sky130_fd_sc_hd__dlclkp_4" without logic function.
ABC: Scl_LibertyReadGenlib() skipped sequential cell "sky130_fd_sc_hd__dlrbn_1".
ABC: Scl_LibertyReadGenlib() skipped sequential cell "sky130_fd_sc_hd__dlrbn_2".
ABC: Scl_LibertyReadGenlib() skipped sequential cell "sky130_fd_sc_hd__dlrbp_1".
ABC: Scl_LibertyReadGenlib() skipped sequential cell "sky130_fd_sc_hd__dlrbp_2".
ABC: Scl_LibertyReadGenlib() skipped sequential cell "sky130_fd_sc_hd__dlrtn_1".
ABC: Scl_LibertyReadGenlib() skipped sequential cell "sky130_fd_sc_hd__dlrtn_2".
ABC: Scl_LibertyReadGenlib() skipped sequential cell "sky130_fd_sc_hd__dlrtn_4".
ABC: Scl_LibertyReadGenlib() skipped sequential cell "sky130_fd_sc_hd__dlrtp_1".
ABC: Scl_LibertyReadGenlib() skipped sequential cell "sky130_fd_sc_hd__dlrtp_2".
ABC: Scl_LibertyReadGenlib() skipped sequential cell "sky130_fd_sc_hd__dlrtp_4".
ABC: Scl_LibertyReadGenlib() skipped sequential cell "sky130_fd_sc_hd__dlxbn_1".
ABC: Scl_LibertyReadGenlib() skipped sequential cell "sky130_fd_sc_hd__dlxbn_2".
ABC: Scl_LibertyReadGenlib() skipped sequential cell "sky130_fd_sc_hd__dlxbp_1".
ABC: Scl_LibertyReadGenlib() skipped sequential cell "sky130_fd_sc_hd__dlxtn_1".
ABC: Scl_LibertyReadGenlib() skipped sequential cell "sky130_fd_sc_hd__dlxtn_2".
ABC: Scl_LibertyReadGenlib() skipped sequential cell "sky130_fd_sc_hd__dlxtn_4".
ABC: Scl_LibertyReadGenlib() skipped sequential cell "sky130_fd_sc_hd__dlxtp_1".
ABC: Scl_LibertyReadGenlib() skipped three-state cell "sky130_fd_sc_hd__ebufn_1".
ABC: Scl_LibertyReadGenlib() skipped three-state cell "sky130_fd_sc_hd__ebufn_2".
ABC: Scl_LibertyReadGenlib() skipped three-state cell "sky130_fd_sc_hd__ebufn_4".
ABC: Scl_LibertyReadGenlib() skipped three-state cell "sky130_fd_sc_hd__ebufn_8".
ABC: Scl_LibertyReadGenlib() skipped sequential cell "sky130_fd_sc_hd__edfxbp_1".
ABC: Scl_LibertyReadGenlib() skipped sequential cell "sky130_fd_sc_hd__edfxtp_1".
ABC: Scl_LibertyReadGenlib() skipped three-state cell "sky130_fd_sc_hd__einvn_0".
ABC: Scl_LibertyReadGenlib() skipped three-state cell "sky130_fd_sc_hd__einvn_1".
ABC: Scl_LibertyReadGenlib() skipped three-state cell "sky130_fd_sc_hd__einvn_2".
ABC: Scl_LibertyReadGenlib() skipped three-state cell "sky130_fd_sc_hd__einvn_4".
ABC: Scl_LibertyReadGenlib() skipped three-state cell "sky130_fd_sc_hd__einvn_8".
ABC: Scl_LibertyReadGenlib() skipped three-state cell "sky130_fd_sc_hd__einvp_1".
ABC: Scl_LibertyReadGenlib() skipped three-state cell "sky130_fd_sc_hd__einvp_2".
ABC: Scl_LibertyReadGenlib() skipped three-state cell "sky130_fd_sc_hd__einvp_4".
ABC: Scl_LibertyReadGenlib() skipped three-state cell "sky130_fd_sc_hd__einvp_8".
ABC: Scl_LibertyReadGenlib() skipped cell "sky130_fd_sc_hd__lpflow_bleeder_1" without logic function.
ABC: Scl_LibertyReadGenlib() skipped cell "sky130_fd_sc_hd__lpflow_decapkapwr_12" without logic function.
ABC: Scl_LibertyReadGenlib() skipped cell "sky130_fd_sc_hd__lpflow_decapkapwr_3" without logic function.
ABC: Scl_LibertyReadGenlib() skipped cell "sky130_fd_sc_hd__lpflow_decapkapwr_4" without logic function.
ABC: Scl_LibertyReadGenlib() skipped cell "sky130_fd_sc_hd__lpflow_decapkapwr_6" without logic function.
ABC: Scl_LibertyReadGenlib() skipped cell "sky130_fd_sc_hd__lpflow_decapkapwr_8" without logic function.
ABC: Scl_LibertyReadGenlib() skipped sequential cell "sky130_fd_sc_hd__lpflow_inputisolatch_1".
ABC: Scl_LibertyReadGenlib() skipped sequential cell "sky130_fd_sc_hd__sdfbbn_1".
ABC: Scl_LibertyReadGenlib() skipped sequential cell "sky130_fd_sc_hd__sdfbbn_2".
ABC: Scl_LibertyReadGenlib() skipped sequential cell "sky130_fd_sc_hd__sdfbbp_1".
ABC: Scl_LibertyReadGenlib() skipped sequential cell "sky130_fd_sc_hd__sdfrbp_1".
ABC: Scl_LibertyReadGenlib() skipped sequential cell "sky130_fd_sc_hd__sdfrbp_2".
ABC: Scl_LibertyReadGenlib() skipped sequential cell "sky130_fd_sc_hd__sdfrtn_1".
ABC: Scl_LibertyReadGenlib() skipped sequential cell "sky130_fd_sc_hd__sdfrtp_1".
ABC: Scl_LibertyReadGenlib() skipped sequential cell "sky130_fd_sc_hd__sdfrtp_2".
ABC: Scl_LibertyReadGenlib() skipped sequential cell "sky130_fd_sc_hd__sdfrtp_4".
ABC: Scl_LibertyReadGenlib() skipped sequential cell "sky130_fd_sc_hd__sdfsbp_1".
ABC: Scl_LibertyReadGenlib() skipped sequential cell "sky130_fd_sc_hd__sdfsbp_2".
ABC: Scl_LibertyReadGenlib() skipped sequential cell "sky130_fd_sc_hd__sdfstp_1".
ABC: Scl_LibertyReadGenlib() skipped sequential cell "sky130_fd_sc_hd__sdfstp_2".
ABC: Scl_LibertyReadGenlib() skipped sequential cell "sky130_fd_sc_hd__sdfstp_4".
ABC: Scl_LibertyReadGenlib() skipped sequential cell "sky130_fd_sc_hd__sdfxbp_1".
ABC: Scl_LibertyReadGenlib() skipped sequential cell "sky130_fd_sc_hd__sdfxbp_2".
ABC: Scl_LibertyReadGenlib() skipped sequential cell "sky130_fd_sc_hd__sdfxtp_1".
ABC: Scl_LibertyReadGenlib() skipped sequential cell "sky130_fd_sc_hd__sdfxtp_2".
ABC: Scl_LibertyReadGenlib() skipped sequential cell "sky130_fd_sc_hd__sdfxtp_4".
ABC: Scl_LibertyReadGenlib() skipped cell "sky130_fd_sc_hd__sdlclkp_1" without logic function.
ABC: Scl_LibertyReadGenlib() skipped cell "sky130_fd_sc_hd__sdlclkp_2" without logic function.
ABC: Scl_LibertyReadGenlib() skipped cell "sky130_fd_sc_hd__sdlclkp_4" without logic function.
ABC: Scl_LibertyReadGenlib() skipped sequential cell "sky130_fd_sc_hd__sedfxbp_1".
ABC: Scl_LibertyReadGenlib() skipped sequential cell "sky130_fd_sc_hd__sedfxbp_2".
ABC: Scl_LibertyReadGenlib() skipped sequential cell "sky130_fd_sc_hd__sedfxtp_1".
ABC: Scl_LibertyReadGenlib() skipped sequential cell "sky130_fd_sc_hd__sedfxtp_2".
ABC: Scl_LibertyReadGenlib() skipped sequential cell "sky130_fd_sc_hd__sedfxtp_4".
ABC: Library "sky130_fd_sc_hd__tt_025C_1v80" from "/home/manal/OpenROAD/test/sky130hd/sky130_fd_sc_hd__tt_025C_1v80.lib" has 334 cells (94 skipped: 63 seq; 13 tri-state; 18 no func; 0 dont_use).  Time =     0.10 sec
ABC: Memory =   19.81 MB. Time =     0.10 sec
ABC: Warning: Detected 9 multi-output gates (for example, "sky130_fd_sc_hd__fa_1").
ABC: + strash 
ABC: + &get -n 
ABC: + &fraig -x 
ABC: + &put 
ABC: + scorr 
ABC: Warning: The network is combinational (run "fraig" or "fraig_sweep").
ABC: + dc2 
ABC: + dretime 
ABC: + strash 
ABC: + &get -n 
ABC: + &dch -f 
ABC: + &nf 
ABC: + &put 
ABC: + write_blif <abc-temp-dir>/output.blif 

19.4.2. Re-integrating ABC results.
ABC RESULTS:   sky130_fd_sc_hd__or4_1 cells:        1
ABC RESULTS:        internal signals:        2
ABC RESULTS:           input signals:        4
ABC RESULTS:          output signals:        1
Removing temp directory.

19.5. Extracting gate netlist of module `\simple_interconnect' to `<abc-temp-dir>/input.blif'..
Extracted 2840 gates and 3011 wires to a netlist network with 169 inputs and 43 outputs.

19.5.1. Executing ABC.
Running ABC command: "<yosys-exe-dir>/yosys-abc" -s -f <abc-temp-dir>/abc.script 2>&1
ABC: ABC command line: "source <abc-temp-dir>/abc.script".
ABC: 
ABC: + read_blif <abc-temp-dir>/input.blif 
ABC: + read_lib -w /home/manal/OpenROAD/test/sky130hd/sky130_fd_sc_hd__tt_025C_1v80.lib 
ABC: Parsing finished successfully.  Parsing time =     0.07 sec
ABC: Scl_LibertyReadGenlib() skipped cell "sky130_fd_sc_hd__decap_12" without logic function.
ABC: Scl_LibertyReadGenlib() skipped cell "sky130_fd_sc_hd__decap_3" without logic function.
ABC: Scl_LibertyReadGenlib() skipped cell "sky130_fd_sc_hd__decap_4" without logic function.
ABC: Scl_LibertyReadGenlib() skipped cell "sky130_fd_sc_hd__decap_6" without logic function.
ABC: Scl_LibertyReadGenlib() skipped cell "sky130_fd_sc_hd__decap_8" without logic function.
ABC: Scl_LibertyReadGenlib() skipped sequential cell "sky130_fd_sc_hd__dfbbn_1".
ABC: Scl_LibertyReadGenlib() skipped sequential cell "sky130_fd_sc_hd__dfbbn_2".
ABC: Scl_LibertyReadGenlib() skipped sequential cell "sky130_fd_sc_hd__dfbbp_1".
ABC: Scl_LibertyReadGenlib() skipped sequential cell "sky130_fd_sc_hd__dfrbp_1".
ABC: Scl_LibertyReadGenlib() skipped sequential cell "sky130_fd_sc_hd__dfrbp_2".
ABC: Scl_LibertyReadGenlib() skipped sequential cell "sky130_fd_sc_hd__dfrtn_1".
ABC: Scl_LibertyReadGenlib() skipped sequential cell "sky130_fd_sc_hd__dfrtp_1".
ABC: Scl_LibertyReadGenlib() skipped sequential cell "sky130_fd_sc_hd__dfrtp_2".
ABC: Scl_LibertyReadGenlib() skipped sequential cell "sky130_fd_sc_hd__dfrtp_4".
ABC: Scl_LibertyReadGenlib() skipped sequential cell "sky130_fd_sc_hd__dfsbp_1".
ABC: Scl_LibertyReadGenlib() skipped sequential cell "sky130_fd_sc_hd__dfsbp_2".
ABC: Scl_LibertyReadGenlib() skipped sequential cell "sky130_fd_sc_hd__dfstp_1".
ABC: Scl_LibertyReadGenlib() skipped sequential cell "sky130_fd_sc_hd__dfstp_2".
ABC: Scl_LibertyReadGenlib() skipped sequential cell "sky130_fd_sc_hd__dfstp_4".
ABC: Scl_LibertyReadGenlib() skipped sequential cell "sky130_fd_sc_hd__dfxbp_1".
ABC: Scl_LibertyReadGenlib() skipped sequential cell "sky130_fd_sc_hd__dfxbp_2".
ABC: Scl_LibertyReadGenlib() skipped sequential cell "sky130_fd_sc_hd__dfxtp_1".
ABC: Scl_LibertyReadGenlib() skipped sequential cell "sky130_fd_sc_hd__dfxtp_2".
ABC: Scl_LibertyReadGenlib() skipped sequential cell "sky130_fd_sc_hd__dfxtp_4".
ABC: Scl_LibertyReadGenlib() skipped cell "sky130_fd_sc_hd__diode_2" without logic function.
ABC: Scl_LibertyReadGenlib() skipped cell "sky130_fd_sc_hd__dlclkp_1" without logic function.
ABC: Scl_LibertyReadGenlib() skipped cell "sky130_fd_sc_hd__dlclkp_2" without logic function.
ABC: Scl_LibertyReadGenlib() skipped cell "sky130_fd_sc_hd__dlclkp_4" without logic function.
ABC: Scl_LibertyReadGenlib() skipped sequential cell "sky130_fd_sc_hd__dlrbn_1".
ABC: Scl_LibertyReadGenlib() skipped sequential cell "sky130_fd_sc_hd__dlrbn_2".
ABC: Scl_LibertyReadGenlib() skipped sequential cell "sky130_fd_sc_hd__dlrbp_1".
ABC: Scl_LibertyReadGenlib() skipped sequential cell "sky130_fd_sc_hd__dlrbp_2".
ABC: Scl_LibertyReadGenlib() skipped sequential cell "sky130_fd_sc_hd__dlrtn_1".
ABC: Scl_LibertyReadGenlib() skipped sequential cell "sky130_fd_sc_hd__dlrtn_2".
ABC: Scl_LibertyReadGenlib() skipped sequential cell "sky130_fd_sc_hd__dlrtn_4".
ABC: Scl_LibertyReadGenlib() skipped sequential cell "sky130_fd_sc_hd__dlrtp_1".
ABC: Scl_LibertyReadGenlib() skipped sequential cell "sky130_fd_sc_hd__dlrtp_2".
ABC: Scl_LibertyReadGenlib() skipped sequential cell "sky130_fd_sc_hd__dlrtp_4".
ABC: Scl_LibertyReadGenlib() skipped sequential cell "sky130_fd_sc_hd__dlxbn_1".
ABC: Scl_LibertyReadGenlib() skipped sequential cell "sky130_fd_sc_hd__dlxbn_2".
ABC: Scl_LibertyReadGenlib() skipped sequential cell "sky130_fd_sc_hd__dlxbp_1".
ABC: Scl_LibertyReadGenlib() skipped sequential cell "sky130_fd_sc_hd__dlxtn_1".
ABC: Scl_LibertyReadGenlib() skipped sequential cell "sky130_fd_sc_hd__dlxtn_2".
ABC: Scl_LibertyReadGenlib() skipped sequential cell "sky130_fd_sc_hd__dlxtn_4".
ABC: Scl_LibertyReadGenlib() skipped sequential cell "sky130_fd_sc_hd__dlxtp_1".
ABC: Scl_LibertyReadGenlib() skipped three-state cell "sky130_fd_sc_hd__ebufn_1".
ABC: Scl_LibertyReadGenlib() skipped three-state cell "sky130_fd_sc_hd__ebufn_2".
ABC: Scl_LibertyReadGenlib() skipped three-state cell "sky130_fd_sc_hd__ebufn_4".
ABC: Scl_LibertyReadGenlib() skipped three-state cell "sky130_fd_sc_hd__ebufn_8".
ABC: Scl_LibertyReadGenlib() skipped sequential cell "sky130_fd_sc_hd__edfxbp_1".
ABC: Scl_LibertyReadGenlib() skipped sequential cell "sky130_fd_sc_hd__edfxtp_1".
ABC: Scl_LibertyReadGenlib() skipped three-state cell "sky130_fd_sc_hd__einvn_0".
ABC: Scl_LibertyReadGenlib() skipped three-state cell "sky130_fd_sc_hd__einvn_1".
ABC: Scl_LibertyReadGenlib() skipped three-state cell "sky130_fd_sc_hd__einvn_2".
ABC: Scl_LibertyReadGenlib() skipped three-state cell "sky130_fd_sc_hd__einvn_4".
ABC: Scl_LibertyReadGenlib() skipped three-state cell "sky130_fd_sc_hd__einvn_8".
ABC: Scl_LibertyReadGenlib() skipped three-state cell "sky130_fd_sc_hd__einvp_1".
ABC: Scl_LibertyReadGenlib() skipped three-state cell "sky130_fd_sc_hd__einvp_2".
ABC: Scl_LibertyReadGenlib() skipped three-state cell "sky130_fd_sc_hd__einvp_4".
ABC: Scl_LibertyReadGenlib() skipped three-state cell "sky130_fd_sc_hd__einvp_8".
ABC: Scl_LibertyReadGenlib() skipped cell "sky130_fd_sc_hd__lpflow_bleeder_1" without logic function.
ABC: Scl_LibertyReadGenlib() skipped cell "sky130_fd_sc_hd__lpflow_decapkapwr_12" without logic function.
ABC: Scl_LibertyReadGenlib() skipped cell "sky130_fd_sc_hd__lpflow_decapkapwr_3" without logic function.
ABC: Scl_LibertyReadGenlib() skipped cell "sky130_fd_sc_hd__lpflow_decapkapwr_4" without logic function.
ABC: Scl_LibertyReadGenlib() skipped cell "sky130_fd_sc_hd__lpflow_decapkapwr_6" without logic function.
ABC: Scl_LibertyReadGenlib() skipped cell "sky130_fd_sc_hd__lpflow_decapkapwr_8" without logic function.
ABC: Scl_LibertyReadGenlib() skipped sequential cell "sky130_fd_sc_hd__lpflow_inputisolatch_1".
ABC: Scl_LibertyReadGenlib() skipped sequential cell "sky130_fd_sc_hd__sdfbbn_1".
ABC: Scl_LibertyReadGenlib() skipped sequential cell "sky130_fd_sc_hd__sdfbbn_2".
ABC: Scl_LibertyReadGenlib() skipped sequential cell "sky130_fd_sc_hd__sdfbbp_1".
ABC: Scl_LibertyReadGenlib() skipped sequential cell "sky130_fd_sc_hd__sdfrbp_1".
ABC: Scl_LibertyReadGenlib() skipped sequential cell "sky130_fd_sc_hd__sdfrbp_2".
ABC: Scl_LibertyReadGenlib() skipped sequential cell "sky130_fd_sc_hd__sdfrtn_1".
ABC: Scl_LibertyReadGenlib() skipped sequential cell "sky130_fd_sc_hd__sdfrtp_1".
ABC: Scl_LibertyReadGenlib() skipped sequential cell "sky130_fd_sc_hd__sdfrtp_2".
ABC: Scl_LibertyReadGenlib() skipped sequential cell "sky130_fd_sc_hd__sdfrtp_4".
ABC: Scl_LibertyReadGenlib() skipped sequential cell "sky130_fd_sc_hd__sdfsbp_1".
ABC: Scl_LibertyReadGenlib() skipped sequential cell "sky130_fd_sc_hd__sdfsbp_2".
ABC: Scl_LibertyReadGenlib() skipped sequential cell "sky130_fd_sc_hd__sdfstp_1".
ABC: Scl_LibertyReadGenlib() skipped sequential cell "sky130_fd_sc_hd__sdfstp_2".
ABC: Scl_LibertyReadGenlib() skipped sequential cell "sky130_fd_sc_hd__sdfstp_4".
ABC: Scl_LibertyReadGenlib() skipped sequential cell "sky130_fd_sc_hd__sdfxbp_1".
ABC: Scl_LibertyReadGenlib() skipped sequential cell "sky130_fd_sc_hd__sdfxbp_2".
ABC: Scl_LibertyReadGenlib() skipped sequential cell "sky130_fd_sc_hd__sdfxtp_1".
ABC: Scl_LibertyReadGenlib() skipped sequential cell "sky130_fd_sc_hd__sdfxtp_2".
ABC: Scl_LibertyReadGenlib() skipped sequential cell "sky130_fd_sc_hd__sdfxtp_4".
ABC: Scl_LibertyReadGenlib() skipped cell "sky130_fd_sc_hd__sdlclkp_1" without logic function.
ABC: Scl_LibertyReadGenlib() skipped cell "sky130_fd_sc_hd__sdlclkp_2" without logic function.
ABC: Scl_LibertyReadGenlib() skipped cell "sky130_fd_sc_hd__sdlclkp_4" without logic function.
ABC: Scl_LibertyReadGenlib() skipped sequential cell "sky130_fd_sc_hd__sedfxbp_1".
ABC: Scl_LibertyReadGenlib() skipped sequential cell "sky130_fd_sc_hd__sedfxbp_2".
ABC: Scl_LibertyReadGenlib() skipped sequential cell "sky130_fd_sc_hd__sedfxtp_1".
ABC: Scl_LibertyReadGenlib() skipped sequential cell "sky130_fd_sc_hd__sedfxtp_2".
ABC: Scl_LibertyReadGenlib() skipped sequential cell "sky130_fd_sc_hd__sedfxtp_4".
ABC: Library "sky130_fd_sc_hd__tt_025C_1v80" from "/home/manal/OpenROAD/test/sky130hd/sky130_fd_sc_hd__tt_025C_1v80.lib" has 334 cells (94 skipped: 63 seq; 13 tri-state; 18 no func; 0 dont_use).  Time =     0.10 sec
ABC: Memory =   19.81 MB. Time =     0.10 sec
ABC: Warning: Detected 9 multi-output gates (for example, "sky130_fd_sc_hd__fa_1").
ABC: + strash 
ABC: + &get -n 
ABC: + &fraig -x 
ABC: + &put 
ABC: + scorr 
ABC: Warning: The network is combinational (run "fraig" or "fraig_sweep").
ABC: + dc2 
ABC: + dretime 
ABC: + strash 
ABC: + &get -n 
ABC: + &dch -f 
ABC: + &nf 
ABC: + &put 
ABC: + write_blif <abc-temp-dir>/output.blif 

19.5.2. Re-integrating ABC results.
ABC RESULTS:   sky130_fd_sc_hd__nand4_1 cells:        2
ABC RESULTS:   sky130_fd_sc_hd__nand3b_1 cells:        1
ABC RESULTS:   sky130_fd_sc_hd__nor3_1 cells:        4
ABC RESULTS:   sky130_fd_sc_hd__or4b_1 cells:        1
ABC RESULTS:   sky130_fd_sc_hd__a21boi_0 cells:        1
ABC RESULTS:   sky130_fd_sc_hd__o21ai_0 cells:        1
ABC RESULTS:   sky130_fd_sc_hd__nor4b_1 cells:        2
ABC RESULTS:   sky130_fd_sc_hd__lpflow_inputiso1p_1 cells:        1
ABC RESULTS:   sky130_fd_sc_hd__nor2_1 cells:        3
ABC RESULTS:   sky130_fd_sc_hd__nand3_1 cells:        2
ABC RESULTS:   sky130_fd_sc_hd__or3b_1 cells:        1
ABC RESULTS:   sky130_fd_sc_hd__a2111oi_0 cells:        1
ABC RESULTS:   sky130_fd_sc_hd__or4_1 cells:        2
ABC RESULTS:   sky130_fd_sc_hd__a221oi_1 cells:       32
ABC RESULTS:   sky130_fd_sc_hd__nand2_1 cells:       35
ABC RESULTS:   sky130_fd_sc_hd__o31ai_1 cells:       32
ABC RESULTS:   sky130_fd_sc_hd__nor4_1 cells:        7
ABC RESULTS:   sky130_fd_sc_hd__nor3b_1 cells:        1
ABC RESULTS:   sky130_fd_sc_hd__lpflow_isobufsrc_1 cells:       36
ABC RESULTS:   sky130_fd_sc_hd__and2_0 cells:        4
ABC RESULTS:        internal signals:     2799
ABC RESULTS:           input signals:      169
ABC RESULTS:          output signals:       43
Removing temp directory.

19.6. Extracting gate netlist of module `\timer_periph' to `<abc-temp-dir>/input.blif'..
Extracted 761 gates and 887 wires to a netlist network with 123 inputs and 97 outputs.

19.6.1. Executing ABC.
Running ABC command: "<yosys-exe-dir>/yosys-abc" -s -f <abc-temp-dir>/abc.script 2>&1
ABC: ABC command line: "source <abc-temp-dir>/abc.script".
ABC: 
ABC: + read_blif <abc-temp-dir>/input.blif 
ABC: + read_lib -w /home/manal/OpenROAD/test/sky130hd/sky130_fd_sc_hd__tt_025C_1v80.lib 
ABC: Parsing finished successfully.  Parsing time =     0.07 sec
ABC: Scl_LibertyReadGenlib() skipped cell "sky130_fd_sc_hd__decap_12" without logic function.
ABC: Scl_LibertyReadGenlib() skipped cell "sky130_fd_sc_hd__decap_3" without logic function.
ABC: Scl_LibertyReadGenlib() skipped cell "sky130_fd_sc_hd__decap_4" without logic function.
ABC: Scl_LibertyReadGenlib() skipped cell "sky130_fd_sc_hd__decap_6" without logic function.
ABC: Scl_LibertyReadGenlib() skipped cell "sky130_fd_sc_hd__decap_8" without logic function.
ABC: Scl_LibertyReadGenlib() skipped sequential cell "sky130_fd_sc_hd__dfbbn_1".
ABC: Scl_LibertyReadGenlib() skipped sequential cell "sky130_fd_sc_hd__dfbbn_2".
ABC: Scl_LibertyReadGenlib() skipped sequential cell "sky130_fd_sc_hd__dfbbp_1".
ABC: Scl_LibertyReadGenlib() skipped sequential cell "sky130_fd_sc_hd__dfrbp_1".
ABC: Scl_LibertyReadGenlib() skipped sequential cell "sky130_fd_sc_hd__dfrbp_2".
ABC: Scl_LibertyReadGenlib() skipped sequential cell "sky130_fd_sc_hd__dfrtn_1".
ABC: Scl_LibertyReadGenlib() skipped sequential cell "sky130_fd_sc_hd__dfrtp_1".
ABC: Scl_LibertyReadGenlib() skipped sequential cell "sky130_fd_sc_hd__dfrtp_2".
ABC: Scl_LibertyReadGenlib() skipped sequential cell "sky130_fd_sc_hd__dfrtp_4".
ABC: Scl_LibertyReadGenlib() skipped sequential cell "sky130_fd_sc_hd__dfsbp_1".
ABC: Scl_LibertyReadGenlib() skipped sequential cell "sky130_fd_sc_hd__dfsbp_2".
ABC: Scl_LibertyReadGenlib() skipped sequential cell "sky130_fd_sc_hd__dfstp_1".
ABC: Scl_LibertyReadGenlib() skipped sequential cell "sky130_fd_sc_hd__dfstp_2".
ABC: Scl_LibertyReadGenlib() skipped sequential cell "sky130_fd_sc_hd__dfstp_4".
ABC: Scl_LibertyReadGenlib() skipped sequential cell "sky130_fd_sc_hd__dfxbp_1".
ABC: Scl_LibertyReadGenlib() skipped sequential cell "sky130_fd_sc_hd__dfxbp_2".
ABC: Scl_LibertyReadGenlib() skipped sequential cell "sky130_fd_sc_hd__dfxtp_1".
ABC: Scl_LibertyReadGenlib() skipped sequential cell "sky130_fd_sc_hd__dfxtp_2".
ABC: Scl_LibertyReadGenlib() skipped sequential cell "sky130_fd_sc_hd__dfxtp_4".
ABC: Scl_LibertyReadGenlib() skipped cell "sky130_fd_sc_hd__diode_2" without logic function.
ABC: Scl_LibertyReadGenlib() skipped cell "sky130_fd_sc_hd__dlclkp_1" without logic function.
ABC: Scl_LibertyReadGenlib() skipped cell "sky130_fd_sc_hd__dlclkp_2" without logic function.
ABC: Scl_LibertyReadGenlib() skipped cell "sky130_fd_sc_hd__dlclkp_4" without logic function.
ABC: Scl_LibertyReadGenlib() skipped sequential cell "sky130_fd_sc_hd__dlrbn_1".
ABC: Scl_LibertyReadGenlib() skipped sequential cell "sky130_fd_sc_hd__dlrbn_2".
ABC: Scl_LibertyReadGenlib() skipped sequential cell "sky130_fd_sc_hd__dlrbp_1".
ABC: Scl_LibertyReadGenlib() skipped sequential cell "sky130_fd_sc_hd__dlrbp_2".
ABC: Scl_LibertyReadGenlib() skipped sequential cell "sky130_fd_sc_hd__dlrtn_1".
ABC: Scl_LibertyReadGenlib() skipped sequential cell "sky130_fd_sc_hd__dlrtn_2".
ABC: Scl_LibertyReadGenlib() skipped sequential cell "sky130_fd_sc_hd__dlrtn_4".
ABC: Scl_LibertyReadGenlib() skipped sequential cell "sky130_fd_sc_hd__dlrtp_1".
ABC: Scl_LibertyReadGenlib() skipped sequential cell "sky130_fd_sc_hd__dlrtp_2".
ABC: Scl_LibertyReadGenlib() skipped sequential cell "sky130_fd_sc_hd__dlrtp_4".
ABC: Scl_LibertyReadGenlib() skipped sequential cell "sky130_fd_sc_hd__dlxbn_1".
ABC: Scl_LibertyReadGenlib() skipped sequential cell "sky130_fd_sc_hd__dlxbn_2".
ABC: Scl_LibertyReadGenlib() skipped sequential cell "sky130_fd_sc_hd__dlxbp_1".
ABC: Scl_LibertyReadGenlib() skipped sequential cell "sky130_fd_sc_hd__dlxtn_1".
ABC: Scl_LibertyReadGenlib() skipped sequential cell "sky130_fd_sc_hd__dlxtn_2".
ABC: Scl_LibertyReadGenlib() skipped sequential cell "sky130_fd_sc_hd__dlxtn_4".
ABC: Scl_LibertyReadGenlib() skipped sequential cell "sky130_fd_sc_hd__dlxtp_1".
ABC: Scl_LibertyReadGenlib() skipped three-state cell "sky130_fd_sc_hd__ebufn_1".
ABC: Scl_LibertyReadGenlib() skipped three-state cell "sky130_fd_sc_hd__ebufn_2".
ABC: Scl_LibertyReadGenlib() skipped three-state cell "sky130_fd_sc_hd__ebufn_4".
ABC: Scl_LibertyReadGenlib() skipped three-state cell "sky130_fd_sc_hd__ebufn_8".
ABC: Scl_LibertyReadGenlib() skipped sequential cell "sky130_fd_sc_hd__edfxbp_1".
ABC: Scl_LibertyReadGenlib() skipped sequential cell "sky130_fd_sc_hd__edfxtp_1".
ABC: Scl_LibertyReadGenlib() skipped three-state cell "sky130_fd_sc_hd__einvn_0".
ABC: Scl_LibertyReadGenlib() skipped three-state cell "sky130_fd_sc_hd__einvn_1".
ABC: Scl_LibertyReadGenlib() skipped three-state cell "sky130_fd_sc_hd__einvn_2".
ABC: Scl_LibertyReadGenlib() skipped three-state cell "sky130_fd_sc_hd__einvn_4".
ABC: Scl_LibertyReadGenlib() skipped three-state cell "sky130_fd_sc_hd__einvn_8".
ABC: Scl_LibertyReadGenlib() skipped three-state cell "sky130_fd_sc_hd__einvp_1".
ABC: Scl_LibertyReadGenlib() skipped three-state cell "sky130_fd_sc_hd__einvp_2".
ABC: Scl_LibertyReadGenlib() skipped three-state cell "sky130_fd_sc_hd__einvp_4".
ABC: Scl_LibertyReadGenlib() skipped three-state cell "sky130_fd_sc_hd__einvp_8".
ABC: Scl_LibertyReadGenlib() skipped cell "sky130_fd_sc_hd__lpflow_bleeder_1" without logic function.
ABC: Scl_LibertyReadGenlib() skipped cell "sky130_fd_sc_hd__lpflow_decapkapwr_12" without logic function.
ABC: Scl_LibertyReadGenlib() skipped cell "sky130_fd_sc_hd__lpflow_decapkapwr_3" without logic function.
ABC: Scl_LibertyReadGenlib() skipped cell "sky130_fd_sc_hd__lpflow_decapkapwr_4" without logic function.
ABC: Scl_LibertyReadGenlib() skipped cell "sky130_fd_sc_hd__lpflow_decapkapwr_6" without logic function.
ABC: Scl_LibertyReadGenlib() skipped cell "sky130_fd_sc_hd__lpflow_decapkapwr_8" without logic function.
ABC: Scl_LibertyReadGenlib() skipped sequential cell "sky130_fd_sc_hd__lpflow_inputisolatch_1".
ABC: Scl_LibertyReadGenlib() skipped sequential cell "sky130_fd_sc_hd__sdfbbn_1".
ABC: Scl_LibertyReadGenlib() skipped sequential cell "sky130_fd_sc_hd__sdfbbn_2".
ABC: Scl_LibertyReadGenlib() skipped sequential cell "sky130_fd_sc_hd__sdfbbp_1".
ABC: Scl_LibertyReadGenlib() skipped sequential cell "sky130_fd_sc_hd__sdfrbp_1".
ABC: Scl_LibertyReadGenlib() skipped sequential cell "sky130_fd_sc_hd__sdfrbp_2".
ABC: Scl_LibertyReadGenlib() skipped sequential cell "sky130_fd_sc_hd__sdfrtn_1".
ABC: Scl_LibertyReadGenlib() skipped sequential cell "sky130_fd_sc_hd__sdfrtp_1".
ABC: Scl_LibertyReadGenlib() skipped sequential cell "sky130_fd_sc_hd__sdfrtp_2".
ABC: Scl_LibertyReadGenlib() skipped sequential cell "sky130_fd_sc_hd__sdfrtp_4".
ABC: Scl_LibertyReadGenlib() skipped sequential cell "sky130_fd_sc_hd__sdfsbp_1".
ABC: Scl_LibertyReadGenlib() skipped sequential cell "sky130_fd_sc_hd__sdfsbp_2".
ABC: Scl_LibertyReadGenlib() skipped sequential cell "sky130_fd_sc_hd__sdfstp_1".
ABC: Scl_LibertyReadGenlib() skipped sequential cell "sky130_fd_sc_hd__sdfstp_2".
ABC: Scl_LibertyReadGenlib() skipped sequential cell "sky130_fd_sc_hd__sdfstp_4".
ABC: Scl_LibertyReadGenlib() skipped sequential cell "sky130_fd_sc_hd__sdfxbp_1".
ABC: Scl_LibertyReadGenlib() skipped sequential cell "sky130_fd_sc_hd__sdfxbp_2".
ABC: Scl_LibertyReadGenlib() skipped sequential cell "sky130_fd_sc_hd__sdfxtp_1".
ABC: Scl_LibertyReadGenlib() skipped sequential cell "sky130_fd_sc_hd__sdfxtp_2".
ABC: Scl_LibertyReadGenlib() skipped sequential cell "sky130_fd_sc_hd__sdfxtp_4".
ABC: Scl_LibertyReadGenlib() skipped cell "sky130_fd_sc_hd__sdlclkp_1" without logic function.
ABC: Scl_LibertyReadGenlib() skipped cell "sky130_fd_sc_hd__sdlclkp_2" without logic function.
ABC: Scl_LibertyReadGenlib() skipped cell "sky130_fd_sc_hd__sdlclkp_4" without logic function.
ABC: Scl_LibertyReadGenlib() skipped sequential cell "sky130_fd_sc_hd__sedfxbp_1".
ABC: Scl_LibertyReadGenlib() skipped sequential cell "sky130_fd_sc_hd__sedfxbp_2".
ABC: Scl_LibertyReadGenlib() skipped sequential cell "sky130_fd_sc_hd__sedfxtp_1".
ABC: Scl_LibertyReadGenlib() skipped sequential cell "sky130_fd_sc_hd__sedfxtp_2".
ABC: Scl_LibertyReadGenlib() skipped sequential cell "sky130_fd_sc_hd__sedfxtp_4".
ABC: Library "sky130_fd_sc_hd__tt_025C_1v80" from "/home/manal/OpenROAD/test/sky130hd/sky130_fd_sc_hd__tt_025C_1v80.lib" has 334 cells (94 skipped: 63 seq; 13 tri-state; 18 no func; 0 dont_use).  Time =     0.10 sec
ABC: Memory =   19.81 MB. Time =     0.10 sec
ABC: Warning: Detected 9 multi-output gates (for example, "sky130_fd_sc_hd__fa_1").
ABC: + strash 
ABC: + &get -n 
ABC: + &fraig -x 
ABC: + &put 
ABC: + scorr 
ABC: Warning: The network is combinational (run "fraig" or "fraig_sweep").
ABC: + dc2 
ABC: + dretime 
ABC: + strash 
ABC: + &get -n 
ABC: + &dch -f 
ABC: + &nf 
ABC: + &put 
ABC: + write_blif <abc-temp-dir>/output.blif 

19.6.2. Re-integrating ABC results.
ABC RESULTS:   sky130_fd_sc_hd__nor4b_1 cells:        3
ABC RESULTS:   sky130_fd_sc_hd__clkinv_1 cells:        7
ABC RESULTS:   sky130_fd_sc_hd__lpflow_inputiso1p_1 cells:        1
ABC RESULTS:   sky130_fd_sc_hd__nand3_1 cells:        5
ABC RESULTS:   sky130_fd_sc_hd__and4_1 cells:        7
ABC RESULTS:   sky130_fd_sc_hd__and3_1 cells:        3
ABC RESULTS:   sky130_fd_sc_hd__xor2_1 cells:        2
ABC RESULTS:   sky130_fd_sc_hd__and2_0 cells:        6
ABC RESULTS:   sky130_fd_sc_hd__a31oi_1 cells:        5
ABC RESULTS:   sky130_fd_sc_hd__nor3b_1 cells:       13
ABC RESULTS:   sky130_fd_sc_hd__lpflow_isobufsrc_1 cells:        1
ABC RESULTS:   sky130_fd_sc_hd__nor3_1 cells:        1
ABC RESULTS:   sky130_fd_sc_hd__nand2_1 cells:       20
ABC RESULTS:   sky130_fd_sc_hd__a32oi_1 cells:        1
ABC RESULTS:   sky130_fd_sc_hd__xnor2_1 cells:       32
ABC RESULTS:   sky130_fd_sc_hd__nor4_1 cells:        7
ABC RESULTS:   sky130_fd_sc_hd__a21oi_1 cells:       14
ABC RESULTS:   sky130_fd_sc_hd__o21a_1 cells:        1
ABC RESULTS:   sky130_fd_sc_hd__o21ai_0 cells:       35
ABC RESULTS:   sky130_fd_sc_hd__a31o_1 cells:        1
ABC RESULTS:   sky130_fd_sc_hd__nand4_1 cells:       10
ABC RESULTS:   sky130_fd_sc_hd__a21boi_0 cells:        2
ABC RESULTS:   sky130_fd_sc_hd__a22oi_1 cells:       31
ABC RESULTS:   sky130_fd_sc_hd__nor2_1 cells:      119
ABC RESULTS:        internal signals:      667
ABC RESULTS:           input signals:      123
ABC RESULTS:          output signals:       97
Removing temp directory.

19.7. Extracting gate netlist of module `\uart_periph' to `<abc-temp-dir>/input.blif'..
Extracted 585 gates and 656 wires to a netlist network with 68 inputs and 67 outputs.

19.7.1. Executing ABC.
Running ABC command: "<yosys-exe-dir>/yosys-abc" -s -f <abc-temp-dir>/abc.script 2>&1
ABC: ABC command line: "source <abc-temp-dir>/abc.script".
ABC: 
ABC: + read_blif <abc-temp-dir>/input.blif 
ABC: + read_lib -w /home/manal/OpenROAD/test/sky130hd/sky130_fd_sc_hd__tt_025C_1v80.lib 
ABC: Parsing finished successfully.  Parsing time =     0.07 sec
ABC: Scl_LibertyReadGenlib() skipped cell "sky130_fd_sc_hd__decap_12" without logic function.
ABC: Scl_LibertyReadGenlib() skipped cell "sky130_fd_sc_hd__decap_3" without logic function.
ABC: Scl_LibertyReadGenlib() skipped cell "sky130_fd_sc_hd__decap_4" without logic function.
ABC: Scl_LibertyReadGenlib() skipped cell "sky130_fd_sc_hd__decap_6" without logic function.
ABC: Scl_LibertyReadGenlib() skipped cell "sky130_fd_sc_hd__decap_8" without logic function.
ABC: Scl_LibertyReadGenlib() skipped sequential cell "sky130_fd_sc_hd__dfbbn_1".
ABC: Scl_LibertyReadGenlib() skipped sequential cell "sky130_fd_sc_hd__dfbbn_2".
ABC: Scl_LibertyReadGenlib() skipped sequential cell "sky130_fd_sc_hd__dfbbp_1".
ABC: Scl_LibertyReadGenlib() skipped sequential cell "sky130_fd_sc_hd__dfrbp_1".
ABC: Scl_LibertyReadGenlib() skipped sequential cell "sky130_fd_sc_hd__dfrbp_2".
ABC: Scl_LibertyReadGenlib() skipped sequential cell "sky130_fd_sc_hd__dfrtn_1".
ABC: Scl_LibertyReadGenlib() skipped sequential cell "sky130_fd_sc_hd__dfrtp_1".
ABC: Scl_LibertyReadGenlib() skipped sequential cell "sky130_fd_sc_hd__dfrtp_2".
ABC: Scl_LibertyReadGenlib() skipped sequential cell "sky130_fd_sc_hd__dfrtp_4".
ABC: Scl_LibertyReadGenlib() skipped sequential cell "sky130_fd_sc_hd__dfsbp_1".
ABC: Scl_LibertyReadGenlib() skipped sequential cell "sky130_fd_sc_hd__dfsbp_2".
ABC: Scl_LibertyReadGenlib() skipped sequential cell "sky130_fd_sc_hd__dfstp_1".
ABC: Scl_LibertyReadGenlib() skipped sequential cell "sky130_fd_sc_hd__dfstp_2".
ABC: Scl_LibertyReadGenlib() skipped sequential cell "sky130_fd_sc_hd__dfstp_4".
ABC: Scl_LibertyReadGenlib() skipped sequential cell "sky130_fd_sc_hd__dfxbp_1".
ABC: Scl_LibertyReadGenlib() skipped sequential cell "sky130_fd_sc_hd__dfxbp_2".
ABC: Scl_LibertyReadGenlib() skipped sequential cell "sky130_fd_sc_hd__dfxtp_1".
ABC: Scl_LibertyReadGenlib() skipped sequential cell "sky130_fd_sc_hd__dfxtp_2".
ABC: Scl_LibertyReadGenlib() skipped sequential cell "sky130_fd_sc_hd__dfxtp_4".
ABC: Scl_LibertyReadGenlib() skipped cell "sky130_fd_sc_hd__diode_2" without logic function.
ABC: Scl_LibertyReadGenlib() skipped cell "sky130_fd_sc_hd__dlclkp_1" without logic function.
ABC: Scl_LibertyReadGenlib() skipped cell "sky130_fd_sc_hd__dlclkp_2" without logic function.
ABC: Scl_LibertyReadGenlib() skipped cell "sky130_fd_sc_hd__dlclkp_4" without logic function.
ABC: Scl_LibertyReadGenlib() skipped sequential cell "sky130_fd_sc_hd__dlrbn_1".
ABC: Scl_LibertyReadGenlib() skipped sequential cell "sky130_fd_sc_hd__dlrbn_2".
ABC: Scl_LibertyReadGenlib() skipped sequential cell "sky130_fd_sc_hd__dlrbp_1".
ABC: Scl_LibertyReadGenlib() skipped sequential cell "sky130_fd_sc_hd__dlrbp_2".
ABC: Scl_LibertyReadGenlib() skipped sequential cell "sky130_fd_sc_hd__dlrtn_1".
ABC: Scl_LibertyReadGenlib() skipped sequential cell "sky130_fd_sc_hd__dlrtn_2".
ABC: Scl_LibertyReadGenlib() skipped sequential cell "sky130_fd_sc_hd__dlrtn_4".
ABC: Scl_LibertyReadGenlib() skipped sequential cell "sky130_fd_sc_hd__dlrtp_1".
ABC: Scl_LibertyReadGenlib() skipped sequential cell "sky130_fd_sc_hd__dlrtp_2".
ABC: Scl_LibertyReadGenlib() skipped sequential cell "sky130_fd_sc_hd__dlrtp_4".
ABC: Scl_LibertyReadGenlib() skipped sequential cell "sky130_fd_sc_hd__dlxbn_1".
ABC: Scl_LibertyReadGenlib() skipped sequential cell "sky130_fd_sc_hd__dlxbn_2".
ABC: Scl_LibertyReadGenlib() skipped sequential cell "sky130_fd_sc_hd__dlxbp_1".
ABC: Scl_LibertyReadGenlib() skipped sequential cell "sky130_fd_sc_hd__dlxtn_1".
ABC: Scl_LibertyReadGenlib() skipped sequential cell "sky130_fd_sc_hd__dlxtn_2".
ABC: Scl_LibertyReadGenlib() skipped sequential cell "sky130_fd_sc_hd__dlxtn_4".
ABC: Scl_LibertyReadGenlib() skipped sequential cell "sky130_fd_sc_hd__dlxtp_1".
ABC: Scl_LibertyReadGenlib() skipped three-state cell "sky130_fd_sc_hd__ebufn_1".
ABC: Scl_LibertyReadGenlib() skipped three-state cell "sky130_fd_sc_hd__ebufn_2".
ABC: Scl_LibertyReadGenlib() skipped three-state cell "sky130_fd_sc_hd__ebufn_4".
ABC: Scl_LibertyReadGenlib() skipped three-state cell "sky130_fd_sc_hd__ebufn_8".
ABC: Scl_LibertyReadGenlib() skipped sequential cell "sky130_fd_sc_hd__edfxbp_1".
ABC: Scl_LibertyReadGenlib() skipped sequential cell "sky130_fd_sc_hd__edfxtp_1".
ABC: Scl_LibertyReadGenlib() skipped three-state cell "sky130_fd_sc_hd__einvn_0".
ABC: Scl_LibertyReadGenlib() skipped three-state cell "sky130_fd_sc_hd__einvn_1".
ABC: Scl_LibertyReadGenlib() skipped three-state cell "sky130_fd_sc_hd__einvn_2".
ABC: Scl_LibertyReadGenlib() skipped three-state cell "sky130_fd_sc_hd__einvn_4".
ABC: Scl_LibertyReadGenlib() skipped three-state cell "sky130_fd_sc_hd__einvn_8".
ABC: Scl_LibertyReadGenlib() skipped three-state cell "sky130_fd_sc_hd__einvp_1".
ABC: Scl_LibertyReadGenlib() skipped three-state cell "sky130_fd_sc_hd__einvp_2".
ABC: Scl_LibertyReadGenlib() skipped three-state cell "sky130_fd_sc_hd__einvp_4".
ABC: Scl_LibertyReadGenlib() skipped three-state cell "sky130_fd_sc_hd__einvp_8".
ABC: Scl_LibertyReadGenlib() skipped cell "sky130_fd_sc_hd__lpflow_bleeder_1" without logic function.
ABC: Scl_LibertyReadGenlib() skipped cell "sky130_fd_sc_hd__lpflow_decapkapwr_12" without logic function.
ABC: Scl_LibertyReadGenlib() skipped cell "sky130_fd_sc_hd__lpflow_decapkapwr_3" without logic function.
ABC: Scl_LibertyReadGenlib() skipped cell "sky130_fd_sc_hd__lpflow_decapkapwr_4" without logic function.
ABC: Scl_LibertyReadGenlib() skipped cell "sky130_fd_sc_hd__lpflow_decapkapwr_6" without logic function.
ABC: Scl_LibertyReadGenlib() skipped cell "sky130_fd_sc_hd__lpflow_decapkapwr_8" without logic function.
ABC: Scl_LibertyReadGenlib() skipped sequential cell "sky130_fd_sc_hd__lpflow_inputisolatch_1".
ABC: Scl_LibertyReadGenlib() skipped sequential cell "sky130_fd_sc_hd__sdfbbn_1".
ABC: Scl_LibertyReadGenlib() skipped sequential cell "sky130_fd_sc_hd__sdfbbn_2".
ABC: Scl_LibertyReadGenlib() skipped sequential cell "sky130_fd_sc_hd__sdfbbp_1".
ABC: Scl_LibertyReadGenlib() skipped sequential cell "sky130_fd_sc_hd__sdfrbp_1".
ABC: Scl_LibertyReadGenlib() skipped sequential cell "sky130_fd_sc_hd__sdfrbp_2".
ABC: Scl_LibertyReadGenlib() skipped sequential cell "sky130_fd_sc_hd__sdfrtn_1".
ABC: Scl_LibertyReadGenlib() skipped sequential cell "sky130_fd_sc_hd__sdfrtp_1".
ABC: Scl_LibertyReadGenlib() skipped sequential cell "sky130_fd_sc_hd__sdfrtp_2".
ABC: Scl_LibertyReadGenlib() skipped sequential cell "sky130_fd_sc_hd__sdfrtp_4".
ABC: Scl_LibertyReadGenlib() skipped sequential cell "sky130_fd_sc_hd__sdfsbp_1".
ABC: Scl_LibertyReadGenlib() skipped sequential cell "sky130_fd_sc_hd__sdfsbp_2".
ABC: Scl_LibertyReadGenlib() skipped sequential cell "sky130_fd_sc_hd__sdfstp_1".
ABC: Scl_LibertyReadGenlib() skipped sequential cell "sky130_fd_sc_hd__sdfstp_2".
ABC: Scl_LibertyReadGenlib() skipped sequential cell "sky130_fd_sc_hd__sdfstp_4".
ABC: Scl_LibertyReadGenlib() skipped sequential cell "sky130_fd_sc_hd__sdfxbp_1".
ABC: Scl_LibertyReadGenlib() skipped sequential cell "sky130_fd_sc_hd__sdfxbp_2".
ABC: Scl_LibertyReadGenlib() skipped sequential cell "sky130_fd_sc_hd__sdfxtp_1".
ABC: Scl_LibertyReadGenlib() skipped sequential cell "sky130_fd_sc_hd__sdfxtp_2".
ABC: Scl_LibertyReadGenlib() skipped sequential cell "sky130_fd_sc_hd__sdfxtp_4".
ABC: Scl_LibertyReadGenlib() skipped cell "sky130_fd_sc_hd__sdlclkp_1" without logic function.
ABC: Scl_LibertyReadGenlib() skipped cell "sky130_fd_sc_hd__sdlclkp_2" without logic function.
ABC: Scl_LibertyReadGenlib() skipped cell "sky130_fd_sc_hd__sdlclkp_4" without logic function.
ABC: Scl_LibertyReadGenlib() skipped sequential cell "sky130_fd_sc_hd__sedfxbp_1".
ABC: Scl_LibertyReadGenlib() skipped sequential cell "sky130_fd_sc_hd__sedfxbp_2".
ABC: Scl_LibertyReadGenlib() skipped sequential cell "sky130_fd_sc_hd__sedfxtp_1".
ABC: Scl_LibertyReadGenlib() skipped sequential cell "sky130_fd_sc_hd__sedfxtp_2".
ABC: Scl_LibertyReadGenlib() skipped sequential cell "sky130_fd_sc_hd__sedfxtp_4".
ABC: Library "sky130_fd_sc_hd__tt_025C_1v80" from "/home/manal/OpenROAD/test/sky130hd/sky130_fd_sc_hd__tt_025C_1v80.lib" has 334 cells (94 skipped: 63 seq; 13 tri-state; 18 no func; 0 dont_use).  Time =     0.10 sec
ABC: Memory =   19.81 MB. Time =     0.10 sec
ABC: Warning: Detected 9 multi-output gates (for example, "sky130_fd_sc_hd__fa_1").
ABC: + strash 
ABC: + &get -n 
ABC: + &fraig -x 
ABC: + &put 
ABC: + scorr 
ABC: Warning: The network is combinational (run "fraig" or "fraig_sweep").
ABC: + dc2 
ABC: + dretime 
ABC: + strash 
ABC: + &get -n 
ABC: + &dch -f 
ABC: + &nf 
ABC: + &put 
ABC: + write_blif <abc-temp-dir>/output.blif 

19.7.2. Re-integrating ABC results.
ABC RESULTS:   sky130_fd_sc_hd__clkinv_1 cells:        2
ABC RESULTS:   sky130_fd_sc_hd__or4b_1 cells:        1
ABC RESULTS:   sky130_fd_sc_hd__lpflow_isobufsrc_1 cells:        1
ABC RESULTS:   sky130_fd_sc_hd__and4b_1 cells:        1
ABC RESULTS:   sky130_fd_sc_hd__nor4bb_1 cells:        1
ABC RESULTS:   sky130_fd_sc_hd__lpflow_inputiso1p_1 cells:        2
ABC RESULTS:   sky130_fd_sc_hd__and2_0 cells:        3
ABC RESULTS:   sky130_fd_sc_hd__and4_1 cells:        3
ABC RESULTS:   sky130_fd_sc_hd__nand4_1 cells:        4
ABC RESULTS:   sky130_fd_sc_hd__nand3b_1 cells:        1
ABC RESULTS:   sky130_fd_sc_hd__o21a_1 cells:        1
ABC RESULTS:   sky130_fd_sc_hd__xor2_1 cells:        3
ABC RESULTS:   sky130_fd_sc_hd__nor3b_1 cells:        3
ABC RESULTS:   sky130_fd_sc_hd__xnor2_1 cells:        2
ABC RESULTS:   sky130_fd_sc_hd__nand3_1 cells:        3
ABC RESULTS:   sky130_fd_sc_hd__nor4_1 cells:        9
ABC RESULTS:   sky130_fd_sc_hd__nor4b_1 cells:        2
ABC RESULTS:   sky130_fd_sc_hd__a22oi_1 cells:        1
ABC RESULTS:   sky130_fd_sc_hd__nor3_1 cells:       14
ABC RESULTS:   sky130_fd_sc_hd__mux2_1 cells:        1
ABC RESULTS:   sky130_fd_sc_hd__a21boi_0 cells:        1
ABC RESULTS:   sky130_fd_sc_hd__a22o_1 cells:        8
ABC RESULTS:   sky130_fd_sc_hd__o211a_1 cells:        1
ABC RESULTS:   sky130_fd_sc_hd__o21ai_0 cells:        1
ABC RESULTS:   sky130_fd_sc_hd__or3_1 cells:        1
ABC RESULTS:   sky130_fd_sc_hd__nand2_1 cells:        8
ABC RESULTS:   sky130_fd_sc_hd__and3_1 cells:       15
ABC RESULTS:   sky130_fd_sc_hd__mux4_2 cells:        2
ABC RESULTS:   sky130_fd_sc_hd__mux2i_1 cells:        1
ABC RESULTS:   sky130_fd_sc_hd__nor2_1 cells:       16
ABC RESULTS:   sky130_fd_sc_hd__a21oi_1 cells:        9
ABC RESULTS:   sky130_fd_sc_hd__o221ai_1 cells:        1
ABC RESULTS:          _const0_ cells:       24
ABC RESULTS:        internal signals:      521
ABC RESULTS:           input signals:       68
ABC RESULTS:          output signals:       67
Removing temp directory.
Removed 0 unused cells and 14202 unused wires.

20. Executing SPLITNETS pass (splitting up multi-bit signals).

21. Executing SETUNDEF pass (replace undef values with defined constants).

22. Executing CHECK pass (checking for obvious problems).
Checking module $paramod$ce97735b3e205300b7cc20b49638b23e37b300ee\picorv32...
Warning: Wire $paramod$ce97735b3e205300b7cc20b49638b23e37b300ee\picorv32.\trap is used but has no driver.
Warning: Wire $paramod$ce97735b3e205300b7cc20b49638b23e37b300ee\picorv32.\mem_valid is used but has no driver.
Warning: Wire $paramod$ce97735b3e205300b7cc20b49638b23e37b300ee\picorv32.\mem_la_write is used but has no driver.
Warning: Wire $paramod$ce97735b3e205300b7cc20b49638b23e37b300ee\picorv32.\mem_la_read is used but has no driver.
Warning: Wire $paramod$ce97735b3e205300b7cc20b49638b23e37b300ee\picorv32.\mem_instr is used but has no driver.
Warning: Wire $paramod$ce97735b3e205300b7cc20b49638b23e37b300ee\picorv32.\mem_la_wstrb[0] is used but has no driver.
Warning: Wire $paramod$ce97735b3e205300b7cc20b49638b23e37b300ee\picorv32.\mem_la_wstrb[1] is used but has no driver.
Warning: Wire $paramod$ce97735b3e205300b7cc20b49638b23e37b300ee\picorv32.\mem_la_wstrb[2] is used but has no driver.
Warning: Wire $paramod$ce97735b3e205300b7cc20b49638b23e37b300ee\picorv32.\mem_la_wstrb[3] is used but has no driver.
Warning: Wire $paramod$ce97735b3e205300b7cc20b49638b23e37b300ee\picorv32.\reg_op2[0] is used but has no driver.
Warning: Wire $paramod$ce97735b3e205300b7cc20b49638b23e37b300ee\picorv32.\reg_op2[1] is used but has no driver.
Warning: Wire $paramod$ce97735b3e205300b7cc20b49638b23e37b300ee\picorv32.\reg_op2[2] is used but has no driver.
Warning: Wire $paramod$ce97735b3e205300b7cc20b49638b23e37b300ee\picorv32.\reg_op2[3] is used but has no driver.
Warning: Wire $paramod$ce97735b3e205300b7cc20b49638b23e37b300ee\picorv32.\reg_op2[4] is used but has no driver.
Warning: Wire $paramod$ce97735b3e205300b7cc20b49638b23e37b300ee\picorv32.\reg_op2[5] is used but has no driver.
Warning: Wire $paramod$ce97735b3e205300b7cc20b49638b23e37b300ee\picorv32.\reg_op2[6] is used but has no driver.
Warning: Wire $paramod$ce97735b3e205300b7cc20b49638b23e37b300ee\picorv32.\reg_op2[7] is used but has no driver.
Warning: Wire $paramod$ce97735b3e205300b7cc20b49638b23e37b300ee\picorv32.\reg_op2[8] is used but has no driver.
Warning: Wire $paramod$ce97735b3e205300b7cc20b49638b23e37b300ee\picorv32.\reg_op2[9] is used but has no driver.
Warning: Wire $paramod$ce97735b3e205300b7cc20b49638b23e37b300ee\picorv32.\reg_op2[10] is used but has no driver.
Warning: Wire $paramod$ce97735b3e205300b7cc20b49638b23e37b300ee\picorv32.\reg_op2[11] is used but has no driver.
Warning: Wire $paramod$ce97735b3e205300b7cc20b49638b23e37b300ee\picorv32.\reg_op2[12] is used but has no driver.
Warning: Wire $paramod$ce97735b3e205300b7cc20b49638b23e37b300ee\picorv32.\reg_op2[13] is used but has no driver.
Warning: Wire $paramod$ce97735b3e205300b7cc20b49638b23e37b300ee\picorv32.\reg_op2[14] is used but has no driver.
Warning: Wire $paramod$ce97735b3e205300b7cc20b49638b23e37b300ee\picorv32.\reg_op2[15] is used but has no driver.
Warning: Wire $paramod$ce97735b3e205300b7cc20b49638b23e37b300ee\picorv32.\reg_op2[16] is used but has no driver.
Warning: Wire $paramod$ce97735b3e205300b7cc20b49638b23e37b300ee\picorv32.\reg_op2[17] is used but has no driver.
Warning: Wire $paramod$ce97735b3e205300b7cc20b49638b23e37b300ee\picorv32.\reg_op2[18] is used but has no driver.
Warning: Wire $paramod$ce97735b3e205300b7cc20b49638b23e37b300ee\picorv32.\reg_op2[19] is used but has no driver.
Warning: Wire $paramod$ce97735b3e205300b7cc20b49638b23e37b300ee\picorv32.\reg_op2[20] is used but has no driver.
Warning: Wire $paramod$ce97735b3e205300b7cc20b49638b23e37b300ee\picorv32.\reg_op2[21] is used but has no driver.
Warning: Wire $paramod$ce97735b3e205300b7cc20b49638b23e37b300ee\picorv32.\reg_op2[22] is used but has no driver.
Warning: Wire $paramod$ce97735b3e205300b7cc20b49638b23e37b300ee\picorv32.\reg_op2[23] is used but has no driver.
Warning: Wire $paramod$ce97735b3e205300b7cc20b49638b23e37b300ee\picorv32.\reg_op2[24] is used but has no driver.
Warning: Wire $paramod$ce97735b3e205300b7cc20b49638b23e37b300ee\picorv32.\reg_op2[25] is used but has no driver.
Warning: Wire $paramod$ce97735b3e205300b7cc20b49638b23e37b300ee\picorv32.\reg_op2[26] is used but has no driver.
Warning: Wire $paramod$ce97735b3e205300b7cc20b49638b23e37b300ee\picorv32.\reg_op2[27] is used but has no driver.
Warning: Wire $paramod$ce97735b3e205300b7cc20b49638b23e37b300ee\picorv32.\reg_op2[28] is used but has no driver.
Warning: Wire $paramod$ce97735b3e205300b7cc20b49638b23e37b300ee\picorv32.\reg_op2[29] is used but has no driver.
Warning: Wire $paramod$ce97735b3e205300b7cc20b49638b23e37b300ee\picorv32.\reg_op2[30] is used but has no driver.
Warning: Wire $paramod$ce97735b3e205300b7cc20b49638b23e37b300ee\picorv32.\reg_op2[31] is used but has no driver.
Warning: Wire $paramod$ce97735b3e205300b7cc20b49638b23e37b300ee\picorv32.\eoi[0] is used but has no driver.
Warning: Wire $paramod$ce97735b3e205300b7cc20b49638b23e37b300ee\picorv32.\eoi[1] is used but has no driver.
Warning: Wire $paramod$ce97735b3e205300b7cc20b49638b23e37b300ee\picorv32.\eoi[2] is used but has no driver.
Warning: Wire $paramod$ce97735b3e205300b7cc20b49638b23e37b300ee\picorv32.\eoi[3] is used but has no driver.
Warning: Wire $paramod$ce97735b3e205300b7cc20b49638b23e37b300ee\picorv32.\eoi[4] is used but has no driver.
Warning: Wire $paramod$ce97735b3e205300b7cc20b49638b23e37b300ee\picorv32.\eoi[5] is used but has no driver.
Warning: Wire $paramod$ce97735b3e205300b7cc20b49638b23e37b300ee\picorv32.\eoi[6] is used but has no driver.
Warning: Wire $paramod$ce97735b3e205300b7cc20b49638b23e37b300ee\picorv32.\eoi[7] is used but has no driver.
Warning: Wire $paramod$ce97735b3e205300b7cc20b49638b23e37b300ee\picorv32.\eoi[8] is used but has no driver.
Warning: Wire $paramod$ce97735b3e205300b7cc20b49638b23e37b300ee\picorv32.\eoi[9] is used but has no driver.
Warning: Wire $paramod$ce97735b3e205300b7cc20b49638b23e37b300ee\picorv32.\eoi[10] is used but has no driver.
Warning: Wire $paramod$ce97735b3e205300b7cc20b49638b23e37b300ee\picorv32.\eoi[11] is used but has no driver.
Warning: Wire $paramod$ce97735b3e205300b7cc20b49638b23e37b300ee\picorv32.\eoi[12] is used but has no driver.
Warning: Wire $paramod$ce97735b3e205300b7cc20b49638b23e37b300ee\picorv32.\eoi[13] is used but has no driver.
Warning: Wire $paramod$ce97735b3e205300b7cc20b49638b23e37b300ee\picorv32.\eoi[14] is used but has no driver.
Warning: Wire $paramod$ce97735b3e205300b7cc20b49638b23e37b300ee\picorv32.\eoi[15] is used but has no driver.
Warning: Wire $paramod$ce97735b3e205300b7cc20b49638b23e37b300ee\picorv32.\eoi[16] is used but has no driver.
Warning: Wire $paramod$ce97735b3e205300b7cc20b49638b23e37b300ee\picorv32.\eoi[17] is used but has no driver.
Warning: Wire $paramod$ce97735b3e205300b7cc20b49638b23e37b300ee\picorv32.\eoi[18] is used but has no driver.
Warning: Wire $paramod$ce97735b3e205300b7cc20b49638b23e37b300ee\picorv32.\eoi[19] is used but has no driver.
Warning: Wire $paramod$ce97735b3e205300b7cc20b49638b23e37b300ee\picorv32.\eoi[20] is used but has no driver.
Warning: Wire $paramod$ce97735b3e205300b7cc20b49638b23e37b300ee\picorv32.\eoi[21] is used but has no driver.
Warning: Wire $paramod$ce97735b3e205300b7cc20b49638b23e37b300ee\picorv32.\eoi[22] is used but has no driver.
Warning: Wire $paramod$ce97735b3e205300b7cc20b49638b23e37b300ee\picorv32.\eoi[23] is used but has no driver.
Warning: Wire $paramod$ce97735b3e205300b7cc20b49638b23e37b300ee\picorv32.\eoi[24] is used but has no driver.
Warning: Wire $paramod$ce97735b3e205300b7cc20b49638b23e37b300ee\picorv32.\eoi[25] is used but has no driver.
Warning: Wire $paramod$ce97735b3e205300b7cc20b49638b23e37b300ee\picorv32.\eoi[26] is used but has no driver.
Warning: Wire $paramod$ce97735b3e205300b7cc20b49638b23e37b300ee\picorv32.\eoi[27] is used but has no driver.
Warning: Wire $paramod$ce97735b3e205300b7cc20b49638b23e37b300ee\picorv32.\eoi[28] is used but has no driver.
Warning: Wire $paramod$ce97735b3e205300b7cc20b49638b23e37b300ee\picorv32.\eoi[29] is used but has no driver.
Warning: Wire $paramod$ce97735b3e205300b7cc20b49638b23e37b300ee\picorv32.\eoi[30] is used but has no driver.
Warning: Wire $paramod$ce97735b3e205300b7cc20b49638b23e37b300ee\picorv32.\eoi[31] is used but has no driver.
Warning: Wire $paramod$ce97735b3e205300b7cc20b49638b23e37b300ee\picorv32.\mem_la_wdata[0] is used but has no driver.
Warning: Wire $paramod$ce97735b3e205300b7cc20b49638b23e37b300ee\picorv32.\mem_la_wdata[1] is used but has no driver.
Warning: Wire $paramod$ce97735b3e205300b7cc20b49638b23e37b300ee\picorv32.\mem_la_wdata[2] is used but has no driver.
Warning: Wire $paramod$ce97735b3e205300b7cc20b49638b23e37b300ee\picorv32.\mem_la_wdata[3] is used but has no driver.
Warning: Wire $paramod$ce97735b3e205300b7cc20b49638b23e37b300ee\picorv32.\mem_la_wdata[4] is used but has no driver.
Warning: Wire $paramod$ce97735b3e205300b7cc20b49638b23e37b300ee\picorv32.\mem_la_wdata[5] is used but has no driver.
Warning: Wire $paramod$ce97735b3e205300b7cc20b49638b23e37b300ee\picorv32.\mem_la_wdata[6] is used but has no driver.
Warning: Wire $paramod$ce97735b3e205300b7cc20b49638b23e37b300ee\picorv32.\mem_la_wdata[7] is used but has no driver.
Warning: Wire $paramod$ce97735b3e205300b7cc20b49638b23e37b300ee\picorv32.\mem_la_wdata[8] is used but has no driver.
Warning: Wire $paramod$ce97735b3e205300b7cc20b49638b23e37b300ee\picorv32.\mem_la_wdata[9] is used but has no driver.
Warning: Wire $paramod$ce97735b3e205300b7cc20b49638b23e37b300ee\picorv32.\mem_la_wdata[10] is used but has no driver.
Warning: Wire $paramod$ce97735b3e205300b7cc20b49638b23e37b300ee\picorv32.\mem_la_wdata[11] is used but has no driver.
Warning: Wire $paramod$ce97735b3e205300b7cc20b49638b23e37b300ee\picorv32.\mem_la_wdata[12] is used but has no driver.
Warning: Wire $paramod$ce97735b3e205300b7cc20b49638b23e37b300ee\picorv32.\mem_la_wdata[13] is used but has no driver.
Warning: Wire $paramod$ce97735b3e205300b7cc20b49638b23e37b300ee\picorv32.\mem_la_wdata[14] is used but has no driver.
Warning: Wire $paramod$ce97735b3e205300b7cc20b49638b23e37b300ee\picorv32.\mem_la_wdata[15] is used but has no driver.
Warning: Wire $paramod$ce97735b3e205300b7cc20b49638b23e37b300ee\picorv32.\mem_la_wdata[16] is used but has no driver.
Warning: Wire $paramod$ce97735b3e205300b7cc20b49638b23e37b300ee\picorv32.\mem_la_wdata[17] is used but has no driver.
Warning: Wire $paramod$ce97735b3e205300b7cc20b49638b23e37b300ee\picorv32.\mem_la_wdata[18] is used but has no driver.
Warning: Wire $paramod$ce97735b3e205300b7cc20b49638b23e37b300ee\picorv32.\mem_la_wdata[19] is used but has no driver.
Warning: Wire $paramod$ce97735b3e205300b7cc20b49638b23e37b300ee\picorv32.\mem_la_wdata[20] is used but has no driver.
Warning: Wire $paramod$ce97735b3e205300b7cc20b49638b23e37b300ee\picorv32.\mem_la_wdata[21] is used but has no driver.
Warning: Wire $paramod$ce97735b3e205300b7cc20b49638b23e37b300ee\picorv32.\mem_la_wdata[22] is used but has no driver.
Warning: Wire $paramod$ce97735b3e205300b7cc20b49638b23e37b300ee\picorv32.\mem_la_wdata[23] is used but has no driver.
Warning: Wire $paramod$ce97735b3e205300b7cc20b49638b23e37b300ee\picorv32.\mem_la_wdata[24] is used but has no driver.
Warning: Wire $paramod$ce97735b3e205300b7cc20b49638b23e37b300ee\picorv32.\mem_la_wdata[25] is used but has no driver.
Warning: Wire $paramod$ce97735b3e205300b7cc20b49638b23e37b300ee\picorv32.\mem_la_wdata[26] is used but has no driver.
Warning: Wire $paramod$ce97735b3e205300b7cc20b49638b23e37b300ee\picorv32.\mem_la_wdata[27] is used but has no driver.
Warning: Wire $paramod$ce97735b3e205300b7cc20b49638b23e37b300ee\picorv32.\mem_la_wdata[28] is used but has no driver.
Warning: Wire $paramod$ce97735b3e205300b7cc20b49638b23e37b300ee\picorv32.\mem_la_wdata[29] is used but has no driver.
Warning: Wire $paramod$ce97735b3e205300b7cc20b49638b23e37b300ee\picorv32.\mem_la_wdata[30] is used but has no driver.
Warning: Wire $paramod$ce97735b3e205300b7cc20b49638b23e37b300ee\picorv32.\mem_la_wdata[31] is used but has no driver.
Warning: Wire $paramod$ce97735b3e205300b7cc20b49638b23e37b300ee\picorv32.\mem_wstrb[0] is used but has no driver.
Warning: Wire $paramod$ce97735b3e205300b7cc20b49638b23e37b300ee\picorv32.\mem_wstrb[1] is used but has no driver.
Warning: Wire $paramod$ce97735b3e205300b7cc20b49638b23e37b300ee\picorv32.\mem_wstrb[2] is used but has no driver.
Warning: Wire $paramod$ce97735b3e205300b7cc20b49638b23e37b300ee\picorv32.\mem_wstrb[3] is used but has no driver.
Warning: Wire $paramod$ce97735b3e205300b7cc20b49638b23e37b300ee\picorv32.\mem_addr[0] is used but has no driver.
Warning: Wire $paramod$ce97735b3e205300b7cc20b49638b23e37b300ee\picorv32.\mem_addr[1] is used but has no driver.
Warning: Wire $paramod$ce97735b3e205300b7cc20b49638b23e37b300ee\picorv32.\mem_addr[2] is used but has no driver.
Warning: Wire $paramod$ce97735b3e205300b7cc20b49638b23e37b300ee\picorv32.\mem_addr[3] is used but has no driver.
Warning: Wire $paramod$ce97735b3e205300b7cc20b49638b23e37b300ee\picorv32.\mem_addr[4] is used but has no driver.
Warning: Wire $paramod$ce97735b3e205300b7cc20b49638b23e37b300ee\picorv32.\mem_addr[5] is used but has no driver.
Warning: Wire $paramod$ce97735b3e205300b7cc20b49638b23e37b300ee\picorv32.\mem_addr[6] is used but has no driver.
Warning: Wire $paramod$ce97735b3e205300b7cc20b49638b23e37b300ee\picorv32.\mem_addr[7] is used but has no driver.
Warning: Wire $paramod$ce97735b3e205300b7cc20b49638b23e37b300ee\picorv32.\mem_addr[8] is used but has no driver.
Warning: Wire $paramod$ce97735b3e205300b7cc20b49638b23e37b300ee\picorv32.\mem_addr[9] is used but has no driver.
Warning: Wire $paramod$ce97735b3e205300b7cc20b49638b23e37b300ee\picorv32.\mem_addr[10] is used but has no driver.
Warning: Wire $paramod$ce97735b3e205300b7cc20b49638b23e37b300ee\picorv32.\mem_addr[11] is used but has no driver.
Warning: Wire $paramod$ce97735b3e205300b7cc20b49638b23e37b300ee\picorv32.\mem_addr[12] is used but has no driver.
Warning: Wire $paramod$ce97735b3e205300b7cc20b49638b23e37b300ee\picorv32.\mem_addr[13] is used but has no driver.
Warning: Wire $paramod$ce97735b3e205300b7cc20b49638b23e37b300ee\picorv32.\mem_addr[14] is used but has no driver.
Warning: Wire $paramod$ce97735b3e205300b7cc20b49638b23e37b300ee\picorv32.\mem_addr[15] is used but has no driver.
Warning: Wire $paramod$ce97735b3e205300b7cc20b49638b23e37b300ee\picorv32.\mem_addr[16] is used but has no driver.
Warning: Wire $paramod$ce97735b3e205300b7cc20b49638b23e37b300ee\picorv32.\mem_addr[17] is used but has no driver.
Warning: Wire $paramod$ce97735b3e205300b7cc20b49638b23e37b300ee\picorv32.\mem_addr[18] is used but has no driver.
Warning: Wire $paramod$ce97735b3e205300b7cc20b49638b23e37b300ee\picorv32.\mem_addr[19] is used but has no driver.
Warning: Wire $paramod$ce97735b3e205300b7cc20b49638b23e37b300ee\picorv32.\mem_addr[20] is used but has no driver.
Warning: Wire $paramod$ce97735b3e205300b7cc20b49638b23e37b300ee\picorv32.\mem_addr[21] is used but has no driver.
Warning: Wire $paramod$ce97735b3e205300b7cc20b49638b23e37b300ee\picorv32.\mem_addr[22] is used but has no driver.
Warning: Wire $paramod$ce97735b3e205300b7cc20b49638b23e37b300ee\picorv32.\mem_addr[23] is used but has no driver.
Warning: Wire $paramod$ce97735b3e205300b7cc20b49638b23e37b300ee\picorv32.\mem_addr[24] is used but has no driver.
Warning: Wire $paramod$ce97735b3e205300b7cc20b49638b23e37b300ee\picorv32.\mem_addr[25] is used but has no driver.
Warning: Wire $paramod$ce97735b3e205300b7cc20b49638b23e37b300ee\picorv32.\mem_addr[26] is used but has no driver.
Warning: Wire $paramod$ce97735b3e205300b7cc20b49638b23e37b300ee\picorv32.\mem_addr[27] is used but has no driver.
Warning: Wire $paramod$ce97735b3e205300b7cc20b49638b23e37b300ee\picorv32.\mem_addr[28] is used but has no driver.
Warning: Wire $paramod$ce97735b3e205300b7cc20b49638b23e37b300ee\picorv32.\mem_addr[29] is used but has no driver.
Warning: Wire $paramod$ce97735b3e205300b7cc20b49638b23e37b300ee\picorv32.\mem_addr[30] is used but has no driver.
Warning: Wire $paramod$ce97735b3e205300b7cc20b49638b23e37b300ee\picorv32.\mem_addr[31] is used but has no driver.
Warning: Wire $paramod$ce97735b3e205300b7cc20b49638b23e37b300ee\picorv32.\mem_wdata[0] is used but has no driver.
Warning: Wire $paramod$ce97735b3e205300b7cc20b49638b23e37b300ee\picorv32.\mem_wdata[1] is used but has no driver.
Warning: Wire $paramod$ce97735b3e205300b7cc20b49638b23e37b300ee\picorv32.\mem_wdata[2] is used but has no driver.
Warning: Wire $paramod$ce97735b3e205300b7cc20b49638b23e37b300ee\picorv32.\mem_wdata[3] is used but has no driver.
Warning: Wire $paramod$ce97735b3e205300b7cc20b49638b23e37b300ee\picorv32.\mem_wdata[4] is used but has no driver.
Warning: Wire $paramod$ce97735b3e205300b7cc20b49638b23e37b300ee\picorv32.\mem_wdata[5] is used but has no driver.
Warning: Wire $paramod$ce97735b3e205300b7cc20b49638b23e37b300ee\picorv32.\mem_wdata[6] is used but has no driver.
Warning: Wire $paramod$ce97735b3e205300b7cc20b49638b23e37b300ee\picorv32.\mem_wdata[7] is used but has no driver.
Warning: Wire $paramod$ce97735b3e205300b7cc20b49638b23e37b300ee\picorv32.\mem_wdata[8] is used but has no driver.
Warning: Wire $paramod$ce97735b3e205300b7cc20b49638b23e37b300ee\picorv32.\mem_wdata[9] is used but has no driver.
Warning: Wire $paramod$ce97735b3e205300b7cc20b49638b23e37b300ee\picorv32.\mem_wdata[10] is used but has no driver.
Warning: Wire $paramod$ce97735b3e205300b7cc20b49638b23e37b300ee\picorv32.\mem_wdata[11] is used but has no driver.
Warning: Wire $paramod$ce97735b3e205300b7cc20b49638b23e37b300ee\picorv32.\mem_wdata[12] is used but has no driver.
Warning: Wire $paramod$ce97735b3e205300b7cc20b49638b23e37b300ee\picorv32.\mem_wdata[13] is used but has no driver.
Warning: Wire $paramod$ce97735b3e205300b7cc20b49638b23e37b300ee\picorv32.\mem_wdata[14] is used but has no driver.
Warning: Wire $paramod$ce97735b3e205300b7cc20b49638b23e37b300ee\picorv32.\mem_wdata[15] is used but has no driver.
Warning: Wire $paramod$ce97735b3e205300b7cc20b49638b23e37b300ee\picorv32.\mem_wdata[16] is used but has no driver.
Warning: Wire $paramod$ce97735b3e205300b7cc20b49638b23e37b300ee\picorv32.\mem_wdata[17] is used but has no driver.
Warning: Wire $paramod$ce97735b3e205300b7cc20b49638b23e37b300ee\picorv32.\mem_wdata[18] is used but has no driver.
Warning: Wire $paramod$ce97735b3e205300b7cc20b49638b23e37b300ee\picorv32.\mem_wdata[19] is used but has no driver.
Warning: Wire $paramod$ce97735b3e205300b7cc20b49638b23e37b300ee\picorv32.\mem_wdata[20] is used but has no driver.
Warning: Wire $paramod$ce97735b3e205300b7cc20b49638b23e37b300ee\picorv32.\mem_wdata[21] is used but has no driver.
Warning: Wire $paramod$ce97735b3e205300b7cc20b49638b23e37b300ee\picorv32.\mem_wdata[22] is used but has no driver.
Warning: Wire $paramod$ce97735b3e205300b7cc20b49638b23e37b300ee\picorv32.\mem_wdata[23] is used but has no driver.
Warning: Wire $paramod$ce97735b3e205300b7cc20b49638b23e37b300ee\picorv32.\mem_wdata[24] is used but has no driver.
Warning: Wire $paramod$ce97735b3e205300b7cc20b49638b23e37b300ee\picorv32.\mem_wdata[25] is used but has no driver.
Warning: Wire $paramod$ce97735b3e205300b7cc20b49638b23e37b300ee\picorv32.\mem_wdata[26] is used but has no driver.
Warning: Wire $paramod$ce97735b3e205300b7cc20b49638b23e37b300ee\picorv32.\mem_wdata[27] is used but has no driver.
Warning: Wire $paramod$ce97735b3e205300b7cc20b49638b23e37b300ee\picorv32.\mem_wdata[28] is used but has no driver.
Warning: Wire $paramod$ce97735b3e205300b7cc20b49638b23e37b300ee\picorv32.\mem_wdata[29] is used but has no driver.
Warning: Wire $paramod$ce97735b3e205300b7cc20b49638b23e37b300ee\picorv32.\mem_wdata[30] is used but has no driver.
Warning: Wire $paramod$ce97735b3e205300b7cc20b49638b23e37b300ee\picorv32.\mem_wdata[31] is used but has no driver.
Warning: Wire $paramod$ce97735b3e205300b7cc20b49638b23e37b300ee\picorv32.\reg_op1[0] is used but has no driver.
Warning: Wire $paramod$ce97735b3e205300b7cc20b49638b23e37b300ee\picorv32.\reg_op1[1] is used but has no driver.
Warning: Wire $paramod$ce97735b3e205300b7cc20b49638b23e37b300ee\picorv32.\reg_op1[2] is used but has no driver.
Warning: Wire $paramod$ce97735b3e205300b7cc20b49638b23e37b300ee\picorv32.\reg_op1[3] is used but has no driver.
Warning: Wire $paramod$ce97735b3e205300b7cc20b49638b23e37b300ee\picorv32.\reg_op1[4] is used but has no driver.
Warning: Wire $paramod$ce97735b3e205300b7cc20b49638b23e37b300ee\picorv32.\reg_op1[5] is used but has no driver.
Warning: Wire $paramod$ce97735b3e205300b7cc20b49638b23e37b300ee\picorv32.\reg_op1[6] is used but has no driver.
Warning: Wire $paramod$ce97735b3e205300b7cc20b49638b23e37b300ee\picorv32.\reg_op1[7] is used but has no driver.
Warning: Wire $paramod$ce97735b3e205300b7cc20b49638b23e37b300ee\picorv32.\reg_op1[8] is used but has no driver.
Warning: Wire $paramod$ce97735b3e205300b7cc20b49638b23e37b300ee\picorv32.\reg_op1[9] is used but has no driver.
Warning: Wire $paramod$ce97735b3e205300b7cc20b49638b23e37b300ee\picorv32.\reg_op1[10] is used but has no driver.
Warning: Wire $paramod$ce97735b3e205300b7cc20b49638b23e37b300ee\picorv32.\reg_op1[11] is used but has no driver.
Warning: Wire $paramod$ce97735b3e205300b7cc20b49638b23e37b300ee\picorv32.\reg_op1[12] is used but has no driver.
Warning: Wire $paramod$ce97735b3e205300b7cc20b49638b23e37b300ee\picorv32.\reg_op1[13] is used but has no driver.
Warning: Wire $paramod$ce97735b3e205300b7cc20b49638b23e37b300ee\picorv32.\reg_op1[14] is used but has no driver.
Warning: Wire $paramod$ce97735b3e205300b7cc20b49638b23e37b300ee\picorv32.\reg_op1[15] is used but has no driver.
Warning: Wire $paramod$ce97735b3e205300b7cc20b49638b23e37b300ee\picorv32.\reg_op1[16] is used but has no driver.
Warning: Wire $paramod$ce97735b3e205300b7cc20b49638b23e37b300ee\picorv32.\reg_op1[17] is used but has no driver.
Warning: Wire $paramod$ce97735b3e205300b7cc20b49638b23e37b300ee\picorv32.\reg_op1[18] is used but has no driver.
Warning: Wire $paramod$ce97735b3e205300b7cc20b49638b23e37b300ee\picorv32.\reg_op1[19] is used but has no driver.
Warning: Wire $paramod$ce97735b3e205300b7cc20b49638b23e37b300ee\picorv32.\reg_op1[20] is used but has no driver.
Warning: Wire $paramod$ce97735b3e205300b7cc20b49638b23e37b300ee\picorv32.\reg_op1[21] is used but has no driver.
Warning: Wire $paramod$ce97735b3e205300b7cc20b49638b23e37b300ee\picorv32.\reg_op1[22] is used but has no driver.
Warning: Wire $paramod$ce97735b3e205300b7cc20b49638b23e37b300ee\picorv32.\reg_op1[23] is used but has no driver.
Warning: Wire $paramod$ce97735b3e205300b7cc20b49638b23e37b300ee\picorv32.\reg_op1[24] is used but has no driver.
Warning: Wire $paramod$ce97735b3e205300b7cc20b49638b23e37b300ee\picorv32.\reg_op1[25] is used but has no driver.
Warning: Wire $paramod$ce97735b3e205300b7cc20b49638b23e37b300ee\picorv32.\reg_op1[26] is used but has no driver.
Warning: Wire $paramod$ce97735b3e205300b7cc20b49638b23e37b300ee\picorv32.\reg_op1[27] is used but has no driver.
Warning: Wire $paramod$ce97735b3e205300b7cc20b49638b23e37b300ee\picorv32.\reg_op1[28] is used but has no driver.
Warning: Wire $paramod$ce97735b3e205300b7cc20b49638b23e37b300ee\picorv32.\reg_op1[29] is used but has no driver.
Warning: Wire $paramod$ce97735b3e205300b7cc20b49638b23e37b300ee\picorv32.\reg_op1[30] is used but has no driver.
Warning: Wire $paramod$ce97735b3e205300b7cc20b49638b23e37b300ee\picorv32.\reg_op1[31] is used but has no driver.
Warning: Wire $paramod$ce97735b3e205300b7cc20b49638b23e37b300ee\picorv32.\mem_la_addr[2] is used but has no driver.
Warning: Wire $paramod$ce97735b3e205300b7cc20b49638b23e37b300ee\picorv32.\mem_la_addr[3] is used but has no driver.
Warning: Wire $paramod$ce97735b3e205300b7cc20b49638b23e37b300ee\picorv32.\mem_la_addr[4] is used but has no driver.
Warning: Wire $paramod$ce97735b3e205300b7cc20b49638b23e37b300ee\picorv32.\mem_la_addr[5] is used but has no driver.
Warning: Wire $paramod$ce97735b3e205300b7cc20b49638b23e37b300ee\picorv32.\mem_la_addr[6] is used but has no driver.
Warning: Wire $paramod$ce97735b3e205300b7cc20b49638b23e37b300ee\picorv32.\mem_la_addr[7] is used but has no driver.
Warning: Wire $paramod$ce97735b3e205300b7cc20b49638b23e37b300ee\picorv32.\mem_la_addr[8] is used but has no driver.
Warning: Wire $paramod$ce97735b3e205300b7cc20b49638b23e37b300ee\picorv32.\mem_la_addr[9] is used but has no driver.
Warning: Wire $paramod$ce97735b3e205300b7cc20b49638b23e37b300ee\picorv32.\mem_la_addr[10] is used but has no driver.
Warning: Wire $paramod$ce97735b3e205300b7cc20b49638b23e37b300ee\picorv32.\mem_la_addr[11] is used but has no driver.
Warning: Wire $paramod$ce97735b3e205300b7cc20b49638b23e37b300ee\picorv32.\mem_la_addr[12] is used but has no driver.
Warning: Wire $paramod$ce97735b3e205300b7cc20b49638b23e37b300ee\picorv32.\mem_la_addr[13] is used but has no driver.
Warning: Wire $paramod$ce97735b3e205300b7cc20b49638b23e37b300ee\picorv32.\mem_la_addr[14] is used but has no driver.
Warning: Wire $paramod$ce97735b3e205300b7cc20b49638b23e37b300ee\picorv32.\mem_la_addr[15] is used but has no driver.
Warning: Wire $paramod$ce97735b3e205300b7cc20b49638b23e37b300ee\picorv32.\mem_la_addr[16] is used but has no driver.
Warning: Wire $paramod$ce97735b3e205300b7cc20b49638b23e37b300ee\picorv32.\mem_la_addr[17] is used but has no driver.
Warning: Wire $paramod$ce97735b3e205300b7cc20b49638b23e37b300ee\picorv32.\mem_la_addr[18] is used but has no driver.
Warning: Wire $paramod$ce97735b3e205300b7cc20b49638b23e37b300ee\picorv32.\mem_la_addr[19] is used but has no driver.
Warning: Wire $paramod$ce97735b3e205300b7cc20b49638b23e37b300ee\picorv32.\mem_la_addr[20] is used but has no driver.
Warning: Wire $paramod$ce97735b3e205300b7cc20b49638b23e37b300ee\picorv32.\mem_la_addr[21] is used but has no driver.
Warning: Wire $paramod$ce97735b3e205300b7cc20b49638b23e37b300ee\picorv32.\mem_la_addr[22] is used but has no driver.
Warning: Wire $paramod$ce97735b3e205300b7cc20b49638b23e37b300ee\picorv32.\mem_la_addr[23] is used but has no driver.
Warning: Wire $paramod$ce97735b3e205300b7cc20b49638b23e37b300ee\picorv32.\mem_la_addr[24] is used but has no driver.
Warning: Wire $paramod$ce97735b3e205300b7cc20b49638b23e37b300ee\picorv32.\mem_la_addr[25] is used but has no driver.
Warning: Wire $paramod$ce97735b3e205300b7cc20b49638b23e37b300ee\picorv32.\mem_la_addr[26] is used but has no driver.
Warning: Wire $paramod$ce97735b3e205300b7cc20b49638b23e37b300ee\picorv32.\mem_la_addr[27] is used but has no driver.
Warning: Wire $paramod$ce97735b3e205300b7cc20b49638b23e37b300ee\picorv32.\mem_la_addr[28] is used but has no driver.
Warning: Wire $paramod$ce97735b3e205300b7cc20b49638b23e37b300ee\picorv32.\mem_la_addr[29] is used but has no driver.
Warning: Wire $paramod$ce97735b3e205300b7cc20b49638b23e37b300ee\picorv32.\mem_la_addr[30] is used but has no driver.
Warning: Wire $paramod$ce97735b3e205300b7cc20b49638b23e37b300ee\picorv32.\mem_la_addr[31] is used but has no driver.
Checking module data_mem...
Warning: Wire data_mem.$abc$46264$logic_not$../rtl/memory/data_mem.v:16$894_Y is used but has no driver.
Warning: Wire data_mem.$abc$46264$logic_not$../rtl/memory/data_mem.v:15$893_Y is used but has no driver.
Checking module instr_mem...
Warning: Wire instr_mem.$abc$46267$logic_not$../rtl/memory/instr_mem.v:15$892_Y is used but has no driver.
Checking module mini_soc_top...
Warning: Wire mini_soc_top.$abc$46269$reduce_or$../rtl/top/mini_soc_top.v:84$925_Y is used but has no driver.
Checking module simple_interconnect...
Warning: Wire simple_interconnect.\uart_we is used but has no driver.
Warning: Wire simple_interconnect.\timer_we is used but has no driver.
Warning: Wire simple_interconnect.\imem_cs is used but has no driver.
Warning: Wire simple_interconnect.\dmem_cs is used but has no driver.
Warning: Wire simple_interconnect.\cpu_ready is used but has no driver.
Warning: Wire simple_interconnect.\cpu_rdata[0] is used but has no driver.
Warning: Wire simple_interconnect.\cpu_rdata[1] is used but has no driver.
Warning: Wire simple_interconnect.\cpu_rdata[2] is used but has no driver.
Warning: Wire simple_interconnect.\cpu_rdata[3] is used but has no driver.
Warning: Wire simple_interconnect.\cpu_rdata[4] is used but has no driver.
Warning: Wire simple_interconnect.\cpu_rdata[5] is used but has no driver.
Warning: Wire simple_interconnect.\cpu_rdata[6] is used but has no driver.
Warning: Wire simple_interconnect.\cpu_rdata[7] is used but has no driver.
Warning: Wire simple_interconnect.\cpu_rdata[8] is used but has no driver.
Warning: Wire simple_interconnect.\cpu_rdata[9] is used but has no driver.
Warning: Wire simple_interconnect.\cpu_rdata[10] is used but has no driver.
Warning: Wire simple_interconnect.\cpu_rdata[11] is used but has no driver.
Warning: Wire simple_interconnect.\cpu_rdata[12] is used but has no driver.
Warning: Wire simple_interconnect.\cpu_rdata[13] is used but has no driver.
Warning: Wire simple_interconnect.\cpu_rdata[14] is used but has no driver.
Warning: Wire simple_interconnect.\cpu_rdata[15] is used but has no driver.
Warning: Wire simple_interconnect.\cpu_rdata[16] is used but has no driver.
Warning: Wire simple_interconnect.\cpu_rdata[17] is used but has no driver.
Warning: Wire simple_interconnect.\cpu_rdata[18] is used but has no driver.
Warning: Wire simple_interconnect.\cpu_rdata[19] is used but has no driver.
Warning: Wire simple_interconnect.\cpu_rdata[20] is used but has no driver.
Warning: Wire simple_interconnect.\cpu_rdata[21] is used but has no driver.
Warning: Wire simple_interconnect.\cpu_rdata[22] is used but has no driver.
Warning: Wire simple_interconnect.\cpu_rdata[23] is used but has no driver.
Warning: Wire simple_interconnect.\cpu_rdata[24] is used but has no driver.
Warning: Wire simple_interconnect.\cpu_rdata[25] is used but has no driver.
Warning: Wire simple_interconnect.\cpu_rdata[26] is used but has no driver.
Warning: Wire simple_interconnect.\cpu_rdata[27] is used but has no driver.
Warning: Wire simple_interconnect.\cpu_rdata[28] is used but has no driver.
Warning: Wire simple_interconnect.\cpu_rdata[29] is used but has no driver.
Warning: Wire simple_interconnect.\cpu_rdata[30] is used but has no driver.
Warning: Wire simple_interconnect.\cpu_rdata[31] is used but has no driver.
Warning: Wire simple_interconnect.\dmem_wstrb[0] is used but has no driver.
Warning: Wire simple_interconnect.\dmem_wstrb[1] is used but has no driver.
Warning: Wire simple_interconnect.\dmem_wstrb[2] is used but has no driver.
Warning: Wire simple_interconnect.\dmem_wstrb[3] is used but has no driver.
Checking module timer_periph...
Warning: Wire timer_periph.\irq is used but has no driver.
Warning: Wire timer_periph.\rdata[0] is used but has no driver.
Warning: Wire timer_periph.\rdata[1] is used but has no driver.
Warning: Wire timer_periph.\rdata[2] is used but has no driver.
Warning: Wire timer_periph.\rdata[3] is used but has no driver.
Warning: Wire timer_periph.\rdata[4] is used but has no driver.
Warning: Wire timer_periph.\rdata[5] is used but has no driver.
Warning: Wire timer_periph.\rdata[6] is used but has no driver.
Warning: Wire timer_periph.\rdata[7] is used but has no driver.
Warning: Wire timer_periph.\rdata[8] is used but has no driver.
Warning: Wire timer_periph.\rdata[9] is used but has no driver.
Warning: Wire timer_periph.\rdata[10] is used but has no driver.
Warning: Wire timer_periph.\rdata[11] is used but has no driver.
Warning: Wire timer_periph.\rdata[12] is used but has no driver.
Warning: Wire timer_periph.\rdata[13] is used but has no driver.
Warning: Wire timer_periph.\rdata[14] is used but has no driver.
Warning: Wire timer_periph.\rdata[15] is used but has no driver.
Warning: Wire timer_periph.\rdata[16] is used but has no driver.
Warning: Wire timer_periph.\rdata[17] is used but has no driver.
Warning: Wire timer_periph.\rdata[18] is used but has no driver.
Warning: Wire timer_periph.\rdata[19] is used but has no driver.
Warning: Wire timer_periph.\rdata[20] is used but has no driver.
Warning: Wire timer_periph.\rdata[21] is used but has no driver.
Warning: Wire timer_periph.\rdata[22] is used but has no driver.
Warning: Wire timer_periph.\rdata[23] is used but has no driver.
Warning: Wire timer_periph.\rdata[24] is used but has no driver.
Warning: Wire timer_periph.\rdata[25] is used but has no driver.
Warning: Wire timer_periph.\rdata[26] is used but has no driver.
Warning: Wire timer_periph.\rdata[27] is used but has no driver.
Warning: Wire timer_periph.\rdata[28] is used but has no driver.
Warning: Wire timer_periph.\rdata[29] is used but has no driver.
Warning: Wire timer_periph.\rdata[30] is used but has no driver.
Warning: Wire timer_periph.\rdata[31] is used but has no driver.
Checking module uart_periph...
Warning: Wire uart_periph.\tx is used but has no driver.
Warning: Wire uart_periph.\ready is used but has no driver.
Warning: Wire uart_periph.\rdata[0] is used but has no driver.
Warning: Wire uart_periph.\rdata[1] is used but has no driver.
Warning: Wire uart_periph.\rdata[2] is used but has no driver.
Warning: Wire uart_periph.\rdata[3] is used but has no driver.
Warning: Wire uart_periph.\rdata[4] is used but has no driver.
Warning: Wire uart_periph.\rdata[5] is used but has no driver.
Warning: Wire uart_periph.\rdata[6] is used but has no driver.
Warning: Wire uart_periph.\rdata[7] is used but has no driver.
Found and reported 323 problems.

23. Executing HILOMAP pass (mapping to constant drivers).

24. Executing Verilog backend.
Dumping module `$paramod$ce97735b3e205300b7cc20b49638b23e37b300ee\picorv32'.
Dumping module `\data_mem'.
Dumping module `\instr_mem'.
Dumping module `\mini_soc_top'.
Dumping module `\simple_interconnect'.
Dumping module `\timer_periph'.
Dumping module `\uart_periph'.

25. Printing statistics.

=== $paramod$ce97735b3e205300b7cc20b49638b23e37b300ee\picorv32 ===

   Number of wires:               9962
   Number of wire bits:           9962
   Number of public wires:        2511
   Number of public wire bits:    2511
   Number of memories:               0
   Number of memory bits:            0
   Number of processes:              0
   Number of cells:               9434
     sky130_fd_sc_hd__a2111oi_0      2
     sky130_fd_sc_hd__a211o_1        2
     sky130_fd_sc_hd__a211oi_1      12
     sky130_fd_sc_hd__a21bo_1        1
     sky130_fd_sc_hd__a21boi_0       5
     sky130_fd_sc_hd__a21o_1        69
     sky130_fd_sc_hd__a21oi_1      459
     sky130_fd_sc_hd__a221o_1       29
     sky130_fd_sc_hd__a221oi_1      67
     sky130_fd_sc_hd__a222oi_1     119
     sky130_fd_sc_hd__a22o_1        34
     sky130_fd_sc_hd__a22oi_1      152
     sky130_fd_sc_hd__a2bb2oi_1      2
     sky130_fd_sc_hd__a311o_1        2
     sky130_fd_sc_hd__a31o_1        31
     sky130_fd_sc_hd__a31oi_1       81
     sky130_fd_sc_hd__a32o_1         2
     sky130_fd_sc_hd__a32oi_1        6
     sky130_fd_sc_hd__and2_0        46
     sky130_fd_sc_hd__and3_1        35
     sky130_fd_sc_hd__and3b_1        4
     sky130_fd_sc_hd__and4_1        12
     sky130_fd_sc_hd__and4b_1        1
     sky130_fd_sc_hd__buf_1         32
     sky130_fd_sc_hd__clkinv_1      87
     sky130_fd_sc_hd__conb_1       227
     sky130_fd_sc_hd__dfxtp_1     1894
     sky130_fd_sc_hd__lpflow_inputiso1p_1     29
     sky130_fd_sc_hd__lpflow_isobufsrc_1     72
     sky130_fd_sc_hd__maj3_1        87
     sky130_fd_sc_hd__mux2_1       131
     sky130_fd_sc_hd__mux2i_1       73
     sky130_fd_sc_hd__mux4_2       672
     sky130_fd_sc_hd__nand2_1     1946
     sky130_fd_sc_hd__nand2b_1      36
     sky130_fd_sc_hd__nand3_1      114
     sky130_fd_sc_hd__nand3b_1       3
     sky130_fd_sc_hd__nand4_1       67
     sky130_fd_sc_hd__nand4b_1       1
     sky130_fd_sc_hd__nor2_1       541
     sky130_fd_sc_hd__nor2b_1        8
     sky130_fd_sc_hd__nor3_1       115
     sky130_fd_sc_hd__nor3b_1       15
     sky130_fd_sc_hd__nor4_1        45
     sky130_fd_sc_hd__nor4b_1        6
     sky130_fd_sc_hd__o2111a_1       1
     sky130_fd_sc_hd__o2111ai_1     28
     sky130_fd_sc_hd__o211a_1        2
     sky130_fd_sc_hd__o211ai_1      42
     sky130_fd_sc_hd__o21a_1        20
     sky130_fd_sc_hd__o21ai_0     1589
     sky130_fd_sc_hd__o21bai_1       1
     sky130_fd_sc_hd__o221ai_1       3
     sky130_fd_sc_hd__o22a_1        17
     sky130_fd_sc_hd__o22ai_1       40
     sky130_fd_sc_hd__o311ai_0       6
     sky130_fd_sc_hd__o31a_1         4
     sky130_fd_sc_hd__o31ai_1       12
     sky130_fd_sc_hd__o32a_1         1
     sky130_fd_sc_hd__o32ai_1        6
     sky130_fd_sc_hd__o41ai_1        1
     sky130_fd_sc_hd__or3_1         17
     sky130_fd_sc_hd__or3b_1         1
     sky130_fd_sc_hd__or4_1          6
     sky130_fd_sc_hd__xnor2_1      151
     sky130_fd_sc_hd__xor2_1       112

=== data_mem ===

   Number of wires:                123
   Number of wire bits:            123
   Number of public wires:         111
   Number of public wire bits:     111
   Number of memories:               0
   Number of memory bits:            0
   Number of processes:              0
   Number of cells:                 13
     sky130_fd_sc_hd__clkinv_1       2
     sky130_fd_sc_hd__conb_1        10
     sky130_sram_1kbyte_1rw1r_32x256_8      1

=== instr_mem ===

   Number of wires:                122
   Number of wire bits:            122
   Number of public wires:          74
   Number of public wire bits:      74
   Number of memories:               0
   Number of memory bits:            0
   Number of processes:              0
   Number of cells:                 49
     sky130_fd_sc_hd__clkinv_1       1
     sky130_fd_sc_hd__conb_1        47
     sky130_sram_1kbyte_1rw1r_32x256_8      1

=== mini_soc_top ===

   Number of wires:                503
   Number of wire bits:            503
   Number of public wires:         471
   Number of public wire bits:     471
   Number of memories:               0
   Number of memory bits:            0
   Number of processes:              0
   Number of cells:                 38
     $paramod$ce97735b3e205300b7cc20b49638b23e37b300ee\picorv32      1
     data_mem                        1
     instr_mem                       1
     simple_interconnect             1
     sky130_fd_sc_hd__conb_1        31
     sky130_fd_sc_hd__or4_1          1
     timer_periph                    1
     uart_periph                     1

=== simple_interconnect ===

   Number of wires:                598
   Number of wire bits:            598
   Number of public wires:         470
   Number of public wire bits:     470
   Number of memories:               0
   Number of memory bits:            0
   Number of processes:              0
   Number of cells:                173
     sky130_fd_sc_hd__a2111oi_0      1
     sky130_fd_sc_hd__a21boi_0       1
     sky130_fd_sc_hd__a221oi_1      32
     sky130_fd_sc_hd__and2_0         4
     sky130_fd_sc_hd__dfrtp_1        4
     sky130_fd_sc_hd__lpflow_inputiso1p_1      1
     sky130_fd_sc_hd__lpflow_isobufsrc_1     36
     sky130_fd_sc_hd__nand2_1       35
     sky130_fd_sc_hd__nand3_1        2
     sky130_fd_sc_hd__nand3b_1       1
     sky130_fd_sc_hd__nand4_1        2
     sky130_fd_sc_hd__nor2_1         3
     sky130_fd_sc_hd__nor3_1         4
     sky130_fd_sc_hd__nor3b_1        1
     sky130_fd_sc_hd__nor4_1         7
     sky130_fd_sc_hd__nor4b_1        2
     sky130_fd_sc_hd__o21ai_0        1
     sky130_fd_sc_hd__o31ai_1       32
     sky130_fd_sc_hd__or3b_1         1
     sky130_fd_sc_hd__or4_1          2
     sky130_fd_sc_hd__or4b_1         1

=== timer_periph ===

   Number of wires:                461
   Number of wire bits:            461
   Number of public wires:         165
   Number of public wire bits:     165
   Number of memories:               0
   Number of memory bits:            0
   Number of processes:              0
   Number of cells:                393
     sky130_fd_sc_hd__a21boi_0       2
     sky130_fd_sc_hd__a21oi_1       14
     sky130_fd_sc_hd__a22oi_1       31
     sky130_fd_sc_hd__a31o_1         1
     sky130_fd_sc_hd__a31oi_1        5
     sky130_fd_sc_hd__a32oi_1        1
     sky130_fd_sc_hd__and2_0         6
     sky130_fd_sc_hd__and3_1         3
     sky130_fd_sc_hd__and4_1         7
     sky130_fd_sc_hd__clkinv_1       7
     sky130_fd_sc_hd__conb_1         1
     sky130_fd_sc_hd__dfxtp_1       65
     sky130_fd_sc_hd__lpflow_inputiso1p_1      1
     sky130_fd_sc_hd__lpflow_isobufsrc_1      1
     sky130_fd_sc_hd__nand2_1       20
     sky130_fd_sc_hd__nand3_1        5
     sky130_fd_sc_hd__nand4_1       10
     sky130_fd_sc_hd__nor2_1       119
     sky130_fd_sc_hd__nor3_1         1
     sky130_fd_sc_hd__nor3b_1       13
     sky130_fd_sc_hd__nor4_1         7
     sky130_fd_sc_hd__nor4b_1        3
     sky130_fd_sc_hd__o21a_1         1
     sky130_fd_sc_hd__o21ai_0       35
     sky130_fd_sc_hd__xnor2_1       32
     sky130_fd_sc_hd__xor2_1         2

=== uart_periph ===

   Number of wires:                272
   Number of wire bits:            272
   Number of public wires:         135
   Number of public wire bits:     135
   Number of memories:               0
   Number of memory bits:            0
   Number of processes:              0
   Number of cells:                180
     sky130_fd_sc_hd__a21boi_0       1
     sky130_fd_sc_hd__a21oi_1        9
     sky130_fd_sc_hd__a22o_1         8
     sky130_fd_sc_hd__a22oi_1        1
     sky130_fd_sc_hd__and2_0         3
     sky130_fd_sc_hd__and3_1        15
     sky130_fd_sc_hd__and4_1         3
     sky130_fd_sc_hd__and4b_1        1
     sky130_fd_sc_hd__clkinv_1       2
     sky130_fd_sc_hd__conb_1        24
     sky130_fd_sc_hd__dfxtp_1       34
     sky130_fd_sc_hd__lpflow_inputiso1p_1      2
     sky130_fd_sc_hd__lpflow_isobufsrc_1      1
     sky130_fd_sc_hd__mux2_1         1
     sky130_fd_sc_hd__mux2i_1        1
     sky130_fd_sc_hd__mux4_2         2
     sky130_fd_sc_hd__nand2_1        8
     sky130_fd_sc_hd__nand3_1        3
     sky130_fd_sc_hd__nand3b_1       1
     sky130_fd_sc_hd__nand4_1        4
     sky130_fd_sc_hd__nor2_1        16
     sky130_fd_sc_hd__nor3_1        14
     sky130_fd_sc_hd__nor3b_1        3
     sky130_fd_sc_hd__nor4_1         9
     sky130_fd_sc_hd__nor4b_1        2
     sky130_fd_sc_hd__nor4bb_1       1
     sky130_fd_sc_hd__o211a_1        1
     sky130_fd_sc_hd__o21a_1         1
     sky130_fd_sc_hd__o21ai_0        1
     sky130_fd_sc_hd__o221ai_1       1
     sky130_fd_sc_hd__or3_1          1
     sky130_fd_sc_hd__or4b_1         1
     sky130_fd_sc_hd__xnor2_1        2
     sky130_fd_sc_hd__xor2_1         3

=== design hierarchy ===

   mini_soc_top                      1
     $paramod$ce97735b3e205300b7cc20b49638b23e37b300ee\picorv32      1
     data_mem                        1
     instr_mem                       1
     simple_interconnect             1
     timer_periph                    1
     uart_periph                     1

   Number of wires:              12041
   Number of wire bits:          12041
   Number of public wires:        3937
   Number of public wire bits:    3937
   Number of memories:               0
   Number of memory bits:            0
   Number of processes:              0
   Number of cells:              10274
     sky130_fd_sc_hd__a2111oi_0      3
     sky130_fd_sc_hd__a211o_1        2
     sky130_fd_sc_hd__a211oi_1      12
     sky130_fd_sc_hd__a21bo_1        1
     sky130_fd_sc_hd__a21boi_0       9
     sky130_fd_sc_hd__a21o_1        69
     sky130_fd_sc_hd__a21oi_1      482
     sky130_fd_sc_hd__a221o_1       29
     sky130_fd_sc_hd__a221oi_1      99
     sky130_fd_sc_hd__a222oi_1     119
     sky130_fd_sc_hd__a22o_1        42
     sky130_fd_sc_hd__a22oi_1      184
     sky130_fd_sc_hd__a2bb2oi_1      2
     sky130_fd_sc_hd__a311o_1        2
     sky130_fd_sc_hd__a31o_1        32
     sky130_fd_sc_hd__a31oi_1       86
     sky130_fd_sc_hd__a32o_1         2
     sky130_fd_sc_hd__a32oi_1        7
     sky130_fd_sc_hd__and2_0        59
     sky130_fd_sc_hd__and3_1        53
     sky130_fd_sc_hd__and3b_1        4
     sky130_fd_sc_hd__and4_1        22
     sky130_fd_sc_hd__and4b_1        2
     sky130_fd_sc_hd__buf_1         32
     sky130_fd_sc_hd__clkinv_1      99
     sky130_fd_sc_hd__conb_1       340
     sky130_fd_sc_hd__dfrtp_1        4
     sky130_fd_sc_hd__dfxtp_1     1993
     sky130_fd_sc_hd__lpflow_inputiso1p_1     33
     sky130_fd_sc_hd__lpflow_isobufsrc_1    110
     sky130_fd_sc_hd__maj3_1        87
     sky130_fd_sc_hd__mux2_1       132
     sky130_fd_sc_hd__mux2i_1       74
     sky130_fd_sc_hd__mux4_2       674
     sky130_fd_sc_hd__nand2_1     2009
     sky130_fd_sc_hd__nand2b_1      36
     sky130_fd_sc_hd__nand3_1      124
     sky130_fd_sc_hd__nand3b_1       5
     sky130_fd_sc_hd__nand4_1       83
     sky130_fd_sc_hd__nand4b_1       1
     sky130_fd_sc_hd__nor2_1       679
     sky130_fd_sc_hd__nor2b_1        8
     sky130_fd_sc_hd__nor3_1       134
     sky130_fd_sc_hd__nor3b_1       32
     sky130_fd_sc_hd__nor4_1        68
     sky130_fd_sc_hd__nor4b_1       13
     sky130_fd_sc_hd__nor4bb_1       1
     sky130_fd_sc_hd__o2111a_1       1
     sky130_fd_sc_hd__o2111ai_1     28
     sky130_fd_sc_hd__o211a_1        3
     sky130_fd_sc_hd__o211ai_1      42
     sky130_fd_sc_hd__o21a_1        22
     sky130_fd_sc_hd__o21ai_0     1626
     sky130_fd_sc_hd__o21bai_1       1
     sky130_fd_sc_hd__o221ai_1       4
     sky130_fd_sc_hd__o22a_1        17
     sky130_fd_sc_hd__o22ai_1       40
     sky130_fd_sc_hd__o311ai_0       6
     sky130_fd_sc_hd__o31a_1         4
     sky130_fd_sc_hd__o31ai_1       44
     sky130_fd_sc_hd__o32a_1         1
     sky130_fd_sc_hd__o32ai_1        6
     sky130_fd_sc_hd__o41ai_1        1
     sky130_fd_sc_hd__or3_1         18
     sky130_fd_sc_hd__or3b_1         2
     sky130_fd_sc_hd__or4_1          9
     sky130_fd_sc_hd__or4b_1         2
     sky130_fd_sc_hd__xnor2_1      185
     sky130_fd_sc_hd__xor2_1       117
     sky130_sram_1kbyte_1rw1r_32x256_8      2

Warnings: 350 unique messages, 558 total
End of script. Logfile hash: d4bce44715, CPU: user 2.27s system 0.03s, MEM: 103.29 MB peak
Yosys 0.33 (git sha1 2584903a060)
Time spent: 57% 1x abc (2 sec), 8% 26x opt_expr (0 sec), ...
Starting Floorplan for mini_soc_top...
bash "/home/manal/projects/RiscV-mini-SoC"/scripts/run_flow.sh --design "mini_soc_top" --step floorplan | tee output/floorplan.log
Running OpenROAD Floorplan for mini_soc_top...
OpenROAD v2.0-27886-g745f72f2bf 
Features included (+) or not (-): +GPU +GUI +Python
This program is licensed under the BSD-3 license. See the LICENSE file for details.
Components of this program may be licensed under more restrictive licenses which must be honored.
[INFO ODB-0227] LEF file: /home/manal/OpenROAD/test/sky130hd/sky130hd.tlef, created 13 layers, 25 vias
[WARNING ODB-0220] WARNING (LEFPARS-2008): NOWIREEXTENSIONATPIN statement is obsolete in version 5.6 or later.
The NOWIREEXTENSIONATPIN statement will be ignored. See file /home/manal/OpenROAD/test/sky130hd/sky130_fd_sc_hd.lef at line 2.

[INFO ODB-0227] LEF file: /home/manal/OpenROAD/test/sky130hd/sky130_fd_sc_hd.lef, created 437 library cells
[INFO ODB-0227] LEF file: ../macros/sky130_sram_1kbyte_1rw1r_32x256_8.lef, created 1 library cells
[WARNING IFP-0028] Core area lower left (30.000, 30.000) snapped to (30.360, 32.640).
[INFO IFP-0001] Added 528 rows of 3129 site unithd.
Die Area: (0.00, 0.00) (1500.00, 1500.00),  Floorplan Area: (30.36, 32.64) (1469.70, 1468.80)
	Number of std cell instances: 10272
	Area of std cell instances: 95773.10
	Number of macros: 2
	Area of macros: 381425.10
	Halo width: 20.00
	Halo height: 20.00
	Area of macros with halos: 454807.50
	Area of std cell instances + Area of macros: 477198.20
	Floorplan area: 2067122.53
	Design Utilization: 0.23
	Floorplan Utilization: 0.06
	Manufacturing Grid: 5

[WARNING MPL-0002] Couldn't align pin dmem_inst/sram_macro/addr1[7] from layer met4 to the track-grid.
[WARNING MPL-0002] Couldn't align pin dmem_inst/sram_macro/addr1[6] from layer met4 to the track-grid.
[WARNING MPL-0002] Couldn't align pin dmem_inst/sram_macro/addr1[5] from layer met4 to the track-grid.
[WARNING MPL-0002] Couldn't align pin dmem_inst/sram_macro/addr1[0] from layer met4 to the track-grid.
[WARNING MPL-0002] Couldn't align pin dmem_inst/sram_macro/dout1[31] from layer met4 to the track-grid.
[WARNING MPL-0002] Couldn't align pin dmem_inst/sram_macro/dout0[31] from layer met4 to the track-grid.
[WARNING MPL-0002] Couldn't align pin dmem_inst/sram_macro/dout1[30] from layer met4 to the track-grid.
[WARNING MPL-0002] Couldn't align pin dmem_inst/sram_macro/dout0[30] from layer met4 to the track-grid.
[WARNING MPL-0002] Couldn't align pin dmem_inst/sram_macro/dout1[28] from layer met4 to the track-grid.
[WARNING MPL-0002] Couldn't align pin dmem_inst/sram_macro/dout0[28] from layer met4 to the track-grid.
[WARNING MPL-0002] Couldn't align pin dmem_inst/sram_macro/dout1[27] from layer met4 to the track-grid.
[WARNING MPL-0002] Couldn't align pin dmem_inst/sram_macro/dout0[27] from layer met4 to the track-grid.
[WARNING MPL-0002] Couldn't align pin dmem_inst/sram_macro/dout1[26] from layer met4 to the track-grid.
[WARNING MPL-0002] Couldn't align pin dmem_inst/sram_macro/dout0[26] from layer met4 to the track-grid.
[WARNING MPL-0002] Couldn't align pin dmem_inst/sram_macro/dout0[25] from layer met4 to the track-grid.
[WARNING MPL-0002] Couldn't align pin dmem_inst/sram_macro/dout1[25] from layer met4 to the track-grid.
[WARNING MPL-0002] Couldn't align pin dmem_inst/sram_macro/dout1[24] from layer met4 to the track-grid.
[WARNING MPL-0002] Couldn't align pin dmem_inst/sram_macro/dout0[24] from layer met4 to the track-grid.
[WARNING MPL-0002] Couldn't align pin dmem_inst/sram_macro/din0[31] from layer met4 to the track-grid.
[WARNING MPL-0002] Couldn't align pin dmem_inst/sram_macro/dout0[23] from layer met4 to the track-grid.
[WARNING MPL-0002] Couldn't align pin dmem_inst/sram_macro/dout1[23] from layer met4 to the track-grid.
[WARNING MPL-0002] Couldn't align pin dmem_inst/sram_macro/din0[30] from layer met4 to the track-grid.
[WARNING MPL-0002] Couldn't align pin dmem_inst/sram_macro/dout0[22] from layer met4 to the track-grid.
[WARNING MPL-0002] Couldn't align pin dmem_inst/sram_macro/dout1[22] from layer met4 to the track-grid.
[WARNING MPL-0002] Couldn't align pin dmem_inst/sram_macro/din0[29] from layer met4 to the track-grid.
[WARNING MPL-0002] Couldn't align pin dmem_inst/sram_macro/dout0[21] from layer met4 to the track-grid.
[WARNING MPL-0002] Couldn't align pin dmem_inst/sram_macro/dout1[21] from layer met4 to the track-grid.
[WARNING MPL-0002] Couldn't align pin dmem_inst/sram_macro/din0[28] from layer met4 to the track-grid.
[WARNING MPL-0002] Couldn't align pin dmem_inst/sram_macro/dout0[20] from layer met4 to the track-grid.
[WARNING MPL-0002] Couldn't align pin dmem_inst/sram_macro/dout1[20] from layer met4 to the track-grid.
[WARNING MPL-0002] Couldn't align pin dmem_inst/sram_macro/din0[27] from layer met4 to the track-grid.
[WARNING MPL-0002] Couldn't align pin dmem_inst/sram_macro/dout1[19] from layer met4 to the track-grid.
[WARNING MPL-0002] Couldn't align pin dmem_inst/sram_macro/dout0[19] from layer met4 to the track-grid.
[WARNING MPL-0002] Couldn't align pin dmem_inst/sram_macro/din0[25] from layer met4 to the track-grid.
[WARNING MPL-0002] Couldn't align pin dmem_inst/sram_macro/dout0[18] from layer met4 to the track-grid.
[WARNING MPL-0002] Couldn't align pin dmem_inst/sram_macro/dout1[18] from layer met4 to the track-grid.
[WARNING MPL-0002] Couldn't align pin dmem_inst/sram_macro/dout1[17] from layer met4 to the track-grid.
[WARNING MPL-0002] Couldn't align pin dmem_inst/sram_macro/din0[24] from layer met4 to the track-grid.
[WARNING MPL-0002] Couldn't align pin dmem_inst/sram_macro/dout0[17] from layer met4 to the track-grid.
[WARNING MPL-0002] Couldn't align pin dmem_inst/sram_macro/din0[23] from layer met4 to the track-grid.
[WARNING MPL-0002] Couldn't align pin dmem_inst/sram_macro/dout1[16] from layer met4 to the track-grid.
[WARNING MPL-0002] Couldn't align pin dmem_inst/sram_macro/dout0[16] from layer met4 to the track-grid.
[WARNING MPL-0002] Couldn't align pin dmem_inst/sram_macro/din0[22] from layer met4 to the track-grid.
[WARNING MPL-0002] Couldn't align pin dmem_inst/sram_macro/dout1[15] from layer met4 to the track-grid.
[WARNING MPL-0002] Couldn't align pin dmem_inst/sram_macro/dout0[15] from layer met4 to the track-grid.
[WARNING MPL-0002] Couldn't align pin dmem_inst/sram_macro/din0[21] from layer met4 to the track-grid.
[WARNING MPL-0002] Couldn't align pin dmem_inst/sram_macro/din0[20] from layer met4 to the track-grid.
[WARNING MPL-0002] Couldn't align pin dmem_inst/sram_macro/dout1[13] from layer met4 to the track-grid.
[WARNING MPL-0002] Couldn't align pin dmem_inst/sram_macro/dout0[13] from layer met4 to the track-grid.
[WARNING MPL-0002] Couldn't align pin dmem_inst/sram_macro/din0[19] from layer met4 to the track-grid.
[WARNING MPL-0002] Couldn't align pin dmem_inst/sram_macro/dout1[12] from layer met4 to the track-grid.
[WARNING MPL-0002] Couldn't align pin dmem_inst/sram_macro/dout0[12] from layer met4 to the track-grid.
[WARNING MPL-0002] Couldn't align pin dmem_inst/sram_macro/dout1[11] from layer met4 to the track-grid.
[WARNING MPL-0002] Couldn't align pin dmem_inst/sram_macro/dout0[11] from layer met4 to the track-grid.
[WARNING MPL-0002] Couldn't align pin dmem_inst/sram_macro/din0[17] from layer met4 to the track-grid.
[WARNING MPL-0002] Couldn't align pin dmem_inst/sram_macro/dout0[10] from layer met4 to the track-grid.
[WARNING MPL-0002] Couldn't align pin dmem_inst/sram_macro/dout1[10] from layer met4 to the track-grid.
[WARNING MPL-0002] Couldn't align pin dmem_inst/sram_macro/din0[16] from layer met4 to the track-grid.
[WARNING MPL-0002] Couldn't align pin dmem_inst/sram_macro/din0[15] from layer met4 to the track-grid.
[WARNING MPL-0002] Couldn't align pin dmem_inst/sram_macro/dout1[8] from layer met4 to the track-grid.
[WARNING MPL-0002] Couldn't align pin dmem_inst/sram_macro/dout0[8] from layer met4 to the track-grid.
[WARNING MPL-0002] Couldn't align pin dmem_inst/sram_macro/din0[14] from layer met4 to the track-grid.
[WARNING MPL-0002] Couldn't align pin dmem_inst/sram_macro/dout0[7] from layer met4 to the track-grid.
[WARNING MPL-0002] Couldn't align pin dmem_inst/sram_macro/dout1[7] from layer met4 to the track-grid.
[WARNING MPL-0002] Couldn't align pin dmem_inst/sram_macro/din0[13] from layer met4 to the track-grid.
[WARNING MPL-0002] Couldn't align pin dmem_inst/sram_macro/dout1[6] from layer met4 to the track-grid.
[WARNING MPL-0002] Couldn't align pin dmem_inst/sram_macro/dout0[6] from layer met4 to the track-grid.
[WARNING MPL-0002] Couldn't align pin dmem_inst/sram_macro/din0[12] from layer met4 to the track-grid.
[WARNING MPL-0002] Couldn't align pin dmem_inst/sram_macro/dout1[5] from layer met4 to the track-grid.
[WARNING MPL-0002] Couldn't align pin dmem_inst/sram_macro/dout0[5] from layer met4 to the track-grid.
[WARNING MPL-0002] Couldn't align pin dmem_inst/sram_macro/din0[11] from layer met4 to the track-grid.
[WARNING MPL-0002] Couldn't align pin dmem_inst/sram_macro/dout1[4] from layer met4 to the track-grid.
[WARNING MPL-0002] Couldn't align pin dmem_inst/sram_macro/dout0[4] from layer met4 to the track-grid.
[WARNING MPL-0002] Couldn't align pin dmem_inst/sram_macro/dout1[3] from layer met4 to the track-grid.
[WARNING MPL-0002] Couldn't align pin dmem_inst/sram_macro/dout0[3] from layer met4 to the track-grid.
[WARNING MPL-0002] Couldn't align pin dmem_inst/sram_macro/din0[9] from layer met4 to the track-grid.
[WARNING MPL-0002] Couldn't align pin dmem_inst/sram_macro/din0[8] from layer met4 to the track-grid.
[WARNING MPL-0002] Couldn't align pin dmem_inst/sram_macro/dout1[2] from layer met4 to the track-grid.
[WARNING MPL-0002] Couldn't align pin dmem_inst/sram_macro/dout0[2] from layer met4 to the track-grid.
[WARNING MPL-0002] Couldn't align pin dmem_inst/sram_macro/din0[7] from layer met4 to the track-grid.
[WARNING MPL-0002] Couldn't align pin dmem_inst/sram_macro/dout1[1] from layer met4 to the track-grid.
[WARNING MPL-0002] Couldn't align pin dmem_inst/sram_macro/dout0[1] from layer met4 to the track-grid.
[WARNING MPL-0002] Couldn't align pin dmem_inst/sram_macro/din0[6] from layer met4 to the track-grid.
[WARNING MPL-0002] Couldn't align pin dmem_inst/sram_macro/dout1[0] from layer met4 to the track-grid.
[WARNING MPL-0002] Couldn't align pin dmem_inst/sram_macro/dout0[0] from layer met4 to the track-grid.
[WARNING MPL-0002] Couldn't align pin dmem_inst/sram_macro/din0[5] from layer met4 to the track-grid.
[WARNING MPL-0002] Couldn't align pin dmem_inst/sram_macro/din0[4] from layer met4 to the track-grid.
[WARNING MPL-0002] Couldn't align pin dmem_inst/sram_macro/din0[3] from layer met4 to the track-grid.
[WARNING MPL-0002] Couldn't align pin dmem_inst/sram_macro/din0[1] from layer met4 to the track-grid.
[WARNING MPL-0002] Couldn't align pin dmem_inst/sram_macro/din0[0] from layer met4 to the track-grid.
[WARNING MPL-0002] Couldn't align pin dmem_inst/sram_macro/wmask0[3] from layer met4 to the track-grid.
[WARNING MPL-0002] Couldn't align pin dmem_inst/sram_macro/wmask0[2] from layer met4 to the track-grid.
[WARNING MPL-0002] Couldn't align pin dmem_inst/sram_macro/wmask0[1] from layer met4 to the track-grid.
[WARNING MPL-0002] Couldn't align pin dmem_inst/sram_macro/wmask0[0] from layer met4 to the track-grid.
[WARNING MPL-0002] Couldn't align pin dmem_inst/sram_macro/addr0[0] from layer met4 to the track-grid.
[WARNING MPL-0002] Couldn't align pin imem_inst/sram_macro/addr1[7] from layer met4 to the track-grid.
[WARNING MPL-0002] Couldn't align pin imem_inst/sram_macro/addr1[6] from layer met4 to the track-grid.
[WARNING MPL-0002] Couldn't align pin imem_inst/sram_macro/addr1[5] from layer met4 to the track-grid.
[WARNING MPL-0002] Couldn't align pin imem_inst/sram_macro/addr1[0] from layer met4 to the track-grid.
[WARNING MPL-0002] Couldn't align pin imem_inst/sram_macro/dout1[31] from layer met4 to the track-grid.
[WARNING MPL-0002] Couldn't align pin imem_inst/sram_macro/dout0[31] from layer met4 to the track-grid.
[WARNING MPL-0002] Couldn't align pin imem_inst/sram_macro/dout1[30] from layer met4 to the track-grid.
[WARNING MPL-0002] Couldn't align pin imem_inst/sram_macro/dout0[30] from layer met4 to the track-grid.
[WARNING MPL-0002] Couldn't align pin imem_inst/sram_macro/dout1[28] from layer met4 to the track-grid.
[WARNING MPL-0002] Couldn't align pin imem_inst/sram_macro/dout0[28] from layer met4 to the track-grid.
[WARNING MPL-0002] Couldn't align pin imem_inst/sram_macro/dout1[27] from layer met4 to the track-grid.
[WARNING MPL-0002] Couldn't align pin imem_inst/sram_macro/dout0[27] from layer met4 to the track-grid.
[WARNING MPL-0002] Couldn't align pin imem_inst/sram_macro/dout1[26] from layer met4 to the track-grid.
[WARNING MPL-0002] Couldn't align pin imem_inst/sram_macro/dout0[26] from layer met4 to the track-grid.
[WARNING MPL-0002] Couldn't align pin imem_inst/sram_macro/dout0[25] from layer met4 to the track-grid.
[WARNING MPL-0002] Couldn't align pin imem_inst/sram_macro/dout1[25] from layer met4 to the track-grid.
[WARNING MPL-0002] Couldn't align pin imem_inst/sram_macro/dout1[24] from layer met4 to the track-grid.
[WARNING MPL-0002] Couldn't align pin imem_inst/sram_macro/dout0[24] from layer met4 to the track-grid.
[WARNING MPL-0002] Couldn't align pin imem_inst/sram_macro/din0[31] from layer met4 to the track-grid.
[WARNING MPL-0002] Couldn't align pin imem_inst/sram_macro/dout0[23] from layer met4 to the track-grid.
[WARNING MPL-0002] Couldn't align pin imem_inst/sram_macro/dout1[23] from layer met4 to the track-grid.
[WARNING MPL-0002] Couldn't align pin imem_inst/sram_macro/din0[30] from layer met4 to the track-grid.
[WARNING MPL-0002] Couldn't align pin imem_inst/sram_macro/dout0[22] from layer met4 to the track-grid.
[WARNING MPL-0002] Couldn't align pin imem_inst/sram_macro/dout1[22] from layer met4 to the track-grid.
[WARNING MPL-0002] Couldn't align pin imem_inst/sram_macro/din0[29] from layer met4 to the track-grid.
[WARNING MPL-0002] Couldn't align pin imem_inst/sram_macro/dout0[21] from layer met4 to the track-grid.
[WARNING MPL-0002] Couldn't align pin imem_inst/sram_macro/dout1[21] from layer met4 to the track-grid.
[WARNING MPL-0002] Couldn't align pin imem_inst/sram_macro/din0[28] from layer met4 to the track-grid.
[WARNING MPL-0002] Couldn't align pin imem_inst/sram_macro/dout0[20] from layer met4 to the track-grid.
[WARNING MPL-0002] Couldn't align pin imem_inst/sram_macro/dout1[20] from layer met4 to the track-grid.
[WARNING MPL-0002] Couldn't align pin imem_inst/sram_macro/din0[27] from layer met4 to the track-grid.
[WARNING MPL-0002] Couldn't align pin imem_inst/sram_macro/dout1[19] from layer met4 to the track-grid.
[WARNING MPL-0002] Couldn't align pin imem_inst/sram_macro/dout0[19] from layer met4 to the track-grid.
[WARNING MPL-0002] Couldn't align pin imem_inst/sram_macro/din0[25] from layer met4 to the track-grid.
[WARNING MPL-0002] Couldn't align pin imem_inst/sram_macro/dout0[18] from layer met4 to the track-grid.
[WARNING MPL-0002] Couldn't align pin imem_inst/sram_macro/dout1[18] from layer met4 to the track-grid.
[WARNING MPL-0002] Couldn't align pin imem_inst/sram_macro/dout1[17] from layer met4 to the track-grid.
[WARNING MPL-0002] Couldn't align pin imem_inst/sram_macro/din0[24] from layer met4 to the track-grid.
[WARNING MPL-0002] Couldn't align pin imem_inst/sram_macro/dout0[17] from layer met4 to the track-grid.
[WARNING MPL-0002] Couldn't align pin imem_inst/sram_macro/din0[23] from layer met4 to the track-grid.
[WARNING MPL-0002] Couldn't align pin imem_inst/sram_macro/dout1[16] from layer met4 to the track-grid.
[WARNING MPL-0002] Couldn't align pin imem_inst/sram_macro/dout0[16] from layer met4 to the track-grid.
[WARNING MPL-0002] Couldn't align pin imem_inst/sram_macro/din0[22] from layer met4 to the track-grid.
[WARNING MPL-0002] Couldn't align pin imem_inst/sram_macro/dout1[15] from layer met4 to the track-grid.
[WARNING MPL-0002] Couldn't align pin imem_inst/sram_macro/dout0[15] from layer met4 to the track-grid.
[WARNING MPL-0002] Couldn't align pin imem_inst/sram_macro/din0[21] from layer met4 to the track-grid.
[WARNING MPL-0002] Couldn't align pin imem_inst/sram_macro/din0[20] from layer met4 to the track-grid.
[WARNING MPL-0002] Couldn't align pin imem_inst/sram_macro/dout1[13] from layer met4 to the track-grid.
[WARNING MPL-0002] Couldn't align pin imem_inst/sram_macro/dout0[13] from layer met4 to the track-grid.
[WARNING MPL-0002] Couldn't align pin imem_inst/sram_macro/din0[19] from layer met4 to the track-grid.
[WARNING MPL-0002] Couldn't align pin imem_inst/sram_macro/dout1[12] from layer met4 to the track-grid.
[WARNING MPL-0002] Couldn't align pin imem_inst/sram_macro/dout0[12] from layer met4 to the track-grid.
[WARNING MPL-0002] Couldn't align pin imem_inst/sram_macro/dout1[11] from layer met4 to the track-grid.
[WARNING MPL-0002] Couldn't align pin imem_inst/sram_macro/dout0[11] from layer met4 to the track-grid.
[WARNING MPL-0002] Couldn't align pin imem_inst/sram_macro/din0[17] from layer met4 to the track-grid.
[WARNING MPL-0002] Couldn't align pin imem_inst/sram_macro/dout0[10] from layer met4 to the track-grid.
[WARNING MPL-0002] Couldn't align pin imem_inst/sram_macro/dout1[10] from layer met4 to the track-grid.
[WARNING MPL-0002] Couldn't align pin imem_inst/sram_macro/din0[16] from layer met4 to the track-grid.
[WARNING MPL-0002] Couldn't align pin imem_inst/sram_macro/din0[15] from layer met4 to the track-grid.
[WARNING MPL-0002] Couldn't align pin imem_inst/sram_macro/dout1[8] from layer met4 to the track-grid.
[WARNING MPL-0002] Couldn't align pin imem_inst/sram_macro/dout0[8] from layer met4 to the track-grid.
[WARNING MPL-0002] Couldn't align pin imem_inst/sram_macro/din0[14] from layer met4 to the track-grid.
[WARNING MPL-0002] Couldn't align pin imem_inst/sram_macro/dout0[7] from layer met4 to the track-grid.
[WARNING MPL-0002] Couldn't align pin imem_inst/sram_macro/dout1[7] from layer met4 to the track-grid.
[WARNING MPL-0002] Couldn't align pin imem_inst/sram_macro/din0[13] from layer met4 to the track-grid.
[WARNING MPL-0002] Couldn't align pin imem_inst/sram_macro/dout1[6] from layer met4 to the track-grid.
[WARNING MPL-0002] Couldn't align pin imem_inst/sram_macro/dout0[6] from layer met4 to the track-grid.
[WARNING MPL-0002] Couldn't align pin imem_inst/sram_macro/din0[12] from layer met4 to the track-grid.
[WARNING MPL-0002] Couldn't align pin imem_inst/sram_macro/dout1[5] from layer met4 to the track-grid.
[WARNING MPL-0002] Couldn't align pin imem_inst/sram_macro/dout0[5] from layer met4 to the track-grid.
[WARNING MPL-0002] Couldn't align pin imem_inst/sram_macro/din0[11] from layer met4 to the track-grid.
[WARNING MPL-0002] Couldn't align pin imem_inst/sram_macro/dout1[4] from layer met4 to the track-grid.
[WARNING MPL-0002] Couldn't align pin imem_inst/sram_macro/dout0[4] from layer met4 to the track-grid.
[WARNING MPL-0002] Couldn't align pin imem_inst/sram_macro/dout1[3] from layer met4 to the track-grid.
[WARNING MPL-0002] Couldn't align pin imem_inst/sram_macro/dout0[3] from layer met4 to the track-grid.
[WARNING MPL-0002] Couldn't align pin imem_inst/sram_macro/din0[9] from layer met4 to the track-grid.
[WARNING MPL-0002] Couldn't align pin imem_inst/sram_macro/din0[8] from layer met4 to the track-grid.
[WARNING MPL-0002] Couldn't align pin imem_inst/sram_macro/dout1[2] from layer met4 to the track-grid.
[WARNING MPL-0002] Couldn't align pin imem_inst/sram_macro/dout0[2] from layer met4 to the track-grid.
[WARNING MPL-0002] Couldn't align pin imem_inst/sram_macro/din0[7] from layer met4 to the track-grid.
[WARNING MPL-0002] Couldn't align pin imem_inst/sram_macro/dout1[1] from layer met4 to the track-grid.
[WARNING MPL-0002] Couldn't align pin imem_inst/sram_macro/dout0[1] from layer met4 to the track-grid.
[WARNING MPL-0002] Couldn't align pin imem_inst/sram_macro/din0[6] from layer met4 to the track-grid.
[WARNING MPL-0002] Couldn't align pin imem_inst/sram_macro/dout1[0] from layer met4 to the track-grid.
[WARNING MPL-0002] Couldn't align pin imem_inst/sram_macro/dout0[0] from layer met4 to the track-grid.
[WARNING MPL-0002] Couldn't align pin imem_inst/sram_macro/din0[5] from layer met4 to the track-grid.
[WARNING MPL-0002] Couldn't align pin imem_inst/sram_macro/din0[4] from layer met4 to the track-grid.
[WARNING MPL-0002] Couldn't align pin imem_inst/sram_macro/din0[3] from layer met4 to the track-grid.
[WARNING MPL-0002] Couldn't align pin imem_inst/sram_macro/din0[1] from layer met4 to the track-grid.
[WARNING MPL-0002] Couldn't align pin imem_inst/sram_macro/din0[0] from layer met4 to the track-grid.
[WARNING MPL-0002] Couldn't align pin imem_inst/sram_macro/wmask0[3] from layer met4 to the track-grid.
[WARNING MPL-0002] Couldn't align pin imem_inst/sram_macro/wmask0[2] from layer met4 to the track-grid.
[WARNING MPL-0002] Couldn't align pin imem_inst/sram_macro/wmask0[1] from layer met4 to the track-grid.
[WARNING MPL-0002] Couldn't align pin imem_inst/sram_macro/wmask0[0] from layer met4 to the track-grid.
[WARNING MPL-0002] Couldn't align pin imem_inst/sram_macro/addr0[0] from layer met4 to the track-grid.
[INFO PPL-0070] Pin clk placed at (0.40um, 999.94um) instead of (0.00um, 1000.00um). Pin was snapped to a routing track, to the manufacturing grid or moved away from blocked region.
[INFO PPL-0070] Pin reset_n placed at (0.40um, 1099.90um) instead of (0.00um, 1100.00um). Pin was snapped to a routing track, to the manufacturing grid or moved away from blocked region.
Found 2 macro blocks.
Using 2 tracks default min distance between IO pins.
[INFO PPL-0001] Number of available slots 5455
[INFO PPL-0002] Number of I/O             3
[INFO PPL-0003] Number of I/O w/sink      2
[INFO PPL-0004] Number of I/O w/o sink    1
[INFO PPL-0005] Slots per section         200
[INFO PPL-0008] Successfully assigned pins to sections.
[INFO PPL-0012] I/O nets HPWL: 920.98 um.
Starting PDN generation...
bash "/home/manal/projects/RiscV-mini-SoC"/scripts/run_flow.sh --design "mini_soc_top" --step pdn | tee output/pdn.log
Generating Power Distribution Network (PDN)...
OpenROAD v2.0-27886-g745f72f2bf 
Features included (+) or not (-): +GPU +GUI +Python
This program is licensed under the BSD-3 license. See the LICENSE file for details.
Components of this program may be licensed under more restrictive licenses which must be honored.
[INFO ODB-0227] LEF file: /home/manal/OpenROAD/test/sky130hd/sky130hd.tlef, created 13 layers, 25 vias
[WARNING ODB-0220] WARNING (LEFPARS-2008): NOWIREEXTENSIONATPIN statement is obsolete in version 5.6 or later.
The NOWIREEXTENSIONATPIN statement will be ignored. See file /home/manal/OpenROAD/test/sky130hd/sky130_fd_sc_hd.lef at line 2.

[INFO ODB-0227] LEF file: /home/manal/OpenROAD/test/sky130hd/sky130_fd_sc_hd.lef, created 437 library cells
[INFO ODB-0227] LEF file: ../macros/sky130_sram_1kbyte_1rw1r_32x256_8.lef, created 1 library cells
[INFO ODB-0127] Reading DEF file: output/floorplan.def
[INFO ODB-0128] Design: mini_soc_top
[INFO ODB-0130]     Created 5 pins.
[INFO ODB-0131]     Created 10274 components and 79719 component-terminals.
[INFO ODB-0133]     Created 10563 nets and 38223 connections.
[INFO ODB-0134] Finished DEF file: output/floorplan.def
[INFO PDN-0001] Inserting grid: stdcell_grid
Starting Placement...
bash "/home/manal/projects/RiscV-mini-SoC"/scripts/run_flow.sh --design "mini_soc_top" --step placement | tee output/placement.log
Running Global Placement for mini_soc_top...
OpenROAD v2.0-27886-g745f72f2bf 
Features included (+) or not (-): +GPU +GUI +Python
This program is licensed under the BSD-3 license. See the LICENSE file for details.
Components of this program may be licensed under more restrictive licenses which must be honored.
[INFO ODB-0227] LEF file: /home/manal/OpenROAD/test/sky130hd/sky130hd.tlef, created 13 layers, 25 vias
[WARNING ODB-0220] WARNING (LEFPARS-2008): NOWIREEXTENSIONATPIN statement is obsolete in version 5.6 or later.
The NOWIREEXTENSIONATPIN statement will be ignored. See file /home/manal/OpenROAD/test/sky130hd/sky130_fd_sc_hd.lef at line 2.

[INFO ODB-0227] LEF file: /home/manal/OpenROAD/test/sky130hd/sky130_fd_sc_hd.lef, created 437 library cells
[INFO ODB-0227] LEF file: ../macros/sky130_sram_1kbyte_1rw1r_32x256_8.lef, created 1 library cells
[INFO ODB-0127] Reading DEF file: output/pdn.def
[INFO ODB-0128] Design: mini_soc_top
[INFO ODB-0130]     Created 5 pins.
[INFO ODB-0131]     Created 10274 components and 79719 component-terminals.
[INFO ODB-0132]     Created 2 special nets and 20548 connections.
[INFO ODB-0133]     Created 10563 nets and 38223 connections.
[INFO ODB-0134] Finished DEF file: output/pdn.def
[INFO GPL-0005] Execute conjugate gradient initial placement.
[INFO GPL-0002] DBU: 1000
[INFO GPL-0003] SiteSize: (  0.460  2.720 ) um
[INFO GPL-0004] CoreBBox: ( 30.360 32.640 ) ( 1469.700 1468.800 ) um
[INFO GPL-0032] Initializing region: Top-level
[INFO GPL-0006] Number of instances:             10274
[INFO GPL-0007] Movable instances:               10272
[INFO GPL-0008] Fixed instances:                     2
[INFO GPL-0009] Dummy instances:                     0
[INFO GPL-0010] Number of nets:                  10563
[INFO GPL-0011] Number of pins:                  38228
[INFO GPL-0012] Die BBox:  (  0.000  0.000 ) ( 1500.000 1500.000 ) um
[INFO GPL-0013] Core BBox: ( 30.360 32.640 ) ( 1469.700 1468.800 ) um
[INFO GPL-0016] Core area:                  2067122.534 um^2
[INFO GPL-0014] Region name: top-level.
[INFO GPL-0015] Region area:                2067122.534 um^2
[INFO GPL-0017] Fixed instances area:       384038.323 um^2
[INFO GPL-0018] Movable instances area:     165569.283 um^2
[INFO GPL-0019] Utilization:                     9.837 %
[INFO GPL-0020] Standard cells area:        165569.283 um^2
[INFO GPL-0021] Large instances area:            0.000 um^2
[InitialPlace]  Iter: 1 conjugate gradient residual: 0.01333712 HPWL: 483123652
[InitialPlace]  Iter: 2 conjugate gradient residual: 0.00091510 HPWL: 300360393
[InitialPlace]  Iter: 3 conjugate gradient residual: 0.00001998 HPWL: 275488989
[InitialPlace]  Iter: 4 conjugate gradient residual: 0.00001443 HPWL: 272998309
[InitialPlace]  Iter: 5 conjugate gradient residual: 0.00001147 HPWL: 271222442
[InitialPlace]  Iter: 6 conjugate gradient residual: 0.00034223 HPWL: 270188009
[InitialPlace]  Iter: 7 conjugate gradient residual: 0.00000555 HPWL: 269472330
[INFO GPL-0033] Initializing Nesterov region: Top-level
[INFO GPL-0023] Placement target density:       0.1000
[INFO GPL-0024] Movable insts average area:     16.119 um^2
[INFO GPL-0025] Ideal bin area:                161.185 um^2
[INFO GPL-0026] Ideal bin count:                 12824
[INFO GPL-0027] Total bin area:             2067122.534 um^2
[INFO GPL-0028] Bin count (X, Y):          64 ,     64
[INFO GPL-0029] Bin size (W * H):      22.490 * 22.440 um
[INFO GPL-0030] Number of bins:                   4096
[INFO GPL-0007] Execute nesterov global placement.
[INFO GPL-0031] HPWL: Half-Perimeter Wirelength
Iteration | Overflow |     HPWL (um) |  HPWL(%) |   Penalty | Group
---------------------------------------------------------------
        0 |   0.9923 |  5.713549e+04 |   +0.00% |  2.99e-16 |      
       10 |   0.9776 |  8.909979e+04 |  +55.94% |  4.85e-16 |      
       20 |   0.9758 |  9.578986e+04 |   +7.51% |  7.89e-16 |      
       30 |   0.9751 |  9.748993e+04 |   +1.77% |  1.29e-15 |      
       40 |   0.9742 |  9.914288e+04 |   +1.70% |  2.09e-15 |      
       50 |   0.9740 |  1.004561e+05 |   +1.32% |  3.41e-15 |      
       60 |   0.9740 |  1.010853e+05 |   +0.63% |  5.55e-15 |      
       70 |   0.9742 |  1.009952e+05 |   -0.09% |  9.04e-15 |      
       80 |   0.9738 |  1.005262e+05 |   -0.46% |  1.47e-14 |      
       90 |   0.9744 |  9.973272e+04 |   -0.79% |  2.40e-14 |      
      100 |   0.9741 |  9.857093e+04 |   -1.16% |  3.91e-14 |      
      110 |   0.9737 |  9.733740e+04 |   -1.25% |  6.37e-14 |      
      120 |   0.9731 |  9.650525e+04 |   -0.85% |  1.04e-13 |      
      130 |   0.9721 |  9.668784e+04 |   +0.19% |  1.69e-13 |      
      140 |   0.9723 |  9.896272e+04 |   +2.35% |  2.75e-13 |      
      150 |   0.9715 |  1.045252e+05 |   +5.62% |  4.48e-13 |      
      160 |   0.9705 |  1.141338e+05 |   +9.19% |  7.29e-13 |      
      170 |   0.9684 |  1.296256e+05 |  +13.57% |  1.19e-12 |      
      180 |   0.9648 |  1.527561e+05 |  +17.84% |  1.93e-12 |      
      190 |   0.9548 |  1.810998e+05 |  +18.55% |  3.13e-12 |      
      200 |   0.9402 |  2.097994e+05 |  +15.85% |  5.08e-12 |      
      210 |   0.9232 |  2.451321e+05 |  +16.84% |  8.24e-12 |      
      220 |   0.8997 |  2.816244e+05 |  +14.89% |  1.34e-11 |      
      230 |   0.8699 |  3.269510e+05 |  +16.09% |  2.17e-11 |      
      240 |   0.8353 |  3.770130e+05 |  +15.31% |  3.51e-11 |      
      250 |   0.8033 |  4.270491e+05 |  +13.27% |  5.69e-11 |      
      260 |   0.7658 |  4.698316e+05 |  +10.02% |  9.22e-11 |      
      270 |   0.7288 |  4.993112e+05 |   +6.27% |  1.50e-10 |      
      280 |   0.6863 |  5.238672e+05 |   +4.92% |  2.43e-10 |      
      290 |   0.6563 |  5.449211e+05 |   +4.02% |  3.95e-10 |      
      300 |   0.6161 |  5.702185e+05 |   +4.64% |  6.42e-10 |      
      310 |   0.5745 |  6.093522e+05 |   +6.86% |  1.04e-09 |      
      320 |   0.5213 |  6.230101e+05 |   +2.24% |  1.69e-09 |      
      330 |   0.4721 |  6.456758e+05 |   +3.64% |  2.75e-09 |      
      340 |   0.4209 |  6.592975e+05 |   +2.11% |  4.47e-09 |      
      350 |   0.3754 |  6.657416e+05 |   +0.98% |  7.28e-09 |      
      360 |   0.3356 |  6.616154e+05 |   -0.62% |  1.16e-08 |      
      370 |   0.3084 |  6.632064e+05 |   +0.24% |  1.71e-08 |      
      380 |   0.2744 |  6.596706e+05 |   -0.53% |  2.52e-08 |      
      390 |   0.2491 |  6.599979e+05 |   +0.05% |  3.71e-08 |      
      400 |   0.2235 |  6.578001e+05 |   -0.33% |  5.47e-08 |      
      410 |   0.1981 |  6.595454e+05 |   +0.27% |  8.05e-08 |      
      420 |   0.1752 |  6.592463e+05 |   -0.05% |  1.19e-07 |      
      430 |   0.1493 |  6.602545e+05 |   +0.15% |  1.75e-07 |      
      440 |   0.1269 |  6.617355e+05 |   +0.22% |  2.57e-07 |      
      450 |   0.1068 |  6.630109e+05 |   +0.19% |  3.79e-07 |      
      456 |   0.0988 |  6.640656e+05 |          |  4.97e-07 |      
---------------------------------------------------------------
[INFO GPL-1001] Global placement finished at iteration 456
[INFO GPL-1002] Placed Cell Area            165569.2826
[INFO GPL-1003] Available Free Area         1683084.2112
[INFO GPL-1004] Minimum Feasible Density        0.1000 (cell_area / free_area)
[INFO GPL-1006]   Suggested Target Densities:
[INFO GPL-1007]     - For 90% usage of free space: 0.1093
[INFO GPL-1008]     - For 80% usage of free space: 0.1230
[INFO GPL-1009]     - For 50% usage of free space: 0.1967
[INFO GPL-1014] Final placement area: 165569.28 (+0.00%)
[INFO IFP-0030] Inserted 0 tiecells using sky130_fd_sc_hd__conb_1/HI.
[INFO IFP-0030] Inserted 0 tiecells using sky130_fd_sc_hd__conb_1/LO.
[INFO DPL-0020] Mirrored 3407 instances
[INFO DPL-0021] HPWL before          664026.5 u
[INFO DPL-0022] HPWL after           658893.8 u
[INFO DPL-0023] HPWL delta               -0.8 %
Placement Analysis
---------------------------------
total displacement      15539.4 u
average displacement        1.5 u
max displacement           15.9 u
original HPWL          658893.8 u
legalized HPWL         675570.7 u
delta HPWL                    3 %

[INFO DPL-0001] Placed 168513 filler instances.
[WARNING DPL-0011] Padding check failed (2).
 dmem_inst/sram_macro
 imem_inst/sram_macro
[ERROR DPL-0033] detailed placement checks failed.
DPL-0033
Building Clock Tree...
bash "/home/manal/projects/RiscV-mini-SoC"/scripts/run_flow.sh --design "mini_soc_top" --step cts | tee output/cts.log
Running CTS...
OpenROAD v2.0-27886-g745f72f2bf 
Features included (+) or not (-): +GPU +GUI +Python
This program is licensed under the BSD-3 license. See the LICENSE file for details.
Components of this program may be licensed under more restrictive licenses which must be honored.
[INFO ODB-0227] LEF file: /home/manal/OpenROAD/test/sky130hd/sky130hd.tlef, created 13 layers, 25 vias
[WARNING ODB-0220] WARNING (LEFPARS-2008): NOWIREEXTENSIONATPIN statement is obsolete in version 5.6 or later.
The NOWIREEXTENSIONATPIN statement will be ignored. See file /home/manal/OpenROAD/test/sky130hd/sky130_fd_sc_hd.lef at line 2.

[INFO ODB-0227] LEF file: /home/manal/OpenROAD/test/sky130hd/sky130_fd_sc_hd.lef, created 437 library cells
[INFO ODB-0227] LEF file: ../macros/sky130_sram_1kbyte_1rw1r_32x256_8.lef, created 1 library cells
[INFO ODB-0127] Reading DEF file: output/placement.def
[INFO ODB-0128] Design: mini_soc_top
[INFO ODB-0094] 		Created 100000 Insts
[INFO ODB-0130]     Created 5 pins.
[INFO ODB-0131]     Created 178787 components and 753771 component-terminals.
[INFO ODB-0132]     Created 2 special nets and 357574 connections.
[INFO ODB-0133]     Created 10563 nets and 38223 connections.
[INFO ODB-0134] Finished DEF file: output/placement.def
[INFO CTS-0050] Root buffer is sky130_fd_sc_hd__clkbuf_16.
[INFO CTS-0051] Sink buffer is sky130_fd_sc_hd__clkbuf_16.
[INFO CTS-0052] The following clock buffers will be used for CTS:
                    sky130_fd_sc_hd__clkbuf_4
                    sky130_fd_sc_hd__clkbuf_8
                    sky130_fd_sc_hd__clkbuf_16
[INFO CTS-0049] Characterization buffer is sky130_fd_sc_hd__clkbuf_16.
[INFO CTS-0007] Net "clk" found for clock "clk".
[INFO CTS-0011]  Clock net "clk" for macros has 2 sinks.
[INFO CTS-0011]  Clock net "clk_regs" for registers has 1997 sinks.
[INFO CTS-0008] TritonCTS found 2 clock nets.
[INFO CTS-0097] Characterization used 3 buffer(s) types.
[INFO CTS-0201] 2 blockages from hard placement blockages and placed macros will be used.
[INFO CTS-0027] Generating H-Tree topology for net clk.
[INFO CTS-0028]  Total number of sinks: 2.
[INFO CTS-0030]  Number of static layers: 0.
[INFO CTS-0020]  Wire segment unit: 13600  dbu (13 um).
[INFO CTS-0023]  Original sink region: [(500780, 450160), (500780, 1051960)].
[INFO CTS-0024]  Normalized sink region: [(36.8221, 33.1), (36.8221, 77.35)].
[INFO CTS-0025]     Width:  0.0000.
[INFO CTS-0026]     Height: 44.2500.
 Level 1
    Direction: Vertical
    Sinks per sub-region: 1
    Sub-region size: 0.0000 X 22.1250
[INFO CTS-0034]     Segment length (rounded): 11.
[INFO CTS-0032]  Stop criterion found. Max number of sinks is 15.
[INFO CTS-0035]  Number of sinks covered: 2.
[INFO CTS-0201] 2 blockages from hard placement blockages and placed macros will be used.
[INFO CTS-0027] Generating H-Tree topology for net clk_regs.
[INFO CTS-0028]  Total number of sinks: 1997.
[INFO CTS-0030]  Number of static layers: 0.
[INFO CTS-0020]  Wire segment unit: 13600  dbu (13 um).
[INFO CTS-0023]  Original sink region: [(43045, 53100), (1450645, 1453780)].
[INFO CTS-0024]  Normalized sink region: [(3.16507, 3.90441), (106.665, 106.896)].
[INFO CTS-0025]     Width:  103.5000.
[INFO CTS-0026]     Height: 102.9912.
 Level 1
    Direction: Horizontal
    Sinks per sub-region: 999
    Sub-region size: 51.7500 X 102.9912
[INFO CTS-0034]     Segment length (rounded): 26.
 Level 2
    Direction: Vertical
    Sinks per sub-region: 500
    Sub-region size: 51.7500 X 51.4956
[INFO CTS-0034]     Segment length (rounded): 26.
 Level 3
    Direction: Horizontal
    Sinks per sub-region: 250
    Sub-region size: 25.8750 X 51.4956
[INFO CTS-0034]     Segment length (rounded): 12.
 Level 4
    Direction: Vertical
    Sinks per sub-region: 125
    Sub-region size: 25.8750 X 25.7478
[INFO CTS-0034]     Segment length (rounded): 12.
 Level 5
    Direction: Horizontal
    Sinks per sub-region: 63
    Sub-region size: 12.9375 X 25.7478
[INFO CTS-0034]     Segment length (rounded): 6.
 Level 6
    Direction: Vertical
    Sinks per sub-region: 32
    Sub-region size: 12.9375 X 12.8739
[INFO CTS-0034]     Segment length (rounded): 6.
 Level 7
    Direction: Horizontal
    Sinks per sub-region: 16
    Sub-region size: 6.4687 X 12.8739
[INFO CTS-0034]     Segment length (rounded): 4.
 Level 8
    Direction: Vertical
    Sinks per sub-region: 8
    Sub-region size: 6.4687 X 6.4369
[INFO CTS-0034]     Segment length (rounded): 4.
[INFO CTS-0032]  Stop criterion found. Max number of sinks is 15.
[INFO CTS-0035]  Number of sinks covered: 1997.
[INFO CTS-0018]     Created 3 clock buffers.
[INFO CTS-0012]     Minimum number of buffers in the clock path: 2.
[INFO CTS-0013]     Maximum number of buffers in the clock path: 2.
[INFO CTS-0015]     Created 3 clock nets.
[INFO CTS-0016]     Fanout distribution for the current clock = 1:2..
[INFO CTS-0017]     Max level of the clock tree: 1.
[INFO CTS-0018]     Created 279 clock buffers.
[INFO CTS-0012]     Minimum number of buffers in the clock path: 5.
[INFO CTS-0013]     Maximum number of buffers in the clock path: 5.
[INFO CTS-0015]     Created 279 clock nets.
[INFO CTS-0016]     Fanout distribution for the current clock = 1:1, 2:2, 3:7, 4:22, 5:21, 6:46, 7:32, 8:31, 9:21, 10:31, 11:13, 12:14, 13:8, 14:1, 15:4, 21:2..
[INFO CTS-0017]     Max level of the clock tree: 8.
[INFO CTS-0098] Clock net "clk"
[INFO CTS-0099]  Sinks 2
[INFO CTS-0100]  Leaf buffers 0
[INFO CTS-0101]  Average sink wire length 1060.50 um
[INFO CTS-0102]  Path depth 2 - 2
[INFO CTS-0207]  Dummy loads inserted 0
[INFO CTS-0098] Clock net "clk_regs"
[INFO CTS-0099]  Sinks 2230
[INFO CTS-0100]  Leaf buffers 0
[INFO CTS-0101]  Average sink wire length 1183.79 um
[INFO CTS-0102]  Path depth 5 - 5
[INFO CTS-0207]  Dummy loads inserted 233
[INFO CTS-0033] Balancing latency for clock clk
[INFO CTS-0036]  inserted 7 delay buffers
[INFO CTS-0037] Total number of delay buffers: 7
[INFO RSZ-0100] Repair move sequence: UnbufferMove SizeUpMove SwapPinsMove BufferMove CloneMove SplitLoadMove 
[INFO RSZ-0094] Found 832 endpoints with setup violations.
[INFO RSZ-0099] Repairing 832 out of 832 (100.00%) violating endpoints...
   Iter   | Removed | Resized | Inserted | Cloned |  Pin  |   Area   |    WNS   |   TNS      |  Viol  | Worst
          | Buffers |  Gates  | Buffers  |  Gates | Swaps |          |          |            | Endpts | Endpt
--------------------------------------------------------------------------------------------------------------
        0 |       0 |       0 |        0 |      0 |     0 |    +0.0% |   -6.257 |    -1389.7 |    832 | cpu_inst/_16483_/D
[WARNING RSZ-2021] cannot find a viable buffering solution on pin cpu_inst/_11368_/Y after 1 rounds of buffering (no solution meets design rules)
    final |       0 |       4 |        0 |      6 |     2 |    +0.0% |    0.613 |        0.0 |      0 | cpu_inst/_16164_/D
--------------------------------------------------------------------------------------------------------------
[INFO RSZ-0051] Resized 4 instances: 4 up, 0 up match, 0 down, 0 VT
[INFO RSZ-0043] Swapped pins on 2 instances.
[INFO RSZ-0049] Cloned 6 instances.
[INFO RSZ-0033] No hold violations found.
Placement Analysis
---------------------------------
total displacement       1168.8 u
average displacement        0.1 u
max displacement            7.4 u
original HPWL          731351.3 u
legalized HPWL         731591.1 u
delta HPWL                    0 %

[WARNING DPL-0011] Padding check failed (2).
[ERROR DPL-0033] detailed placement checks failed.
DPL-0033
Iteration |   Area    | Resized | Buffers | Nets repaired | Remaining
---------------------------------------------------------------------
        0 |     +0.0% |       0 |       0 |             0 |     11266
    final |     +1.1% |     141 |     264 |           184 |         0
---------------------------------------------------------------------
[INFO RSZ-0034] Found 179 slew violations.
[INFO RSZ-0036] Found 40 capacitance violations.
[INFO RSZ-0039] Resized 141 instances.
[INFO RSZ-0038] Inserted 264 buffers in 184 nets.
[INFO DPL-0001] Placed 167979 filler instances.
Clock clk
   1.26 source latency imem_inst/sram_macro/clk0 v
  -1.13 target latency cpu_inst/_16562_/CLK ^
   0.25 clock uncertainty
   0.00 CRPR
--------------
   0.39 setup skew

Clock clk
   1.09 source latency timer_inst/_675_/CLK ^
  -1.17 target latency cpu_inst/_16495_/CLK ^
  -0.25 clock uncertainty
   0.00 CRPR
--------------
  -0.33 hold skew

Startpoint: reset_n (input port clocked by clk)
Endpoint: bus_inst/_299_ (removal check against rising-edge clock clk)
Path Group: asynchronous
Path Type: min

  Delay    Time   Description
---------------------------------------------------------
   0.00    0.00   clock clk (rise edge)
   0.00    0.00   clock network delay (propagated)
   4.00    4.00 ^ input external delay
   0.20    4.20 ^ reset_n (in)
   0.00    4.20 ^ bus_inst/_299_/RESET_B (sky130_fd_sc_hd__dfrtp_1)
           4.20   data arrival time

   0.00    0.00   clock clk (rise edge)
   1.14    1.14   clock network delay (propagated)
   0.25    1.39   clock uncertainty
   0.00    1.39   clock reconvergence pessimism
           1.39 ^ bus_inst/_299_/CLK (sky130_fd_sc_hd__dfrtp_1)
   0.39    1.78   library removal time
           1.78   data required time
---------------------------------------------------------
           1.78   data required time
          -4.20   data arrival time
---------------------------------------------------------
           2.42   slack (MET)


Startpoint: reset_n (input port clocked by clk)
Endpoint: bus_inst/_300_ (removal check against rising-edge clock clk)
Path Group: asynchronous
Path Type: min

  Delay    Time   Description
---------------------------------------------------------
   0.00    0.00   clock clk (rise edge)
   0.00    0.00   clock network delay (propagated)
   4.00    4.00 ^ input external delay
   0.20    4.20 ^ reset_n (in)
   0.00    4.20 ^ bus_inst/_300_/RESET_B (sky130_fd_sc_hd__dfrtp_1)
           4.20   data arrival time

   0.00    0.00   clock clk (rise edge)
   1.14    1.14   clock network delay (propagated)
   0.25    1.39   clock uncertainty
   0.00    1.39   clock reconvergence pessimism
           1.39 ^ bus_inst/_300_/CLK (sky130_fd_sc_hd__dfrtp_1)
   0.39    1.78   library removal time
           1.78   data required time
---------------------------------------------------------
           1.78   data required time
          -4.20   data arrival time
---------------------------------------------------------
           2.42   slack (MET)


Startpoint: reset_n (input port clocked by clk)
Endpoint: bus_inst/_298_ (removal check against rising-edge clock clk)
Path Group: asynchronous
Path Type: min

  Delay    Time   Description
---------------------------------------------------------
   0.00    0.00   clock clk (rise edge)
   0.00    0.00   clock network delay (propagated)
   4.00    4.00 ^ input external delay
   0.20    4.20 ^ reset_n (in)
   0.00    4.20 ^ bus_inst/_298_/RESET_B (sky130_fd_sc_hd__dfrtp_2)
           4.20   data arrival time

   0.00    0.00   clock clk (rise edge)
   1.14    1.14   clock network delay (propagated)
   0.25    1.39   clock uncertainty
   0.00    1.39   clock reconvergence pessimism
           1.39 ^ bus_inst/_298_/CLK (sky130_fd_sc_hd__dfrtp_2)
   0.40    1.78   library removal time
           1.78   data required time
---------------------------------------------------------
           1.78   data required time
          -4.20   data arrival time
---------------------------------------------------------
           2.42   slack (MET)


Startpoint: reset_n (input port clocked by clk)
Endpoint: bus_inst/_297_ (removal check against rising-edge clock clk)
Path Group: asynchronous
Path Type: min

  Delay    Time   Description
---------------------------------------------------------
   0.00    0.00   clock clk (rise edge)
   0.00    0.00   clock network delay (propagated)
   4.00    4.00 ^ input external delay
   0.44    4.44 ^ reset_n (in)
   0.00    4.44 ^ bus_inst/_297_/RESET_B (sky130_fd_sc_hd__dfrtp_2)
           4.44   data arrival time

   0.00    0.00   clock clk (rise edge)
   1.14    1.14   clock network delay (propagated)
   0.25    1.39   clock uncertainty
   0.00    1.39   clock reconvergence pessimism
           1.39 ^ bus_inst/_297_/CLK (sky130_fd_sc_hd__dfrtp_2)
   0.52    1.91   library removal time
           1.91   data required time
---------------------------------------------------------
           1.91   data required time
          -4.44   data arrival time
---------------------------------------------------------
           2.53   slack (MET)


Startpoint: cpu_inst/_16646_ (rising edge-triggered flip-flop clocked by clk)
Endpoint: dmem_inst/sram_macro (falling edge-triggered flip-flop clocked by clk)
Path Group: clk
Path Type: min

  Delay    Time   Description
---------------------------------------------------------
   0.00    0.00   clock clk (rise edge)
   1.09    1.09   clock network delay (propagated)
   0.00    1.09 ^ cpu_inst/_16646_/CLK (sky130_fd_sc_hd__dfxtp_1)
   0.35    1.44 v cpu_inst/_16646_/Q (sky130_fd_sc_hd__dfxtp_1)
   0.00    1.44 v dmem_inst/sram_macro/din0[27] (sky130_sram_1kbyte_1rw1r_32x256_8)
           1.44   data arrival time

   0.00    0.00   clock clk (rise edge)
   1.11    1.11   clock network delay (propagated)
   0.25    1.36   clock uncertainty
   0.00    1.36   clock reconvergence pessimism
           1.36 ^ dmem_inst/sram_macro/clk0 (sky130_sram_1kbyte_1rw1r_32x256_8)
  -0.06    1.30   library hold time
           1.30   data required time
---------------------------------------------------------
           1.30   data required time
          -1.44   data arrival time
---------------------------------------------------------
           0.14   slack (MET)


Startpoint: cpu_inst/_16645_ (rising edge-triggered flip-flop clocked by clk)
Endpoint: dmem_inst/sram_macro (falling edge-triggered flip-flop clocked by clk)
Path Group: clk
Path Type: min

  Delay    Time   Description
---------------------------------------------------------
   0.00    0.00   clock clk (rise edge)
   1.09    1.09   clock network delay (propagated)
   0.00    1.09 ^ cpu_inst/_16645_/CLK (sky130_fd_sc_hd__dfxtp_1)
   0.35    1.44 v cpu_inst/_16645_/Q (sky130_fd_sc_hd__dfxtp_1)
   0.00    1.44 v dmem_inst/sram_macro/din0[26] (sky130_sram_1kbyte_1rw1r_32x256_8)
           1.44   data arrival time

   0.00    0.00   clock clk (rise edge)
   1.11    1.11   clock network delay (propagated)
   0.25    1.36   clock uncertainty
   0.00    1.36   clock reconvergence pessimism
           1.36 ^ dmem_inst/sram_macro/clk0 (sky130_sram_1kbyte_1rw1r_32x256_8)
  -0.06    1.30   library hold time
           1.30   data required time
---------------------------------------------------------
           1.30   data required time
          -1.44   data arrival time
---------------------------------------------------------
           0.14   slack (MET)


Startpoint: cpu_inst/_16649_ (rising edge-triggered flip-flop clocked by clk)
Endpoint: dmem_inst/sram_macro (falling edge-triggered flip-flop clocked by clk)
Path Group: clk
Path Type: min

  Delay    Time   Description
---------------------------------------------------------
   0.00    0.00   clock clk (rise edge)
   1.09    1.09   clock network delay (propagated)
   0.00    1.09 ^ cpu_inst/_16649_/CLK (sky130_fd_sc_hd__dfxtp_1)
   0.35    1.45 v cpu_inst/_16649_/Q (sky130_fd_sc_hd__dfxtp_1)
   0.00    1.45 v dmem_inst/sram_macro/din0[30] (sky130_sram_1kbyte_1rw1r_32x256_8)
           1.45   data arrival time

   0.00    0.00   clock clk (rise edge)
   1.11    1.11   clock network delay (propagated)
   0.25    1.36   clock uncertainty
   0.00    1.36   clock reconvergence pessimism
           1.36 ^ dmem_inst/sram_macro/clk0 (sky130_sram_1kbyte_1rw1r_32x256_8)
  -0.06    1.30   library hold time
           1.30   data required time
---------------------------------------------------------
           1.30   data required time
          -1.45   data arrival time
---------------------------------------------------------
           0.15   slack (MET)


Startpoint: cpu_inst/_16639_ (rising edge-triggered flip-flop clocked by clk)
Endpoint: dmem_inst/sram_macro (falling edge-triggered flip-flop clocked by clk)
Path Group: clk
Path Type: min

  Delay    Time   Description
---------------------------------------------------------
   0.00    0.00   clock clk (rise edge)
   1.09    1.09   clock network delay (propagated)
   0.00    1.09 ^ cpu_inst/_16639_/CLK (sky130_fd_sc_hd__dfxtp_1)
   0.35    1.45 v cpu_inst/_16639_/Q (sky130_fd_sc_hd__dfxtp_1)
   0.00    1.45 v dmem_inst/sram_macro/din0[20] (sky130_sram_1kbyte_1rw1r_32x256_8)
           1.45   data arrival time

   0.00    0.00   clock clk (rise edge)
   1.11    1.11   clock network delay (propagated)
   0.25    1.36   clock uncertainty
   0.00    1.36   clock reconvergence pessimism
           1.36 ^ dmem_inst/sram_macro/clk0 (sky130_sram_1kbyte_1rw1r_32x256_8)
  -0.06    1.30   library hold time
           1.30   data required time
---------------------------------------------------------
           1.30   data required time
          -1.45   data arrival time
---------------------------------------------------------
           0.15   slack (MET)


Startpoint: cpu_inst/_16647_ (rising edge-triggered flip-flop clocked by clk)
Endpoint: dmem_inst/sram_macro (falling edge-triggered flip-flop clocked by clk)
Path Group: clk
Path Type: min

  Delay    Time   Description
---------------------------------------------------------
   0.00    0.00   clock clk (rise edge)
   1.09    1.09   clock network delay (propagated)
   0.00    1.09 ^ cpu_inst/_16647_/CLK (sky130_fd_sc_hd__dfxtp_1)
   0.36    1.45 v cpu_inst/_16647_/Q (sky130_fd_sc_hd__dfxtp_1)
   0.00    1.45 v dmem_inst/sram_macro/din0[28] (sky130_sram_1kbyte_1rw1r_32x256_8)
           1.45   data arrival time

   0.00    0.00   clock clk (rise edge)
   1.11    1.11   clock network delay (propagated)
   0.25    1.36   clock uncertainty
   0.00    1.36   clock reconvergence pessimism
           1.36 ^ dmem_inst/sram_macro/clk0 (sky130_sram_1kbyte_1rw1r_32x256_8)
  -0.06    1.30   library hold time
           1.30   data required time
---------------------------------------------------------
           1.30   data required time
          -1.45   data arrival time
---------------------------------------------------------
           0.15   slack (MET)


Startpoint: reset_n (input port clocked by clk)
Endpoint: bus_inst/_297_ (recovery check against rising-edge clock clk)
Path Group: asynchronous
Path Type: max

  Delay    Time   Description
---------------------------------------------------------
   0.00    0.00   clock clk (rise edge)
   0.00    0.00   clock network delay (propagated)
   4.00    4.00 ^ input external delay
   0.44    4.44 ^ reset_n (in)
   0.00    4.44 ^ bus_inst/_297_/RESET_B (sky130_fd_sc_hd__dfrtp_2)
           4.44   data arrival time

  20.00   20.00   clock clk (rise edge)
   1.14   21.14   clock network delay (propagated)
  -0.25   20.89   clock uncertainty
   0.00   20.89   clock reconvergence pessimism
          20.89 ^ bus_inst/_297_/CLK (sky130_fd_sc_hd__dfrtp_2)
  -0.01   20.87   library recovery time
          20.87   data required time
---------------------------------------------------------
          20.87   data required time
          -4.44   data arrival time
---------------------------------------------------------
          16.43   slack (MET)


Startpoint: reset_n (input port clocked by clk)
Endpoint: bus_inst/_298_ (recovery check against rising-edge clock clk)
Path Group: asynchronous
Path Type: max

  Delay    Time   Description
---------------------------------------------------------
   0.00    0.00   clock clk (rise edge)
   0.00    0.00   clock network delay (propagated)
   4.00    4.00 ^ input external delay
   0.20    4.20 ^ reset_n (in)
   0.00    4.20 ^ bus_inst/_298_/RESET_B (sky130_fd_sc_hd__dfrtp_2)
           4.20   data arrival time

  20.00   20.00   clock clk (rise edge)
   1.14   21.14   clock network delay (propagated)
  -0.25   20.89   clock uncertainty
   0.00   20.89   clock reconvergence pessimism
          20.89 ^ bus_inst/_298_/CLK (sky130_fd_sc_hd__dfrtp_2)
   0.14   21.03   library recovery time
          21.03   data required time
---------------------------------------------------------
          21.03   data required time
          -4.20   data arrival time
---------------------------------------------------------
          16.82   slack (MET)


Startpoint: reset_n (input port clocked by clk)
Endpoint: bus_inst/_300_ (recovery check against rising-edge clock clk)
Path Group: asynchronous
Path Type: max

  Delay    Time   Description
---------------------------------------------------------
   0.00    0.00   clock clk (rise edge)
   0.00    0.00   clock network delay (propagated)
   4.00    4.00 ^ input external delay
   0.20    4.20 ^ reset_n (in)
   0.00    4.20 ^ bus_inst/_300_/RESET_B (sky130_fd_sc_hd__dfrtp_1)
           4.20   data arrival time

  20.00   20.00   clock clk (rise edge)
   1.14   21.14   clock network delay (propagated)
  -0.25   20.89   clock uncertainty
   0.00   20.89   clock reconvergence pessimism
          20.89 ^ bus_inst/_300_/CLK (sky130_fd_sc_hd__dfrtp_1)
   0.17   21.06   library recovery time
          21.06   data required time
---------------------------------------------------------
          21.06   data required time
          -4.20   data arrival time
---------------------------------------------------------
          16.86   slack (MET)


Startpoint: reset_n (input port clocked by clk)
Endpoint: bus_inst/_299_ (recovery check against rising-edge clock clk)
Path Group: asynchronous
Path Type: max

  Delay    Time   Description
---------------------------------------------------------
   0.00    0.00   clock clk (rise edge)
   0.00    0.00   clock network delay (propagated)
   4.00    4.00 ^ input external delay
   0.20    4.20 ^ reset_n (in)
   0.00    4.20 ^ bus_inst/_299_/RESET_B (sky130_fd_sc_hd__dfrtp_1)
           4.20   data arrival time

  20.00   20.00   clock clk (rise edge)
   1.14   21.14   clock network delay (propagated)
  -0.25   20.89   clock uncertainty
   0.00   20.89   clock reconvergence pessimism
          20.89 ^ bus_inst/_299_/CLK (sky130_fd_sc_hd__dfrtp_1)
   0.17   21.06   library recovery time
          21.06   data required time
---------------------------------------------------------
          21.06   data required time
          -4.20   data arrival time
---------------------------------------------------------
          16.86   slack (MET)


Startpoint: reset_n (input port clocked by clk)
Endpoint: cpu_inst/_16228_ (rising edge-triggered flip-flop clocked by clk)
Path Group: clk
Path Type: max

  Delay    Time   Description
---------------------------------------------------------
   0.00    0.00   clock clk (rise edge)
   0.00    0.00   clock network delay (propagated)
   4.00    4.00 v input external delay
   0.51    4.51 v reset_n (in)
   1.00    5.50 ^ cpu_inst/_10060_/Y (sky130_fd_sc_hd__nand2_4)
   0.41    5.91 v cpu_inst/_10155_/Y (sky130_fd_sc_hd__nor2_1)
   0.48    6.39 v cpu_inst/_10210_/X (sky130_fd_sc_hd__maj3_1)
   0.42    6.81 v cpu_inst/_10211_/X (sky130_fd_sc_hd__maj3_1)
   0.43    7.25 v cpu_inst/_10213_/X (sky130_fd_sc_hd__maj3_1)
   0.41    7.65 v cpu_inst/_10214_/X (sky130_fd_sc_hd__maj3_1)
   0.40    8.06 v cpu_inst/_10216_/X (sky130_fd_sc_hd__maj3_1)
   0.41    8.46 v cpu_inst/_10217_/X (sky130_fd_sc_hd__maj3_1)
   0.43    8.90 v cpu_inst/_10219_/X (sky130_fd_sc_hd__maj3_1)
   0.42    9.32 v cpu_inst/_10220_/X (sky130_fd_sc_hd__maj3_1)
   0.42    9.74 v cpu_inst/_10222_/X (sky130_fd_sc_hd__maj3_1)
   0.41   10.15 v cpu_inst/_10223_/X (sky130_fd_sc_hd__maj3_1)
   0.42   10.57 v cpu_inst/_10224_/X (sky130_fd_sc_hd__maj3_1)
   0.45   11.01 v cpu_inst/_10225_/X (sky130_fd_sc_hd__maj3_1)
   0.15   11.17 ^ cpu_inst/_10228_/Y (sky130_fd_sc_hd__nand3_1)
   0.15   11.32 v cpu_inst/_10231_/Y (sky130_fd_sc_hd__a31oi_1)
   0.42   11.74 ^ cpu_inst/_10234_/Y (sky130_fd_sc_hd__o21ai_0)
   0.28   12.02 v cpu_inst/_10236_/Y (sky130_fd_sc_hd__a21boi_0)
   0.33   12.34 ^ cpu_inst/_10238_/Y (sky130_fd_sc_hd__o21ai_0)
   0.18   12.52 v cpu_inst/_10242_/Y (sky130_fd_sc_hd__a211oi_1)
   0.29   12.82 ^ cpu_inst/_10247_/Y (sky130_fd_sc_hd__o211ai_1)
   0.20   13.02 v cpu_inst/_10251_/Y (sky130_fd_sc_hd__a21oi_1)
   0.23   13.25 v cpu_inst/_10254_/X (sky130_fd_sc_hd__o22a_1)
   0.34   13.59 ^ cpu_inst/_10255_/Y (sky130_fd_sc_hd__o21ai_0)
   0.23   13.81 ^ cpu_inst/_10257_/X (sky130_fd_sc_hd__a21o_1)
   0.10   13.91 v cpu_inst/_10259_/Y (sky130_fd_sc_hd__a21oi_1)
   0.27   14.18 ^ cpu_inst/_10263_/Y (sky130_fd_sc_hd__o21ai_0)
   0.16   14.34 v cpu_inst/_10266_/Y (sky130_fd_sc_hd__a21oi_1)
   0.36   14.70 v cpu_inst/_14242_/X (sky130_fd_sc_hd__or3_1)
   0.15   14.85 ^ cpu_inst/_14243_/Y (sky130_fd_sc_hd__a21oi_1)
   0.12   14.96 v cpu_inst/_14244_/Y (sky130_fd_sc_hd__o21ai_0)
   0.22   15.18 ^ cpu_inst/_14248_/Y (sky130_fd_sc_hd__a21boi_0)
   0.14   15.32 ^ cpu_inst/_14250_/X (sky130_fd_sc_hd__o21a_1)
   0.00   15.32 ^ cpu_inst/_16228_/D (sky130_fd_sc_hd__dfxtp_1)
          15.32   data arrival time

  20.00   20.00   clock clk (rise edge)
   1.16   21.16   clock network delay (propagated)
  -0.25   20.91   clock uncertainty
   0.00   20.91   clock reconvergence pessimism
          20.91 ^ cpu_inst/_16228_/CLK (sky130_fd_sc_hd__dfxtp_1)
  -0.05   20.86   library setup time
          20.86   data required time
---------------------------------------------------------
          20.86   data required time
         -15.32   data arrival time
---------------------------------------------------------
           5.54   slack (MET)


Startpoint: cpu_inst/_14981_ (rising edge-triggered flip-flop clocked by clk)
Endpoint: cpu_inst/_16346_ (rising edge-triggered flip-flop clocked by clk)
Path Group: clk
Path Type: max

  Delay    Time   Description
---------------------------------------------------------
   0.00    0.00   clock clk (rise edge)
   1.14    1.14   clock network delay (propagated)
   0.00    1.14 ^ cpu_inst/_14981_/CLK (sky130_fd_sc_hd__dfxtp_1)
   0.82    1.96 ^ cpu_inst/_14981_/Q (sky130_fd_sc_hd__dfxtp_1)
   0.23    2.19 ^ cpu_inst/_13247_/Y (sky130_fd_sc_hd__xnor2_1)
   0.19    2.37 v cpu_inst/_13248_/Y (sky130_fd_sc_hd__o21ai_0)
   0.44    2.81 v cpu_inst/_13250_/X (sky130_fd_sc_hd__maj3_1)
   0.42    3.23 v cpu_inst/_13251_/X (sky130_fd_sc_hd__maj3_1)
   0.41    3.65 v cpu_inst/_13253_/X (sky130_fd_sc_hd__maj3_1)
   0.41    4.05 v cpu_inst/_13254_/X (sky130_fd_sc_hd__maj3_1)
   0.41    4.46 v cpu_inst/_13255_/X (sky130_fd_sc_hd__maj3_1)
   0.41    4.87 v cpu_inst/_13256_/X (sky130_fd_sc_hd__maj3_1)
   0.41    5.28 v cpu_inst/_13258_/X (sky130_fd_sc_hd__maj3_1)
   0.41    5.69 v cpu_inst/_13259_/X (sky130_fd_sc_hd__maj3_1)
   0.41    6.09 v cpu_inst/_13260_/X (sky130_fd_sc_hd__maj3_1)
   0.41    6.50 v cpu_inst/_13261_/X (sky130_fd_sc_hd__maj3_1)
   0.42    6.92 v cpu_inst/_13262_/X (sky130_fd_sc_hd__maj3_1)
   0.43    7.35 v cpu_inst/_13263_/X (sky130_fd_sc_hd__maj3_1)
   0.42    7.77 v cpu_inst/_13264_/X (sky130_fd_sc_hd__maj3_1)
   0.42    8.18 v cpu_inst/_13265_/X (sky130_fd_sc_hd__maj3_1)
   0.43    8.61 v cpu_inst/_13267_/X (sky130_fd_sc_hd__maj3_1)
   0.42    9.03 v cpu_inst/_13268_/X (sky130_fd_sc_hd__maj3_1)
   0.41    9.45 v cpu_inst/_13269_/X (sky130_fd_sc_hd__maj3_1)
   0.41    9.86 v cpu_inst/_13270_/X (sky130_fd_sc_hd__maj3_1)
   0.41   10.27 v cpu_inst/_13271_/X (sky130_fd_sc_hd__maj3_1)
   0.48   10.75 v cpu_inst/_13272_/X (sky130_fd_sc_hd__maj3_1)
   0.44   11.18 v cpu_inst/_13273_/X (sky130_fd_sc_hd__maj3_1)
   0.41   11.60 v cpu_inst/_13274_/X (sky130_fd_sc_hd__maj3_1)
   0.42   12.01 v cpu_inst/_13276_/X (sky130_fd_sc_hd__maj3_1)
   0.42   12.43 v cpu_inst/_13277_/X (sky130_fd_sc_hd__maj3_1)
   0.41   12.85 v cpu_inst/_13278_/X (sky130_fd_sc_hd__maj3_1)
   0.42   13.26 v cpu_inst/_13279_/X (sky130_fd_sc_hd__maj3_1)
   0.41   13.68 v cpu_inst/_13281_/X (sky130_fd_sc_hd__maj3_1)
   0.42   14.10 v cpu_inst/_14284_/X (sky130_fd_sc_hd__maj3_1)
   0.39   14.49 v cpu_inst/_14286_/X (sky130_fd_sc_hd__maj3_1)
   0.14   14.63 v cpu_inst/_14288_/Y (sky130_fd_sc_hd__xnor2_1)
   0.39   15.01 ^ cpu_inst/_14293_/Y (sky130_fd_sc_hd__a222oi_1)
   0.10   15.11 v cpu_inst/_14294_/Y (sky130_fd_sc_hd__o31ai_1)
   0.00   15.11 v cpu_inst/_16346_/D (sky130_fd_sc_hd__dfxtp_1)
          15.11   data arrival time

  20.00   20.00   clock clk (rise edge)
   1.15   21.15   clock network delay (propagated)
  -0.25   20.90   clock uncertainty
   0.00   20.90   clock reconvergence pessimism
          20.90 ^ cpu_inst/_16346_/CLK (sky130_fd_sc_hd__dfxtp_1)
  -0.13   20.77   library setup time
          20.77   data required time
---------------------------------------------------------
          20.77   data required time
         -15.11   data arrival time
---------------------------------------------------------
           5.66   slack (MET)


Startpoint: reset_n (input port clocked by clk)
Endpoint: cpu_inst/_16227_ (rising edge-triggered flip-flop clocked by clk)
Path Group: clk
Path Type: max

  Delay    Time   Description
---------------------------------------------------------
   0.00    0.00   clock clk (rise edge)
   0.00    0.00   clock network delay (propagated)
   4.00    4.00 v input external delay
   0.51    4.51 v reset_n (in)
   1.00    5.50 ^ cpu_inst/_10060_/Y (sky130_fd_sc_hd__nand2_4)
   0.41    5.91 v cpu_inst/_10155_/Y (sky130_fd_sc_hd__nor2_1)
   0.48    6.39 v cpu_inst/_10210_/X (sky130_fd_sc_hd__maj3_1)
   0.42    6.81 v cpu_inst/_10211_/X (sky130_fd_sc_hd__maj3_1)
   0.43    7.25 v cpu_inst/_10213_/X (sky130_fd_sc_hd__maj3_1)
   0.41    7.65 v cpu_inst/_10214_/X (sky130_fd_sc_hd__maj3_1)
   0.40    8.06 v cpu_inst/_10216_/X (sky130_fd_sc_hd__maj3_1)
   0.41    8.46 v cpu_inst/_10217_/X (sky130_fd_sc_hd__maj3_1)
   0.43    8.90 v cpu_inst/_10219_/X (sky130_fd_sc_hd__maj3_1)
   0.42    9.32 v cpu_inst/_10220_/X (sky130_fd_sc_hd__maj3_1)
   0.42    9.74 v cpu_inst/_10222_/X (sky130_fd_sc_hd__maj3_1)
   0.41   10.15 v cpu_inst/_10223_/X (sky130_fd_sc_hd__maj3_1)
   0.42   10.57 v cpu_inst/_10224_/X (sky130_fd_sc_hd__maj3_1)
   0.45   11.01 v cpu_inst/_10225_/X (sky130_fd_sc_hd__maj3_1)
   0.15   11.17 ^ cpu_inst/_10228_/Y (sky130_fd_sc_hd__nand3_1)
   0.15   11.32 v cpu_inst/_10231_/Y (sky130_fd_sc_hd__a31oi_1)
   0.42   11.74 ^ cpu_inst/_10234_/Y (sky130_fd_sc_hd__o21ai_0)
   0.28   12.02 v cpu_inst/_10236_/Y (sky130_fd_sc_hd__a21boi_0)
   0.33   12.34 ^ cpu_inst/_10238_/Y (sky130_fd_sc_hd__o21ai_0)
   0.18   12.52 v cpu_inst/_10242_/Y (sky130_fd_sc_hd__a211oi_1)
   0.29   12.82 ^ cpu_inst/_10247_/Y (sky130_fd_sc_hd__o211ai_1)
   0.20   13.02 v cpu_inst/_10251_/Y (sky130_fd_sc_hd__a21oi_1)
   0.23   13.25 v cpu_inst/_10254_/X (sky130_fd_sc_hd__o22a_1)
   0.34   13.59 ^ cpu_inst/_10255_/Y (sky130_fd_sc_hd__o21ai_0)
   0.23   13.81 ^ cpu_inst/_10257_/X (sky130_fd_sc_hd__a21o_1)
   0.10   13.91 v cpu_inst/_10259_/Y (sky130_fd_sc_hd__a21oi_1)
   0.27   14.18 ^ cpu_inst/_10263_/Y (sky130_fd_sc_hd__o21ai_0)
   0.12   14.30 v cpu_inst/_10267_/Y (sky130_fd_sc_hd__nand3_1)
   0.08   14.38 ^ cpu_inst/_10268_/Y (sky130_fd_sc_hd__nand2_1)
   0.07   14.44 v cpu_inst/_10269_/Y (sky130_fd_sc_hd__o22ai_1)
   0.36   14.80 v cpu_inst/_10285_/X (sky130_fd_sc_hd__a221o_1)
   0.21   15.02 ^ cpu_inst/_10286_/Y (sky130_fd_sc_hd__a222oi_1)
   0.06   15.08 v cpu_inst/_10287_/Y (sky130_fd_sc_hd__nor2_1)
   0.00   15.08 v cpu_inst/_16227_/D (sky130_fd_sc_hd__dfxtp_1)
          15.08   data arrival time

  20.00   20.00   clock clk (rise edge)
   1.16   21.16   clock network delay (propagated)
  -0.25   20.91   clock uncertainty
   0.00   20.91   clock reconvergence pessimism
          20.91 ^ cpu_inst/_16227_/CLK (sky130_fd_sc_hd__dfxtp_1)
  -0.11   20.80   library setup time
          20.80   data required time
---------------------------------------------------------
          20.80   data required time
         -15.08   data arrival time
---------------------------------------------------------
           5.72   slack (MET)


Startpoint: dmem_inst/sram_macro
            (falling edge-triggered flip-flop clocked by clk)
Endpoint: cpu_inst/_16496_ (rising edge-triggered flip-flop clocked by clk)
Path Group: clk
Path Type: max

  Delay    Time   Description
---------------------------------------------------------
  10.00   10.00   clock clk (fall edge)
   1.26   11.26   clock network delay (propagated)
   0.00   11.26 v dmem_inst/sram_macro/clk0 (sky130_sram_1kbyte_1rw1r_32x256_8)
   0.36   11.62 ^ dmem_inst/sram_macro/dout0[23] (sky130_sram_1kbyte_1rw1r_32x256_8)
   0.16   11.78 ^ wire169/X (sky130_fd_sc_hd__buf_2)
   0.07   11.85 v bus_inst/_158_/X (sky130_fd_sc_hd__lpflow_isobufsrc_1)
   0.87   12.72 ^ bus_inst/_160_/Y (sky130_fd_sc_hd__o31ai_1)
   0.22   12.94 v cpu_inst/_08544_/Y (sky130_fd_sc_hd__a22oi_1)
   0.15   13.09 ^ cpu_inst/_08545_/Y (sky130_fd_sc_hd__nand2_1)
   0.38   13.47 ^ cpu_inst/_08546_/X (sky130_fd_sc_hd__and2_0)
   0.22   13.69 v cpu_inst/_08548_/Y (sky130_fd_sc_hd__a21oi_2)
   0.92   14.61 ^ cpu_inst/_08802_/Y (sky130_fd_sc_hd__a21oi_1)
   0.24   14.85 ^ cpu_inst/_08803_/X (sky130_fd_sc_hd__a221o_1)
   0.07   14.91 v cpu_inst/_08804_/Y (sky130_fd_sc_hd__a221oi_1)
   0.15   15.07 ^ cpu_inst/_08805_/Y (sky130_fd_sc_hd__nor2_1)
   0.00   15.07 ^ cpu_inst/_16496_/D (sky130_fd_sc_hd__dfxtp_1)
          15.07   data arrival time

  20.00   20.00   clock clk (rise edge)
   1.17   21.17   clock network delay (propagated)
  -0.25   20.92   clock uncertainty
   0.00   20.92   clock reconvergence pessimism
          20.92 ^ cpu_inst/_16496_/CLK (sky130_fd_sc_hd__dfxtp_1)
  -0.07   20.85   library setup time
          20.85   data required time
---------------------------------------------------------
          20.85   data required time
         -15.07   data arrival time
---------------------------------------------------------
           5.79   slack (MET)


Startpoint: dmem_inst/sram_macro
            (falling edge-triggered flip-flop clocked by clk)
Endpoint: cpu_inst/_16492_ (rising edge-triggered flip-flop clocked by clk)
Path Group: clk
Path Type: max

  Delay    Time   Description
---------------------------------------------------------
  10.00   10.00   clock clk (fall edge)
   1.26   11.26   clock network delay (propagated)
   0.00   11.26 v dmem_inst/sram_macro/clk0 (sky130_sram_1kbyte_1rw1r_32x256_8)
   0.46   11.72 v dmem_inst/sram_macro/dout0[15] (sky130_sram_1kbyte_1rw1r_32x256_8)
   0.19   11.91 ^ bus_inst/_190_/X (sky130_fd_sc_hd__lpflow_isobufsrc_1)
   0.24   12.15 v bus_inst/_192_/Y (sky130_fd_sc_hd__o31ai_1)
   0.27   12.42 v cpu_inst/_08543_/X (sky130_fd_sc_hd__a22o_1)
   0.14   12.56 ^ cpu_inst/_08544_/Y (sky130_fd_sc_hd__a22oi_1)
   0.10   12.66 v cpu_inst/_08545_/Y (sky130_fd_sc_hd__nand2_1)
   0.30   12.96 v cpu_inst/_08546_/X (sky130_fd_sc_hd__and2_0)
   0.56   13.52 ^ cpu_inst/_08548_/Y (sky130_fd_sc_hd__a21oi_2)
   0.25   13.76 ^ load_slew13/X (sky130_fd_sc_hd__probe_p_8)
   0.21   13.98 v cpu_inst/_08902_/Y (sky130_fd_sc_hd__a21oi_1)
   0.83   14.81 ^ cpu_inst/_08903_/Y (sky130_fd_sc_hd__a221oi_1)
   0.16   14.97 v cpu_inst/_08904_/Y (sky130_fd_sc_hd__nand3_1)
   0.00   14.97 v cpu_inst/_16492_/D (sky130_fd_sc_hd__dfxtp_1)
          14.97   data arrival time

  20.00   20.00   clock clk (rise edge)
   1.16   21.16   clock network delay (propagated)
  -0.25   20.91   clock uncertainty
   0.00   20.91   clock reconvergence pessimism
          20.91 ^ cpu_inst/_16492_/CLK (sky130_fd_sc_hd__dfxtp_1)
  -0.14   20.77   library setup time
          20.77   data required time
---------------------------------------------------------
          20.77   data required time
         -14.97   data arrival time
---------------------------------------------------------
           5.80   slack (MET)


Routing the MiniSoC...
bash "/home/manal/projects/RiscV-mini-SoC"/scripts/run_flow.sh --design "mini_soc_top" --step route | tee output/route.log
Running Global and Detailed Routing...
OpenROAD v2.0-27886-g745f72f2bf 
Features included (+) or not (-): +GPU +GUI +Python
This program is licensed under the BSD-3 license. See the LICENSE file for details.
Components of this program may be licensed under more restrictive licenses which must be honored.
[INFO ODB-0227] LEF file: /home/manal/OpenROAD/test/sky130hd/sky130hd.tlef, created 13 layers, 25 vias
[WARNING ODB-0220] WARNING (LEFPARS-2008): NOWIREEXTENSIONATPIN statement is obsolete in version 5.6 or later.
The NOWIREEXTENSIONATPIN statement will be ignored. See file /home/manal/OpenROAD/test/sky130hd/sky130_fd_sc_hd.lef at line 2.

[INFO ODB-0227] LEF file: /home/manal/OpenROAD/test/sky130hd/sky130_fd_sc_hd.lef, created 437 library cells
[INFO ODB-0227] LEF file: ../macros/sky130_sram_1kbyte_1rw1r_32x256_8.lef, created 1 library cells
[INFO ODB-0127] Reading DEF file: output/cts.def
[INFO ODB-0128] Design: mini_soc_top
[INFO ODB-0094] 		Created 100000 Insts
[INFO ODB-0130]     Created 5 pins.
[INFO ODB-0131]     Created 179046 components and 756406 component-terminals.
[INFO ODB-0132]     Created 2 special nets and 358092 connections.
[INFO ODB-0133]     Created 11123 nets and 39589 connections.
[INFO ODB-0134] Finished DEF file: output/cts.def
[WARNING GRT-0273] Disabled NDR (to reduce congestion) for net: clknet_0_clk_regs
[WARNING GRT-0273] Disabled NDR (to reduce congestion) for net: clknet_1_0_0_clk_regs
[WARNING GRT-0273] Disabled NDR (to reduce congestion) for net: clk
[WARNING GRT-0273] Disabled NDR (to reduce congestion) for net: clknet_0_clk
[WARNING GRT-0273] Disabled NDR (to reduce congestion) for net: delaynet_4_clk
[WARNING GRT-0273] Disabled NDR (to reduce congestion) for net: delaynet_6_clk
[WARNING GRT-0273] Disabled NDR (to reduce congestion) for net: delaynet_5_clk
[WARNING GRT-0273] Disabled NDR (to reduce congestion) for net: clknet_1_1_0_clk_regs
[WARNING GRT-0273] Disabled NDR (to reduce congestion) for net: delaynet_1_clk
[WARNING GRT-0273] Disabled NDR (to reduce congestion) for net: delaynet_0_clk
[WARNING GRT-0273] Disabled NDR (to reduce congestion) for net: delaynet_2_clk
[WARNING GRT-0273] Disabled NDR (to reduce congestion) for net: delaynet_3_clk
[WARNING GRT-0273] Disabled NDR (to reduce congestion) for net: clk_regs
[INFO DRT-0149] Reading tech and libs.
[WARNING DRT-0349] LEF58_ENCLOSURE with no CUTCLASS is not supported. Skipping for layer mcon
[WARNING DRT-0349] LEF58_ENCLOSURE with no CUTCLASS is not supported. Skipping for layer mcon
[WARNING DRT-0349] LEF58_ENCLOSURE with no CUTCLASS is not supported. Skipping for layer via
[WARNING DRT-0349] LEF58_ENCLOSURE with no CUTCLASS is not supported. Skipping for layer via
[WARNING DRT-0349] LEF58_ENCLOSURE with no CUTCLASS is not supported. Skipping for layer via2
[WARNING DRT-0349] LEF58_ENCLOSURE with no CUTCLASS is not supported. Skipping for layer via2
[WARNING DRT-0349] LEF58_ENCLOSURE with no CUTCLASS is not supported. Skipping for layer via3
[WARNING DRT-0349] LEF58_ENCLOSURE with no CUTCLASS is not supported. Skipping for layer via3
[WARNING DRT-0349] LEF58_ENCLOSURE with no CUTCLASS is not supported. Skipping for layer via4
[WARNING DRT-0349] LEF58_ENCLOSURE with no CUTCLASS is not supported. Skipping for layer via4

Units:                1000
Number of layers:     13
Number of macros:     438
Number of vias:       30
Number of viarulegen: 25

[INFO DRT-0150] Reading design.
[WARNING DRT-0120] Large net reset_n has 180 pins which may impact routing performance. Consider optimization.

Design:                   mini_soc_top
Die area:                 ( 0 0 ) ( 1500000 1500000 )
Number of track patterns: 24
Number of DEF vias:       0
Number of components:     179046
Number of terminals:      5
Number of snets:          2
Number of nets:           11123

[INFO DRT-0167] List of default vias:
  Layer via
    default via: M1M2_PR
  Layer via2
    default via: M2M3_PR
  Layer via3
    default via: M3M4_PR
  Layer via4
    default via: M4M5_PR
[INFO DRT-0162] Library cell analysis.
[INFO DRT-0163] Instance analysis.
  Complete 100000 instances.
[INFO DRT-0164] Number of unique instances = 1782.
[INFO DRT-0168] Init region query.
[INFO DRT-0018]   Complete 100000 insts.
[INFO DRT-0024]   Complete FR_MASTERSLICE.
[INFO DRT-0024]   Complete Fr_VIA.
[INFO DRT-0024]   Complete li1.
[INFO DRT-0024]   Complete mcon.
[INFO DRT-0024]   Complete met1.
[INFO DRT-0024]   Complete via.
[INFO DRT-0024]   Complete met2.
[INFO DRT-0024]   Complete via2.
[INFO DRT-0024]   Complete met3.
[INFO DRT-0024]   Complete via3.
[INFO DRT-0024]   Complete met4.
[INFO DRT-0024]   Complete via4.
[INFO DRT-0024]   Complete met5.
[INFO DRT-0033] FR_MASTERSLICE shape region query size = 0.
[INFO DRT-0033] FR_VIA shape region query size = 0.
[INFO DRT-0033] li1 shape region query size = 676532.
[INFO DRT-0033] mcon shape region query size = 2717356.
[INFO DRT-0033] met1 shape region query size = 400159.
[INFO DRT-0033] via shape region query size = 73687.
[INFO DRT-0033] met2 shape region query size = 44213.
[INFO DRT-0033] via2 shape region query size = 58956.
[INFO DRT-0033] met3 shape region query size = 44314.
[INFO DRT-0033] via3 shape region query size = 58960.
[INFO DRT-0033] met4 shape region query size = 16686.
[INFO DRT-0033] via4 shape region query size = 1377.
[INFO DRT-0033] met5 shape region query size = 1461.
[INFO DRT-0165] Start pin access.
[INFO DRT-0076]   Complete 1000 pins.
[INFO DRT-0076]   Complete 2000 pins.
[INFO DRT-0076]   Complete 3000 pins.
[INFO DRT-0076]   Complete 4000 pins.
[INFO DRT-0076]   Complete 5000 pins.
[INFO DRT-0076]   Complete 6000 pins.
[INFO DRT-0076]   Complete 7000 pins.
[INFO DRT-0076]   Complete 8000 pins.
[INFO DRT-0076]   Complete 9000 pins.
[INFO DRT-0076]   Complete 10000 pins.
[ERROR DRT-0073] No access point for load_slew100/A (sky130_fd_sc_hd__buf_6).
[ERROR DRT-0073] No access point for load_slew102/A (sky130_fd_sc_hd__buf_4).
[ERROR DRT-0073] No access point for load_slew104/A (sky130_fd_sc_hd__buf_12).
[ERROR DRT-0073] No access point for load_slew105/A (sky130_fd_sc_hd__buf_12).
[ERROR DRT-0073] No access point for load_slew106/A (sky130_fd_sc_hd__buf_12).
[ERROR DRT-0073] No access point for load_slew108/A (sky130_fd_sc_hd__clkbuf_4).
[ERROR DRT-0073] No access point for load_slew109/A (sky130_fd_sc_hd__buf_4).
[ERROR DRT-0073] No access point for load_slew111/A (sky130_fd_sc_hd__buf_4).
[ERROR DRT-0073] No access point for load_slew113/A (sky130_fd_sc_hd__buf_16).
[ERROR DRT-0073] No access point for load_slew117/A (sky130_fd_sc_hd__buf_16).
[ERROR DRT-0073] No access point for load_slew119/A (sky130_fd_sc_hd__probe_p_8).
[ERROR DRT-0073] No access point for load_slew120/A (sky130_fd_sc_hd__buf_16).
[ERROR DRT-0073] No access point for load_slew121/A (sky130_fd_sc_hd__buf_16).
[ERROR DRT-0073] No access point for load_slew122/A (sky130_fd_sc_hd__buf_12).
[ERROR DRT-0073] No access point for load_slew13/A (sky130_fd_sc_hd__probe_p_8).
[ERROR DRT-0073] No access point for load_slew141/A (sky130_fd_sc_hd__clkbuf_4).
[ERROR DRT-0073] No access point for load_slew148/A (sky130_fd_sc_hd__buf_16).
[ERROR DRT-0073] No access point for load_slew149/A (sky130_fd_sc_hd__buf_12).
[ERROR DRT-0073] No access point for load_slew151/A (sky130_fd_sc_hd__buf_16).
[ERROR DRT-0073] No access point for load_slew16/A (sky130_fd_sc_hd__buf_12).
[ERROR DRT-0073] No access point for load_slew162/A (sky130_fd_sc_hd__buf_6).
[ERROR DRT-0073] No access point for load_slew17/A (sky130_fd_sc_hd__buf_12).
[ERROR DRT-0073] No access point for load_slew172/A (sky130_fd_sc_hd__clkbuf_1).
[ERROR DRT-0073] No access point for load_slew174/A (sky130_fd_sc_hd__clkbuf_2).
[ERROR DRT-0073] No access point for load_slew175/A (sky130_fd_sc_hd__clkbuf_2).
[ERROR DRT-0073] No access point for load_slew177/A (sky130_fd_sc_hd__dlymetal6s2s_1).
[ERROR DRT-0073] No access point for load_slew178/A (sky130_fd_sc_hd__clkbuf_2).
[ERROR DRT-0073] No access point for load_slew18/A (sky130_fd_sc_hd__buf_12).
[ERROR DRT-0073] No access point for load_slew181/A (sky130_fd_sc_hd__probe_p_8).
[ERROR DRT-0073] No access point for load_slew19/A (sky130_fd_sc_hd__buf_12).
[ERROR DRT-0073] No access point for load_slew194/A (sky130_fd_sc_hd__buf_8).
[ERROR DRT-0073] No access point for load_slew197/A (sky130_fd_sc_hd__buf_12).
[ERROR DRT-0073] No access point for load_slew199/A (sky130_fd_sc_hd__buf_12).
[ERROR DRT-0073] No access point for load_slew20/A (sky130_fd_sc_hd__buf_16).
[ERROR DRT-0073] No access point for load_slew200/A (sky130_fd_sc_hd__buf_12).
[ERROR DRT-0073] No access point for load_slew201/A (sky130_fd_sc_hd__buf_12).
[ERROR DRT-0073] No access point for load_slew203/A (sky130_fd_sc_hd__buf_12).
[ERROR DRT-0073] No access point for load_slew204/A (sky130_fd_sc_hd__buf_16).
[ERROR DRT-0073] No access point for load_slew205/A (sky130_fd_sc_hd__buf_12).
[ERROR DRT-0073] No access point for load_slew209/A (sky130_fd_sc_hd__buf_16).
[ERROR DRT-0073] No access point for load_slew21/A (sky130_fd_sc_hd__buf_16).
[ERROR DRT-0073] No access point for load_slew210/A (sky130_fd_sc_hd__buf_12).
[ERROR DRT-0073] No access point for load_slew212/A (sky130_fd_sc_hd__buf_16).
[ERROR DRT-0073] No access point for load_slew213/A (sky130_fd_sc_hd__buf_16).
[ERROR DRT-0073] No access point for load_slew214/A (sky130_fd_sc_hd__buf_12).
[ERROR DRT-0073] No access point for load_slew215/A (sky130_fd_sc_hd__buf_16).
[ERROR DRT-0073] No access point for load_slew216/A (sky130_fd_sc_hd__buf_16).
[ERROR DRT-0073] No access point for load_slew220/A (sky130_fd_sc_hd__buf_16).
[ERROR DRT-0073] No access point for load_slew222/A (sky130_fd_sc_hd__buf_12).
[ERROR DRT-0073] No access point for load_slew223/A (sky130_fd_sc_hd__buf_16).
[ERROR DRT-0073] No access point for load_slew225/A (sky130_fd_sc_hd__buf_16).
[ERROR DRT-0073] No access point for load_slew23/A (sky130_fd_sc_hd__buf_16).
[ERROR DRT-0073] No access point for load_slew230/A (sky130_fd_sc_hd__buf_16).
[ERROR DRT-0073] No access point for load_slew232/A (sky130_fd_sc_hd__buf_16).
[ERROR DRT-0073] No access point for load_slew235/A (sky130_fd_sc_hd__buf_12).
[ERROR DRT-0073] No access point for load_slew236/A (sky130_fd_sc_hd__buf_16).
[ERROR DRT-0073] No access point for load_slew237/A (sky130_fd_sc_hd__buf_12).
[ERROR DRT-0073] No access point for load_slew239/X (sky130_fd_sc_hd__buf_12).
[ERROR DRT-0073] No access point for load_slew241/A (sky130_fd_sc_hd__buf_16).
[ERROR DRT-0073] No access point for load_slew242/A (sky130_fd_sc_hd__buf_16).
[ERROR DRT-0073] No access point for load_slew243/A (sky130_fd_sc_hd__buf_16).
[ERROR DRT-0073] No access point for load_slew245/A (sky130_fd_sc_hd__buf_16).
[ERROR DRT-0073] No access point for load_slew255/A (sky130_fd_sc_hd__buf_16).
[ERROR DRT-0073] No access point for load_slew256/A (sky130_fd_sc_hd__buf_16).
[ERROR DRT-0073] No access point for load_slew257/X (sky130_fd_sc_hd__buf_12).
[ERROR DRT-0073] No access point for load_slew258/A (sky130_fd_sc_hd__buf_16).
[ERROR DRT-0073] No access point for load_slew259/A (sky130_fd_sc_hd__buf_16).
[ERROR DRT-0073] No access point for load_slew26/A (sky130_fd_sc_hd__buf_16).
[ERROR DRT-0073] No access point for load_slew269/A (sky130_fd_sc_hd__buf_12).
[ERROR DRT-0073] No access point for load_slew27/A (sky130_fd_sc_hd__buf_16).
[ERROR DRT-0073] No access point for load_slew29/A (sky130_fd_sc_hd__buf_16).
[ERROR DRT-0073] No access point for load_slew30/A (sky130_fd_sc_hd__buf_12).
[ERROR DRT-0073] No access point for load_slew32/A (sky130_fd_sc_hd__buf_16).
[ERROR DRT-0073] No access point for load_slew33/A (sky130_fd_sc_hd__buf_16).
[ERROR DRT-0073] No access point for load_slew35/A (sky130_fd_sc_hd__buf_16).
[ERROR DRT-0073] No access point for load_slew38/A (sky130_fd_sc_hd__buf_16).
[ERROR DRT-0073] No access point for load_slew43/A (sky130_fd_sc_hd__buf_16).
[ERROR DRT-0073] No access point for load_slew45/A (sky130_fd_sc_hd__buf_16).
[ERROR DRT-0073] No access point for load_slew48/A (sky130_fd_sc_hd__buf_16).
[ERROR DRT-0073] No access point for load_slew49/A (sky130_fd_sc_hd__buf_16).
[ERROR DRT-0073] No access point for load_slew53/A (sky130_fd_sc_hd__buf_12).
[ERROR DRT-0073] No access point for load_slew57/A (sky130_fd_sc_hd__clkbuf_8).
[ERROR DRT-0073] No access point for load_slew58/A (sky130_fd_sc_hd__buf_6).
[ERROR DRT-0073] No access point for load_slew59/X (sky130_fd_sc_hd__buf_6).
[ERROR DRT-0073] No access point for load_slew60/A (sky130_fd_sc_hd__buf_6).
[ERROR DRT-0073] No access point for load_slew61/A (sky130_fd_sc_hd__buf_12).
[ERROR DRT-0073] No access point for load_slew7/A (sky130_fd_sc_hd__probe_p_8).
[ERROR DRT-0073] No access point for load_slew71/A (sky130_fd_sc_hd__buf_6).
[ERROR DRT-0073] No access point for load_slew73/A (sky130_fd_sc_hd__buf_6).
[ERROR DRT-0073] No access point for load_slew76/A (sky130_fd_sc_hd__buf_12).
[ERROR DRT-0073] No access point for load_slew77/A (sky130_fd_sc_hd__buf_12).
[ERROR DRT-0073] No access point for load_slew83/A (sky130_fd_sc_hd__probe_p_8).
[ERROR DRT-0073] No access point for load_slew86/A (sky130_fd_sc_hd__buf_4).
[ERROR DRT-0073] No access point for load_slew87/A (sky130_fd_sc_hd__buf_12).
[ERROR DRT-0073] No access point for load_slew90/A (sky130_fd_sc_hd__buf_12).
[ERROR DRT-0073] No access point for load_slew95/A (sky130_fd_sc_hd__buf_6).
[ERROR DRT-0073] No access point for load_slew98/A (sky130_fd_sc_hd__buf_6).
[ERROR DRT-0073] No access point for load_slew99/A (sky130_fd_sc_hd__buf_6).
[ERROR DRT-0073] No access point for max_cap107/A (sky130_fd_sc_hd__buf_6).
[ERROR DRT-0073] No access point for max_cap110/X (sky130_fd_sc_hd__buf_6).
[ERROR DRT-0073] No access point for max_cap112/A (sky130_fd_sc_hd__buf_6).
[ERROR DRT-0073] No access point for max_cap161/A (sky130_fd_sc_hd__buf_12).
[ERROR DRT-0073] No access point for max_cap247/A (sky130_fd_sc_hd__buf_16).
[ERROR DRT-0073] No access point for max_cap36/A (sky130_fd_sc_hd__buf_16).
[ERROR DRT-0073] No access point for max_cap93/A (sky130_fd_sc_hd__probe_p_8).
[ERROR DRT-0073] No access point for wire101/A (sky130_fd_sc_hd__buf_12).
[ERROR DRT-0073] No access point for wire103/X (sky130_fd_sc_hd__buf_12).
[ERROR DRT-0073] No access point for wire11/A (sky130_fd_sc_hd__probe_p_8).
[ERROR DRT-0073] No access point for wire114/A (sky130_fd_sc_hd__buf_16).
[ERROR DRT-0073] No access point for wire115/A (sky130_fd_sc_hd__buf_12).
[ERROR DRT-0073] No access point for wire116/A (sky130_fd_sc_hd__buf_12).
[ERROR DRT-0073] No access point for wire118/A (sky130_fd_sc_hd__buf_16).
[ERROR DRT-0073] No access point for wire12/A (sky130_fd_sc_hd__probe_p_8).
[ERROR DRT-0073] No access point for wire123/A (sky130_fd_sc_hd__buf_4).
[ERROR DRT-0073] No access point for wire124/A (sky130_fd_sc_hd__buf_4).
[ERROR DRT-0073] No access point for wire125/A (sky130_fd_sc_hd__buf_4).
[ERROR DRT-0073] No access point for wire126/A (sky130_fd_sc_hd__buf_4).
[ERROR DRT-0073] No access point for wire127/A (sky130_fd_sc_hd__buf_4).
[ERROR DRT-0073] No access point for wire128/A (sky130_fd_sc_hd__buf_2).
[ERROR DRT-0073] No access point for wire129/A (sky130_fd_sc_hd__buf_4).
[ERROR DRT-0073] No access point for wire130/A (sky130_fd_sc_hd__buf_4).
[ERROR DRT-0073] No access point for wire131/A (sky130_fd_sc_hd__buf_4).
[ERROR DRT-0073] No access point for wire132/A (sky130_fd_sc_hd__buf_4).
[ERROR DRT-0073] No access point for wire133/A (sky130_fd_sc_hd__buf_4).
[ERROR DRT-0073] No access point for wire134/A (sky130_fd_sc_hd__buf_6).
[ERROR DRT-0073] No access point for wire135/A (sky130_fd_sc_hd__clkbuf_8).
[ERROR DRT-0073] No access point for wire136/A (sky130_fd_sc_hd__buf_6).
[ERROR DRT-0073] No access point for wire138/A (sky130_fd_sc_hd__buf_6).
[ERROR DRT-0073] No access point for wire14/A (sky130_fd_sc_hd__buf_12).
[ERROR DRT-0073] No access point for wire143/A (sky130_fd_sc_hd__clkbuf_4).
[ERROR DRT-0073] No access point for wire144/A (sky130_fd_sc_hd__buf_4).
[ERROR DRT-0073] No access point for wire146/A (sky130_fd_sc_hd__buf_16).
[ERROR DRT-0073] No access point for wire147/A (sky130_fd_sc_hd__buf_16).
[ERROR DRT-0073] No access point for wire153/A (sky130_fd_sc_hd__buf_16).
[ERROR DRT-0073] No access point for wire157/A (sky130_fd_sc_hd__buf_16).
[ERROR DRT-0073] No access point for wire158/A (sky130_fd_sc_hd__buf_16).
[ERROR DRT-0073] No access point for wire159/A (sky130_fd_sc_hd__buf_16).
[ERROR DRT-0073] No access point for wire160/A (sky130_fd_sc_hd__buf_16).
[ERROR DRT-0073] No access point for wire163/A (sky130_fd_sc_hd__buf_16).
[ERROR DRT-0073] No access point for wire164/A (sky130_fd_sc_hd__buf_8).
[ERROR DRT-0073] No access point for wire165/A (sky130_fd_sc_hd__buf_2).
[ERROR DRT-0073] No access point for wire167/A (sky130_fd_sc_hd__buf_2).
[ERROR DRT-0073] No access point for wire168/A (sky130_fd_sc_hd__buf_2).
[ERROR DRT-0073] No access point for wire169/A (sky130_fd_sc_hd__buf_2).
[ERROR DRT-0073] No access point for wire171/A (sky130_fd_sc_hd__buf_2).
[ERROR DRT-0073] No access point for wire202/A (sky130_fd_sc_hd__buf_16).
[ERROR DRT-0073] No access point for wire207/A (sky130_fd_sc_hd__buf_12).
[ERROR DRT-0073] No access point for wire211/A (sky130_fd_sc_hd__buf_16).
[ERROR DRT-0073] No access point for wire217/A (sky130_fd_sc_hd__buf_16).
[ERROR DRT-0073] No access point for wire218/A (sky130_fd_sc_hd__buf_16).
[ERROR DRT-0073] No access point for wire219/A (sky130_fd_sc_hd__buf_16).
[ERROR DRT-0073] No access point for wire221/A (sky130_fd_sc_hd__buf_16).
[ERROR DRT-0073] No access point for wire224/A (sky130_fd_sc_hd__buf_16).
[ERROR DRT-0073] No access point for wire226/A (sky130_fd_sc_hd__buf_16).
[ERROR DRT-0073] No access point for wire228/A (sky130_fd_sc_hd__buf_16).
[ERROR DRT-0073] No access point for wire229/A (sky130_fd_sc_hd__buf_16).
[ERROR DRT-0073] No access point for wire234/A (sky130_fd_sc_hd__buf_16).
[ERROR DRT-0073] No access point for wire24/A (sky130_fd_sc_hd__buf_16).
[ERROR DRT-0073] No access point for wire240/A (sky130_fd_sc_hd__buf_16).
[ERROR DRT-0073] No access point for wire248/A (sky130_fd_sc_hd__buf_16).
[ERROR DRT-0073] No access point for wire25/A (sky130_fd_sc_hd__buf_16).
[ERROR DRT-0073] No access point for wire250/A (sky130_fd_sc_hd__buf_16).
[ERROR DRT-0073] No access point for wire251/A (sky130_fd_sc_hd__buf_16).
[ERROR DRT-0073] No access point for wire254/A (sky130_fd_sc_hd__buf_16).
[ERROR DRT-0073] No access point for wire31/A (sky130_fd_sc_hd__buf_16).
[ERROR DRT-0073] No access point for wire34/A (sky130_fd_sc_hd__buf_16).
[ERROR DRT-0073] No access point for wire37/A (sky130_fd_sc_hd__probec_p_8).
[ERROR DRT-0073] No access point for wire39/A (sky130_fd_sc_hd__buf_16).
[ERROR DRT-0073] No access point for wire40/A (sky130_fd_sc_hd__buf_16).
[ERROR DRT-0073] No access point for wire41/A (sky130_fd_sc_hd__buf_16).
[ERROR DRT-0073] No access point for wire42/A (sky130_fd_sc_hd__buf_16).
[ERROR DRT-0073] No access point for wire44/A (sky130_fd_sc_hd__buf_16).
[ERROR DRT-0073] No access point for wire46/A (sky130_fd_sc_hd__buf_16).
[ERROR DRT-0073] No access point for wire47/A (sky130_fd_sc_hd__buf_16).
[ERROR DRT-0073] No access point for wire51/A (sky130_fd_sc_hd__buf_16).
[ERROR DRT-0073] No access point for wire52/A (sky130_fd_sc_hd__buf_16).
[ERROR DRT-0073] No access point for wire55/A (sky130_fd_sc_hd__buf_16).
[ERROR DRT-0073] No access point for wire62/A (sky130_fd_sc_hd__buf_4).
[ERROR DRT-0073] No access point for wire63/A (sky130_fd_sc_hd__buf_4).
[ERROR DRT-0073] No access point for wire64/A (sky130_fd_sc_hd__buf_4).
[ERROR DRT-0073] No access point for wire65/A (sky130_fd_sc_hd__buf_4).
[ERROR DRT-0073] No access point for wire66/A (sky130_fd_sc_hd__buf_4).
[ERROR DRT-0073] No access point for wire67/A (sky130_fd_sc_hd__buf_4).
[ERROR DRT-0073] No access point for wire68/A (sky130_fd_sc_hd__buf_6).
[ERROR DRT-0073] No access point for wire69/A (sky130_fd_sc_hd__clkbuf_4).
[ERROR DRT-0073] No access point for wire70/A (sky130_fd_sc_hd__buf_6).
[ERROR DRT-0073] No access point for wire74/A (sky130_fd_sc_hd__buf_6).
[ERROR DRT-0073] No access point for wire75/A (sky130_fd_sc_hd__buf_16).
[ERROR DRT-0073] No access point for wire8/A (sky130_fd_sc_hd__probec_p_8).
[ERROR DRT-0073] No access point for wire82/A (sky130_fd_sc_hd__buf_12).
[ERROR DRT-0073] No access point for wire84/A (sky130_fd_sc_hd__buf_4).
[ERROR DRT-0073] No access point for wire85/A (sky130_fd_sc_hd__buf_6).
[ERROR DRT-0073] No access point for wire88/A (sky130_fd_sc_hd__buf_12).
[ERROR DRT-0073] No access point for wire91/A (sky130_fd_sc_hd__buf_6).
[ERROR DRT-0073] No access point for wire92/A (sky130_fd_sc_hd__buf_6).
[ERROR DRT-0073] No access point for wire94/A (sky130_fd_sc_hd__buf_6).
[ERROR DRT-0073] No access point for wire96/A (sky130_fd_sc_hd__clkbuf_2).
[ERROR DRT-0073] No access point for wire97/A (sky130_fd_sc_hd__buf_6).
DRT-0073
[INFO GRT-0012] Found 211 antenna violations.
[INFO GRT-0302] Inserted 225 jumpers for 170 nets.
[INFO GRT-0012] Found 54 antenna violations.
[WARNING GRT-0243] Unable to repair antennas on net with diodes.
[WARNING DPL-0037] Use remove_fillers before detailed placement.
[INFO DPL-0034] Detailed placement failed on the following 1225 instances:
[INFO DPL-0035]  FILLER_521_2965
[INFO DPL-0035]  FILLER_521_2965
[INFO DPL-0035]  FILLER_521_2965
[INFO DPL-0035]  FILLER_515_3001
[INFO DPL-0035]  FILLER_515_3001
[INFO DPL-0035]  FILLER_515_3001
[INFO DPL-0035]  FILLER_515_3001
[INFO DPL-0035]  FILLER_513_3013
[INFO DPL-0035]  FILLER_512_3020
[INFO DPL-0035]  FILLER_525_2944
[INFO DPL-0035]  FILLER_525_2944
[INFO DPL-0035]  FILLER_525_2944
[INFO DPL-0035]  FILLER_525_2944
[INFO DPL-0035]  FILLER_499_3099
[INFO DPL-0035]  FILLER_507_3052
[INFO DPL-0035]  FILLER_507_3052
[INFO DPL-0035]  FILLER_507_3052
[INFO DPL-0035]  FILLER_517_2993
[INFO DPL-0035]  FILLER_502_3082
[INFO DPL-0035]  FILLER_502_3082
[INFO DPL-0035]  FILLER_524_2952
[INFO DPL-0035]  FILLER_524_2952
[INFO DPL-0035]  FILLER_510_3035
[INFO DPL-0035]  FILLER_510_3035
[INFO DPL-0035]  FILLER_511_3030
[INFO DPL-0035]  FILLER_511_3030
[INFO DPL-0035]  FILLER_516_3001
[INFO DPL-0035]  FILLER_514_3013
[INFO DPL-0035]  FILLER_520_2978
[INFO DPL-0035]  FILLER_520_2978
[INFO DPL-0035]  FILLER_506_3061
[INFO DPL-0035]  FILLER_521_2973
[INFO DPL-0035]  FILLER_515_3009
[INFO DPL-0035]  FILLER_500_3098
[INFO DPL-0035]  FILLER_519_2986
[INFO DPL-0035]  FILLER_519_2986
[INFO DPL-0035]  FILLER_519_2986
[INFO DPL-0035]  FILLER_498_3111
[INFO DPL-0035]  FILLER_525_2952
[INFO DPL-0035]  FILLER_525_2952
[INFO DPL-0035]  FILLER_525_2952
[INFO DPL-0035]  FILLER_525_2952
[INFO DPL-0035]  FILLER_505_3071
[INFO DPL-0035]  FILLER_499_3107
[INFO DPL-0035]  FILLER_507_3060
[INFO DPL-0035]  FILLER_510_3043
[INFO DPL-0035]  FILLER_509_3049
[INFO DPL-0035]  FILLER_509_3049
[INFO DPL-0035]  FILLER_518_2996
[INFO DPL-0035]  FILLER_511_3038
[INFO DPL-0035]  FILLER_516_3009
[INFO DPL-0035]  FILLER_516_3009
[INFO DPL-0035]  FILLER_514_3021
[INFO DPL-0035]  FILLER_514_3021
[INFO DPL-0035]  FILLER_520_2986
[INFO DPL-0035]  FILLER_520_2986
[INFO DPL-0035]  FILLER_506_3069
[INFO DPL-0035]  FILLER_506_3069
[INFO DPL-0035]  FILLER_506_3069
[INFO DPL-0035]  FILLER_522_2975
[INFO DPL-0035]  FILLER_515_3017
[INFO DPL-0035]  FILLER_526_2952
[INFO DPL-0035]  FILLER_526_2952
[INFO DPL-0035]  FILLER_512_3036
[INFO DPL-0035]  FILLER_498_3119
[INFO DPL-0035]  FILLER_503_3090
[INFO DPL-0035]  FILLER_503_3090
[INFO DPL-0035]  FILLER_525_2960
[INFO DPL-0035]  FILLER_525_2960
[INFO DPL-0035]  FILLER_523_2972
[INFO DPL-0035]  FILLER_523_2972
[INFO DPL-0035]  FILLER_505_3079
[INFO DPL-0035]  FILLER_505_3079
[INFO DPL-0035]  FILLER_499_3115
[INFO DPL-0035]  FILLER_517_3009
[INFO DPL-0035]  FILLER_517_3009
[INFO DPL-0035]  FILLER_502_3098
[INFO DPL-0035]  FILLER_524_2968
[INFO DPL-0035]  FILLER_510_3051
[INFO DPL-0035]  FILLER_518_3004
[INFO DPL-0035]  FILLER_518_3004
[INFO DPL-0035]  FILLER_511_3046
[INFO DPL-0035]  FILLER_527_2952
[INFO DPL-0035]  FILLER_527_2952
[INFO DPL-0035]  FILLER_514_3029
[INFO DPL-0035]  FILLER_514_3029
[INFO DPL-0035]  FILLER_514_3029
[INFO DPL-0035]  FILLER_520_2994
[INFO DPL-0035]  FILLER_508_3065
[INFO DPL-0035]  FILLER_508_3065
[INFO DPL-0035]  FILLER_506_3077
[INFO DPL-0035]  FILLER_522_2983
[INFO DPL-0035]  FILLER_522_2983
[INFO DPL-0035]  FILLER_521_2989
[INFO DPL-0035]  FILLER_500_3114
[INFO DPL-0035]  FILLER_500_3114
[INFO DPL-0035]  FILLER_519_3002
[INFO DPL-0035]  FILLER_512_3044
[INFO DPL-0035]  FILLER_512_3044
[INFO DPL-0035]  FILLER_525_2968
[INFO DPL-0035]  FILLER_523_2980
[INFO DPL-0035]  FILLER_523_2980
[INFO DPL-0035]  FILLER_505_3087
[INFO DPL-0035]  FILLER_507_3076
[INFO DPL-0035]  FILLER_507_3076
[INFO DPL-0035]  FILLER_502_3106
[INFO DPL-0035]  FILLER_502_3106
[INFO DPL-0035]  FILLER_516_3025
[INFO DPL-0035]  FILLER_527_2960
[INFO DPL-0035]  FILLER_506_3085
[INFO DPL-0035]  FILLER_522_2991
[INFO DPL-0035]  FILLER_521_2997
[INFO DPL-0035]  FILLER_515_3033
[INFO DPL-0035]  FILLER_526_2968
[INFO DPL-0035]  FILLER_513_3045
[INFO DPL-0035]  FILLER_513_3045
[INFO DPL-0035]  FILLER_513_3045
[INFO DPL-0035]  FILLER_519_3010
[INFO DPL-0035]  FILLER_503_3106
[INFO DPL-0035]  FILLER_525_2976
[INFO DPL-0035]  FILLER_525_2976
[INFO DPL-0035]  FILLER_525_2976
[INFO DPL-0035]  FILLER_507_3084
[INFO DPL-0035]  FILLER_507_3084
[INFO DPL-0035]  FILLER_502_3114
[INFO DPL-0035]  FILLER_524_2984
[INFO DPL-0035]  FILLER_510_3067
[INFO DPL-0035]  FILLER_509_3073
[INFO DPL-0035]  FILLER_518_3020
[INFO DPL-0035]  FILLER_518_3020
[INFO DPL-0035]  FILLER_518_3020
[INFO DPL-0035]  FILLER_518_3020
[INFO DPL-0035]  FILLER_504_3103
[INFO DPL-0035]  FILLER_511_3062
[INFO DPL-0035]  FILLER_516_3033
[INFO DPL-0035]  FILLER_527_2968
[INFO DPL-0035]  FILLER_514_3045
[INFO DPL-0035]  FILLER_514_3045
[INFO DPL-0035]  FILLER_520_3010
[INFO DPL-0035]  FILLER_520_3010
[INFO DPL-0035]  FILLER_520_3010
[INFO DPL-0035]  FILLER_522_2999
[INFO DPL-0035]  FILLER_522_2999
[INFO DPL-0035]  FILLER_519_3018
[INFO DPL-0035]  FILLER_512_3060
[INFO DPL-0035]  FILLER_512_3060
[INFO DPL-0035]  FILLER_503_3114
[INFO DPL-0035]  FILLER_525_2984
[INFO DPL-0035]  FILLER_525_2984
[INFO DPL-0035]  FILLER_505_3103
[INFO DPL-0035]  FILLER_507_3092
[INFO DPL-0035]  FILLER_507_3092
[INFO DPL-0035]  FILLER_517_3033
[INFO DPL-0035]  FILLER_509_3081
[INFO DPL-0035]  FILLER_509_3081
[INFO DPL-0035]  FILLER_518_3028
[INFO DPL-0035]  FILLER_518_3028
[INFO DPL-0035]  FILLER_518_3028
[INFO DPL-0035]  FILLER_527_2976
[INFO DPL-0035]  FILLER_514_3053
[INFO DPL-0035]  FILLER_506_3101
[INFO DPL-0035]  FILLER_522_3007
[INFO DPL-0035]  FILLER_522_3007
[INFO DPL-0035]  FILLER_522_3007
[INFO DPL-0035]  FILLER_521_3013
[INFO DPL-0035]  FILLER_515_3049
[INFO DPL-0035]  FILLER_526_2984
[INFO DPL-0035]  FILLER_526_2984
[INFO DPL-0035]  FILLER_513_3061
[INFO DPL-0035]  FILLER_519_3026
[INFO DPL-0035]  FILLER_519_3026
[INFO DPL-0035]  FILLER_512_3068
[INFO DPL-0035]  FILLER_525_2992
[INFO DPL-0035]  FILLER_507_3100
[INFO DPL-0035]  FILLER_507_3100
[INFO DPL-0035]  FILLER_509_3089
[INFO DPL-0035]  FILLER_509_3089
[INFO DPL-0035]  FILLER_518_3036
[INFO DPL-0035]  FILLER_518_3036
[INFO DPL-0035]  FILLER_518_3036
[INFO DPL-0035]  FILLER_504_3119
[INFO DPL-0035]  FILLER_511_3078
[INFO DPL-0035]  FILLER_511_3078
[INFO DPL-0035]  FILLER_527_2984
[INFO DPL-0035]  FILLER_514_3061
[INFO DPL-0035]  FILLER_514_3061
[INFO DPL-0035]  FILLER_520_3026
[INFO DPL-0035]  FILLER_521_3021
[INFO DPL-0035]  FILLER_521_3021
[INFO DPL-0035]  FILLER_521_3021
[INFO DPL-0035]  FILLER_513_3069
[INFO DPL-0035]  FILLER_519_3034
[INFO DPL-0035]  FILLER_525_3000
[INFO DPL-0035]  FILLER_525_3000
[INFO DPL-0035]  FILLER_523_3012
[INFO DPL-0035]  FILLER_505_3119
[INFO DPL-0035]  FILLER_505_3119
[INFO DPL-0035]  FILLER_524_3008
[INFO DPL-0035]  FILLER_524_3008
[INFO DPL-0035]  FILLER_510_3091
[INFO DPL-0035]  FILLER_510_3091
[INFO DPL-0035]  FILLER_510_3091
[INFO DPL-0035]  FILLER_511_3086
[INFO DPL-0035]  FILLER_511_3086
[INFO DPL-0035]  FILLER_516_3057
[INFO DPL-0035]  FILLER_527_2992
[INFO DPL-0035]  FILLER_527_2992
[INFO DPL-0035]  FILLER_514_3069
[INFO DPL-0035]  FILLER_514_3069
[INFO DPL-0035]  FILLER_520_3034
[INFO DPL-0035]  FILLER_508_3105
[INFO DPL-0035]  FILLER_506_3117
[INFO DPL-0035]  FILLER_506_3117
[INFO DPL-0035]  FILLER_506_3117
[INFO DPL-0035]  FILLER_522_3023
[INFO DPL-0035]  FILLER_515_3065
[INFO DPL-0035]  FILLER_515_3065
[INFO DPL-0035]  FILLER_513_3077
[INFO DPL-0035]  FILLER_519_3042
[INFO DPL-0035]  FILLER_512_3084
[INFO DPL-0035]  FILLER_525_3008
[INFO DPL-0035]  FILLER_525_3008
[INFO DPL-0035]  FILLER_524_3016
[INFO DPL-0035]  FILLER_524_3016
[INFO DPL-0035]  FILLER_524_3016
[INFO DPL-0035]  FILLER_527_3000
[INFO DPL-0035]  FILLER_527_3000
[INFO DPL-0035]  FILLER_520_3042
[INFO DPL-0035]  FILLER_508_3113
[INFO DPL-0035]  FILLER_522_3031
[INFO DPL-0035]  FILLER_522_3031
[INFO DPL-0035]  FILLER_515_3073
[INFO DPL-0035]  FILLER_519_3050
[INFO DPL-0035]  FILLER_519_3050
[INFO DPL-0035]  FILLER_512_3092
[INFO DPL-0035]  FILLER_525_3016
[INFO DPL-0035]  FILLER_525_3016
[INFO DPL-0035]  FILLER_525_3016
[INFO DPL-0035]  FILLER_524_3024
[INFO DPL-0035]  FILLER_524_3024
[INFO DPL-0035]  FILLER_524_3024
[INFO DPL-0035]  FILLER_510_3107
[INFO DPL-0035]  FILLER_510_3107
[INFO DPL-0035]  FILLER_518_3060
[INFO DPL-0035]  FILLER_527_3008
[INFO DPL-0035]  FILLER_508_3121
[INFO DPL-0035]  FILLER_522_3039
[INFO DPL-0035]  FILLER_522_3039
[INFO DPL-0035]  FILLER_526_3016
[INFO DPL-0035]  FILLER_513_3093
[INFO DPL-0035]  FILLER_513_3093
[INFO DPL-0035]  FILLER_513_3093
[INFO DPL-0035]  FILLER_513_3093
[INFO DPL-0035]  FILLER_519_3058
[INFO DPL-0035]  FILLER_512_3100
[INFO DPL-0035]  FILLER_525_3024
[INFO DPL-0035]  FILLER_525_3024
[INFO DPL-0035]  FILLER_523_3036
[INFO DPL-0035]  FILLER_517_3073
[INFO DPL-0035]  FILLER_517_3073
[INFO DPL-0035]  FILLER_524_3032
[INFO DPL-0035]  FILLER_524_3032
[INFO DPL-0035]  FILLER_510_3115
[INFO DPL-0035]  FILLER_510_3115
[INFO DPL-0035]  FILLER_510_3115
[INFO DPL-0035]  FILLER_518_3068
[INFO DPL-0035]  FILLER_516_3081
[INFO DPL-0035]  FILLER_527_3016
[INFO DPL-0035]  FILLER_527_3016
[INFO DPL-0035]  FILLER_522_3047
[INFO DPL-0035]  FILLER_526_3024
[INFO DPL-0035]  FILLER_513_3101
[INFO DPL-0035]  FILLER_513_3101
[INFO DPL-0035]  FILLER_525_3032
[INFO DPL-0035]  FILLER_525_3032
[INFO DPL-0035]  FILLER_525_3032
[INFO DPL-0035]  FILLER_517_3081
[INFO DPL-0035]  FILLER_517_3081
[INFO DPL-0035]  FILLER_524_3040
[INFO DPL-0035]  FILLER_518_3076
[INFO DPL-0035]  FILLER_518_3076
[INFO DPL-0035]  FILLER_511_3118
[INFO DPL-0035]  FILLER_527_3024
[INFO DPL-0035]  FILLER_514_3101
[INFO DPL-0035]  FILLER_514_3101
[INFO DPL-0035]  FILLER_520_3066
[INFO DPL-0035]  FILLER_522_3055
[INFO DPL-0035]  FILLER_522_3055
[INFO DPL-0035]  FILLER_521_3061
[INFO DPL-0035]  FILLER_526_3032
[INFO DPL-0035]  FILLER_513_3109
[INFO DPL-0035]  FILLER_519_3074
[INFO DPL-0035]  FILLER_512_3116
[INFO DPL-0035]  FILLER_512_3116
[INFO DPL-0035]  FILLER_525_3040
[INFO DPL-0035]  FILLER_525_3040
[INFO DPL-0035]  FILLER_523_3052
[INFO DPL-0035]  FILLER_524_3048
[INFO DPL-0035]  FILLER_518_3084
[INFO DPL-0035]  FILLER_527_3032
[INFO DPL-0035]  FILLER_527_3032
[INFO DPL-0035]  FILLER_514_3109
[INFO DPL-0035]  FILLER_521_3069
[INFO DPL-0035]  FILLER_521_3069
[INFO DPL-0035]  FILLER_513_3117
[INFO DPL-0035]  FILLER_513_3117
[INFO DPL-0035]  FILLER_519_3082
[INFO DPL-0035]  FILLER_519_3082
[INFO DPL-0035]  FILLER_519_3082
[INFO DPL-0035]  FILLER_525_3048
[INFO DPL-0035]  FILLER_525_3048
[INFO DPL-0035]  FILLER_517_3097
[INFO DPL-0035]  FILLER_517_3097
[INFO DPL-0035]  FILLER_517_3097
[INFO DPL-0035]  FILLER_524_3056
[INFO DPL-0035]  FILLER_524_3056
[INFO DPL-0035]  FILLER_524_3056
[INFO DPL-0035]  FILLER_524_3056
[INFO DPL-0035]  FILLER_514_3117
[INFO DPL-0035]  FILLER_520_3082
[INFO DPL-0035]  FILLER_520_3082
[INFO DPL-0035]  FILLER_526_3048
[INFO DPL-0035]  FILLER_525_3056
[INFO DPL-0035]  FILLER_525_3056
[INFO DPL-0035]  FILLER_525_3056
[INFO DPL-0035]  FILLER_524_3064
[INFO DPL-0035]  FILLER_524_3064
[INFO DPL-0035]  FILLER_524_3064
[INFO DPL-0035]  FILLER_518_3100
[INFO DPL-0035]  FILLER_516_3113
[INFO DPL-0035]  FILLER_515_3121
[INFO DPL-0035]  FILLER_526_3056
[INFO DPL-0035]  FILLER_525_3064
[INFO DPL-0035]  FILLER_525_3064
[INFO DPL-0035]  FILLER_525_3064
[INFO DPL-0035]  FILLER_525_3064
[INFO DPL-0035]  FILLER_524_3072
[INFO DPL-0035]  FILLER_518_3108
[INFO DPL-0035]  FILLER_516_3121
[INFO DPL-0035]  FILLER_527_3056
[INFO DPL-0035]  FILLER_527_3056
[INFO DPL-0035]  FILLER_527_3056
[INFO DPL-0035]  FILLER_520_3098
[INFO DPL-0035]  FILLER_520_3098
[INFO DPL-0035]  FILLER_14_2992
[INFO DPL-0035]  FILLER_522_3087
[INFO DPL-0035]  FILLER_519_3106
[INFO DPL-0035]  FILLER_525_3072
[INFO DPL-0035]  FILLER_525_3072
[INFO DPL-0035]  FILLER_523_3084
[INFO DPL-0035]  FILLER_7_2955
[INFO DPL-0035]  FILLER_20_3032
[INFO DPL-0035]  FILLER_517_3121
[INFO DPL-0035]  FILLER_10_2974
[INFO DPL-0035]  FILLER_518_3116
[INFO DPL-0035]  FILLER_25_3063
[INFO DPL-0035]  FILLER_25_3063
[INFO DPL-0035]  FILLER_11_2981
[INFO DPL-0035]  FILLER_11_2981
[INFO DPL-0035]  FILLER_11_2981
[INFO DPL-0035]  FILLER_34_3117
[INFO DPL-0035]  FILLER_34_3117
[INFO DPL-0035]  FILLER_34_3117
[INFO DPL-0035]  FILLER_34_3117
[INFO DPL-0035]  FILLER_24_3058
[INFO DPL-0035]  FILLER_2_2928
[INFO DPL-0035]  FILLER_527_3064
[INFO DPL-0035]  FILLER_28_3082
[INFO DPL-0035]  FILLER_28_3082
[INFO DPL-0035]  FILLER_28_3082
[INFO DPL-0035]  FILLER_520_3106
[INFO DPL-0035]  FILLER_22_3047
[INFO DPL-0035]  FILLER_14_3000
[INFO DPL-0035]  FILLER_521_3101
[INFO DPL-0035]  FILLER_526_3072
[INFO DPL-0035]  FILLER_526_3072
[INFO DPL-0035]  FILLER_19_3031
[INFO DPL-0035]  FILLER_519_3114
[INFO DPL-0035]  FILLER_519_3114
[INFO DPL-0035]  FILLER_13_2996
[INFO DPL-0035]  FILLER_18_3026
[INFO DPL-0035]  FILLER_18_3026
[INFO DPL-0035]  FILLER_21_3044
[INFO DPL-0035]  FILLER_0_2920
[INFO DPL-0035]  FILLER_525_3080
[INFO DPL-0035]  FILLER_7_2963
[INFO DPL-0035]  FILLER_7_2963
[INFO DPL-0035]  FILLER_7_2963
[INFO DPL-0035]  FILLER_20_3040
[INFO DPL-0035]  FILLER_32_3111
[INFO DPL-0035]  FILLER_32_3111
[INFO DPL-0035]  FILLER_32_3111
[INFO DPL-0035]  FILLER_524_3088
[INFO DPL-0035]  FILLER_524_3088
[INFO DPL-0035]  FILLER_10_2982
[INFO DPL-0035]  FILLER_15_3012
[INFO DPL-0035]  FILLER_15_3012
[INFO DPL-0035]  FILLER_15_3012
[INFO DPL-0035]  FILLER_6_2959
[INFO DPL-0035]  FILLER_6_2959
[INFO DPL-0035]  FILLER_11_2989
[INFO DPL-0035]  FILLER_24_3066
[INFO DPL-0035]  FILLER_24_3066
[INFO DPL-0035]  FILLER_24_3066
[INFO DPL-0035]  FILLER_2_2936
[INFO DPL-0035]  FILLER_527_3072
[INFO DPL-0035]  FILLER_527_3072
[INFO DPL-0035]  FILLER_527_3072
[INFO DPL-0035]  FILLER_520_3114
[INFO DPL-0035]  FILLER_22_3055
[INFO DPL-0035]  FILLER_17_3026
[INFO DPL-0035]  FILLER_30_3103
[INFO DPL-0035]  FILLER_30_3103
[INFO DPL-0035]  FILLER_522_3103
[INFO DPL-0035]  FILLER_522_3103
[INFO DPL-0035]  FILLER_521_3109
[INFO DPL-0035]  FILLER_3_2944
[INFO DPL-0035]  FILLER_3_2944
[INFO DPL-0035]  FILLER_5_2956
[INFO DPL-0035]  FILLER_13_3004
[INFO DPL-0035]  FILLER_13_3004
[INFO DPL-0035]  FILLER_26_3081
[INFO DPL-0035]  FILLER_26_3081
[INFO DPL-0035]  FILLER_18_3034
[INFO DPL-0035]  FILLER_525_3088
[INFO DPL-0035]  FILLER_525_3088
[INFO DPL-0035]  FILLER_8_2976
[INFO DPL-0035]  FILLER_8_2976
[INFO DPL-0035]  FILLER_8_2976
[INFO DPL-0035]  FILLER_23_3065
[INFO DPL-0035]  FILLER_23_3065
[INFO DPL-0035]  FILLER_23_3065
[INFO DPL-0035]  FILLER_7_2971
[INFO DPL-0035]  FILLER_32_3119
[INFO DPL-0035]  FILLER_9_2983
[INFO DPL-0035]  FILLER_1_2936
[INFO DPL-0035]  FILLER_15_3020
[INFO DPL-0035]  FILLER_15_3020
[INFO DPL-0035]  FILLER_15_3020
[INFO DPL-0035]  FILLER_11_2997
[INFO DPL-0035]  FILLER_24_3074
[INFO DPL-0035]  FILLER_24_3074
[INFO DPL-0035]  FILLER_2_2944
[INFO DPL-0035]  FILLER_22_3063
[INFO DPL-0035]  FILLER_16_3028
[INFO DPL-0035]  FILLER_16_3028
[INFO DPL-0035]  FILLER_16_3028
[INFO DPL-0035]  FILLER_30_3111
[INFO DPL-0035]  FILLER_30_3111
[INFO DPL-0035]  FILLER_3_2952
[INFO DPL-0035]  FILLER_19_3047
[INFO DPL-0035]  FILLER_19_3047
[INFO DPL-0035]  FILLER_13_3012
[INFO DPL-0035]  FILLER_13_3012
[INFO DPL-0035]  FILLER_26_3089
[INFO DPL-0035]  FILLER_26_3089
[INFO DPL-0035]  FILLER_18_3042
[INFO DPL-0035]  FILLER_18_3042
[INFO DPL-0035]  FILLER_0_2936
[INFO DPL-0035]  FILLER_525_3096
[INFO DPL-0035]  FILLER_525_3096
[INFO DPL-0035]  FILLER_525_3096
[INFO DPL-0035]  FILLER_31_3120
[INFO DPL-0035]  FILLER_8_2984
[INFO DPL-0035]  FILLER_8_2984
[INFO DPL-0035]  FILLER_8_2984
[INFO DPL-0035]  FILLER_7_2979
[INFO DPL-0035]  FILLER_7_2979
[INFO DPL-0035]  FILLER_6_2974
[INFO DPL-0035]  FILLER_10_2998
[INFO DPL-0035]  FILLER_10_2998
[INFO DPL-0035]  FILLER_11_3005
[INFO DPL-0035]  FILLER_11_3005
[INFO DPL-0035]  FILLER_2_2952
[INFO DPL-0035]  FILLER_527_3088
[INFO DPL-0035]  FILLER_527_3088
[INFO DPL-0035]  FILLER_527_3088
[INFO DPL-0035]  FILLER_22_3071
[INFO DPL-0035]  FILLER_22_3071
[INFO DPL-0035]  FILLER_14_3024
[INFO DPL-0035]  FILLER_30_3119
[INFO DPL-0035]  FILLER_522_3119
[INFO DPL-0035]  FILLER_522_3119
[INFO DPL-0035]  FILLER_3_2960
[INFO DPL-0035]  FILLER_3_2960
[INFO DPL-0035]  FILLER_4_2966
[INFO DPL-0035]  FILLER_4_2966
[INFO DPL-0035]  FILLER_5_2972
[INFO DPL-0035]  FILLER_29_3114
[INFO DPL-0035]  FILLER_26_3097
[INFO DPL-0035]  FILLER_18_3050
[INFO DPL-0035]  FILLER_18_3050
[INFO DPL-0035]  FILLER_21_3068
[INFO DPL-0035]  FILLER_0_2944
[INFO DPL-0035]  FILLER_523_3116
[INFO DPL-0035]  FILLER_23_3081
[INFO DPL-0035]  FILLER_7_2987
[INFO DPL-0035]  FILLER_20_3064
[INFO DPL-0035]  FILLER_6_2982
[INFO DPL-0035]  FILLER_6_2982
[INFO DPL-0035]  FILLER_10_3006
[INFO DPL-0035]  FILLER_12_3018
[INFO DPL-0035]  FILLER_15_3036
[INFO DPL-0035]  FILLER_11_3013
[INFO DPL-0035]  FILLER_11_3013
[INFO DPL-0035]  FILLER_24_3090
[INFO DPL-0035]  FILLER_2_2960
[INFO DPL-0035]  FILLER_527_3096
[INFO DPL-0035]  FILLER_527_3096
[INFO DPL-0035]  FILLER_22_3079
[INFO DPL-0035]  FILLER_16_3044
[INFO DPL-0035]  FILLER_17_3050
[INFO DPL-0035]  FILLER_3_2968
[INFO DPL-0035]  FILLER_3_2968
[INFO DPL-0035]  FILLER_19_3063
[INFO DPL-0035]  FILLER_19_3063
[INFO DPL-0035]  FILLER_13_3028
[INFO DPL-0035]  FILLER_13_3028
[INFO DPL-0035]  FILLER_26_3105
[INFO DPL-0035]  FILLER_21_3076
[INFO DPL-0035]  FILLER_21_3076
[INFO DPL-0035]  FILLER_0_2952
[INFO DPL-0035]  FILLER_8_3000
[INFO DPL-0035]  FILLER_8_3000
[INFO DPL-0035]  FILLER_8_3000
[INFO DPL-0035]  FILLER_7_2995
[INFO DPL-0035]  FILLER_7_2995
[INFO DPL-0035]  FILLER_7_2995
[INFO DPL-0035]  FILLER_1_2960
[INFO DPL-0035]  FILLER_524_3120
[INFO DPL-0035]  FILLER_524_3120
[INFO DPL-0035]  FILLER_524_3120
[INFO DPL-0035]  FILLER_25_3103
[INFO DPL-0035]  FILLER_25_3103
[INFO DPL-0035]  FILLER_15_3044
[INFO DPL-0035]  FILLER_24_3098
[INFO DPL-0035]  FILLER_2_2968
[INFO DPL-0035]  FILLER_22_3087
[INFO DPL-0035]  FILLER_27_3117
[INFO DPL-0035]  FILLER_17_3058
[INFO DPL-0035]  FILLER_3_2976
[INFO DPL-0035]  FILLER_3_2976
[INFO DPL-0035]  FILLER_3_2976
[INFO DPL-0035]  FILLER_3_2976
[INFO DPL-0035]  FILLER_5_2988
[INFO DPL-0035]  FILLER_19_3071
[INFO DPL-0035]  FILLER_13_3036
[INFO DPL-0035]  FILLER_26_3113
[INFO DPL-0035]  FILLER_18_3066
[INFO DPL-0035]  FILLER_21_3084
[INFO DPL-0035]  FILLER_0_2960
[INFO DPL-0035]  FILLER_525_3120
[INFO DPL-0035]  FILLER_525_3120
[INFO DPL-0035]  FILLER_525_3120
[INFO DPL-0035]  FILLER_8_3008
[INFO DPL-0035]  FILLER_8_3008
[INFO DPL-0035]  FILLER_8_3008
[INFO DPL-0035]  FILLER_20_3080
[INFO DPL-0035]  FILLER_20_3080
[INFO DPL-0035]  FILLER_20_3080
[INFO DPL-0035]  FILLER_9_3015
[INFO DPL-0035]  FILLER_1_2968
[INFO DPL-0035]  FILLER_1_2968
[INFO DPL-0035]  FILLER_25_3111
[INFO DPL-0035]  FILLER_15_3052
[INFO DPL-0035]  FILLER_11_3029
[INFO DPL-0035]  FILLER_2_2976
[INFO DPL-0035]  FILLER_16_3060
[INFO DPL-0035]  FILLER_16_3060
[INFO DPL-0035]  FILLER_3_2984
[INFO DPL-0035]  FILLER_3_2984
[INFO DPL-0035]  FILLER_526_3120
[INFO DPL-0035]  FILLER_4_2990
[INFO DPL-0035]  FILLER_19_3079
[INFO DPL-0035]  FILLER_13_3044
[INFO DPL-0035]  FILLER_26_3121
[INFO DPL-0035]  FILLER_18_3074
[INFO DPL-0035]  FILLER_21_3092
[INFO DPL-0035]  FILLER_21_3092
[INFO DPL-0035]  FILLER_0_2968
[INFO DPL-0035]  FILLER_8_3016
[INFO DPL-0035]  FILLER_8_3016
[INFO DPL-0035]  FILLER_8_3016
[INFO DPL-0035]  FILLER_8_3016
[INFO DPL-0035]  FILLER_23_3105
[INFO DPL-0035]  FILLER_23_3105
[INFO DPL-0035]  FILLER_23_3105
[INFO DPL-0035]  FILLER_7_3011
[INFO DPL-0035]  FILLER_20_3088
[INFO DPL-0035]  FILLER_20_3088
[INFO DPL-0035]  FILLER_2_2984
[INFO DPL-0035]  FILLER_2_2984
[INFO DPL-0035]  FILLER_527_3120
[INFO DPL-0035]  FILLER_22_3103
[INFO DPL-0035]  FILLER_14_3056
[INFO DPL-0035]  FILLER_16_3068
[INFO DPL-0035]  FILLER_17_3074
[INFO DPL-0035]  FILLER_3_2992
[INFO DPL-0035]  FILLER_4_2998
[INFO DPL-0035]  FILLER_4_2998
[INFO DPL-0035]  FILLER_19_3087
[INFO DPL-0035]  FILLER_19_3087
[INFO DPL-0035]  FILLER_13_3052
[INFO DPL-0035]  FILLER_13_3052
[INFO DPL-0035]  FILLER_21_3100
[INFO DPL-0035]  FILLER_0_2976
[INFO DPL-0035]  FILLER_8_3024
[INFO DPL-0035]  FILLER_8_3024
[INFO DPL-0035]  FILLER_8_3024
[INFO DPL-0035]  FILLER_7_3019
[INFO DPL-0035]  FILLER_10_3038
[INFO DPL-0035]  FILLER_15_3068
[INFO DPL-0035]  FILLER_15_3068
[INFO DPL-0035]  FILLER_15_3068
[INFO DPL-0035]  FILLER_11_3045
[INFO DPL-0035]  FILLER_2_2992
[INFO DPL-0035]  FILLER_2_2992
[INFO DPL-0035]  FILLER_22_3111
[INFO DPL-0035]  FILLER_22_3111
[INFO DPL-0035]  FILLER_16_3076
[INFO DPL-0035]  FILLER_5_3012
[INFO DPL-0035]  FILLER_5_3012
[INFO DPL-0035]  FILLER_19_3095
[INFO DPL-0035]  FILLER_13_3060
[INFO DPL-0035]  FILLER_21_3108
[INFO DPL-0035]  FILLER_21_3108
[INFO DPL-0035]  FILLER_0_2984
[INFO DPL-0035]  FILLER_7_3027
[INFO DPL-0035]  FILLER_7_3027
[INFO DPL-0035]  FILLER_20_3104
[INFO DPL-0035]  FILLER_9_3039
[INFO DPL-0035]  FILLER_1_2992
[INFO DPL-0035]  FILLER_1_2992
[INFO DPL-0035]  FILLER_12_3058
[INFO DPL-0035]  FILLER_15_3076
[INFO DPL-0035]  FILLER_11_3053
[INFO DPL-0035]  FILLER_2_3000
[INFO DPL-0035]  FILLER_22_3119
[INFO DPL-0035]  FILLER_14_3072
[INFO DPL-0035]  FILLER_17_3090
[INFO DPL-0035]  FILLER_3_3008
[INFO DPL-0035]  FILLER_4_3014
[INFO DPL-0035]  FILLER_5_3020
[INFO DPL-0035]  FILLER_19_3103
[INFO DPL-0035]  FILLER_19_3103
[INFO DPL-0035]  FILLER_13_3068
[INFO DPL-0035]  FILLER_21_3116
[INFO DPL-0035]  FILLER_21_3116
[INFO DPL-0035]  FILLER_0_2992
[INFO DPL-0035]  FILLER_8_3040
[INFO DPL-0035]  FILLER_8_3040
[INFO DPL-0035]  FILLER_8_3040
[INFO DPL-0035]  FILLER_1_3000
[INFO DPL-0035]  FILLER_6_3030
[INFO DPL-0035]  FILLER_6_3030
[INFO DPL-0035]  FILLER_10_3054
[INFO DPL-0035]  FILLER_10_3054
[INFO DPL-0035]  FILLER_12_3066
[INFO DPL-0035]  FILLER_15_3084
[INFO DPL-0035]  FILLER_15_3084
[INFO DPL-0035]  FILLER_2_3008
[INFO DPL-0035]  FILLER_3_3016
[INFO DPL-0035]  FILLER_3_3016
[INFO DPL-0035]  FILLER_19_3111
[INFO DPL-0035]  FILLER_19_3111
[INFO DPL-0035]  FILLER_13_3076
[INFO DPL-0035]  FILLER_0_3000
[INFO DPL-0035]  FILLER_18_3108
[INFO DPL-0035]  FILLER_7_3043
[INFO DPL-0035]  FILLER_20_3120
[INFO DPL-0035]  FILLER_9_3055
[INFO DPL-0035]  FILLER_9_3055
[INFO DPL-0035]  FILLER_9_3055
[INFO DPL-0035]  FILLER_1_3008
[INFO DPL-0035]  FILLER_6_3038
[INFO DPL-0035]  FILLER_2_3016
[INFO DPL-0035]  FILLER_14_3088
[INFO DPL-0035]  FILLER_14_3088
[INFO DPL-0035]  FILLER_3_3024
[INFO DPL-0035]  FILLER_3_3024
[INFO DPL-0035]  FILLER_5_3036
[INFO DPL-0035]  FILLER_5_3036
[INFO DPL-0035]  FILLER_19_3119
[INFO DPL-0035]  FILLER_19_3119
[INFO DPL-0035]  FILLER_13_3084
[INFO DPL-0035]  FILLER_0_3008
[INFO DPL-0035]  FILLER_8_3056
[INFO DPL-0035]  FILLER_7_3051
[INFO DPL-0035]  FILLER_16_3105
[INFO DPL-0035]  FILLER_6_3046
[INFO DPL-0035]  FILLER_6_3046
[INFO DPL-0035]  FILLER_6_3046
[INFO DPL-0035]  FILLER_10_3070
[INFO DPL-0035]  FILLER_12_3082
[INFO DPL-0035]  FILLER_15_3100
[INFO DPL-0035]  FILLER_11_3077
[INFO DPL-0035]  FILLER_2_3024
[INFO DPL-0035]  FILLER_14_3096
[INFO DPL-0035]  FILLER_17_3114
[INFO DPL-0035]  FILLER_3_3032
[INFO DPL-0035]  FILLER_4_3038
[INFO DPL-0035]  FILLER_4_3038
[INFO DPL-0035]  FILLER_0_3016
[INFO DPL-0035]  FILLER_8_3064
[INFO DPL-0035]  FILLER_1_3024
[INFO DPL-0035]  FILLER_16_3113
[INFO DPL-0035]  FILLER_6_3054
[INFO DPL-0035]  FILLER_10_3078
[INFO DPL-0035]  FILLER_12_3090
[INFO DPL-0035]  FILLER_12_3090
[INFO DPL-0035]  FILLER_15_3108
[INFO DPL-0035]  FILLER_15_3108
[INFO DPL-0035]  FILLER_5_3049
[INFO DPL-0035]  FILLER_2_3032
[INFO DPL-0035]  FILLER_14_3104
[INFO DPL-0035]  FILLER_14_3104
[INFO DPL-0035]  FILLER_3_3040
[INFO DPL-0035]  FILLER_3_3040
[INFO DPL-0035]  FILLER_3_3040
[INFO DPL-0035]  FILLER_3_3040
[INFO DPL-0035]  FILLER_0_3024
[INFO DPL-0035]  FILLER_9_3079
[INFO DPL-0035]  FILLER_1_3032
[INFO DPL-0035]  FILLER_6_3062
[INFO DPL-0035]  FILLER_15_3116
[INFO DPL-0035]  FILLER_5_3057
[INFO DPL-0035]  FILLER_5_3057
[INFO DPL-0035]  FILLER_5_3057
[INFO DPL-0035]  FILLER_11_3093
[INFO DPL-0035]  FILLER_2_3040
[INFO DPL-0035]  FILLER_3_3048
[INFO DPL-0035]  FILLER_4_3054
[INFO DPL-0035]  FILLER_13_3108
[INFO DPL-0035]  FILLER_0_3032
[INFO DPL-0035]  FILLER_8_3080
[INFO DPL-0035]  FILLER_8_3080
[INFO DPL-0035]  FILLER_8_3080
[INFO DPL-0035]  FILLER_8_3080
[INFO DPL-0035]  FILLER_9_3087
[INFO DPL-0035]  FILLER_9_3087
[INFO DPL-0035]  FILLER_1_3040
[INFO DPL-0035]  FILLER_6_3070
[INFO DPL-0035]  FILLER_6_3070
[INFO DPL-0035]  FILLER_6_3070
[INFO DPL-0035]  FILLER_11_3101
[INFO DPL-0035]  FILLER_2_3048
[INFO DPL-0035]  FILLER_14_3120
[INFO DPL-0035]  FILLER_3_3056
[INFO DPL-0035]  FILLER_3_3056
[INFO DPL-0035]  FILLER_4_3062
[INFO DPL-0035]  FILLER_13_3116
[INFO DPL-0035]  FILLER_0_3040
[INFO DPL-0035]  FILLER_8_3088
[INFO DPL-0035]  FILLER_5_3073
[INFO DPL-0035]  FILLER_5_3073
[INFO DPL-0035]  FILLER_5_3073
[INFO DPL-0035]  FILLER_11_3109
[INFO DPL-0035]  FILLER_2_3056
[INFO DPL-0035]  FILLER_4_3070
[INFO DPL-0035]  FILLER_0_3048
[INFO DPL-0035]  FILLER_8_3096
[INFO DPL-0035]  FILLER_8_3096
[INFO DPL-0035]  FILLER_7_3091
[INFO DPL-0035]  FILLER_7_3091
[INFO DPL-0035]  FILLER_6_3086
[INFO DPL-0035]  FILLER_10_3110
[INFO DPL-0035]  FILLER_5_3081
[INFO DPL-0035]  FILLER_11_3117
[INFO DPL-0035]  FILLER_2_3064
[INFO DPL-0035]  FILLER_3_3072
[INFO DPL-0035]  FILLER_3_3072
[INFO DPL-0035]  FILLER_0_3056
[INFO DPL-0035]  FILLER_8_3104
[INFO DPL-0035]  FILLER_7_3099
[INFO DPL-0035]  FILLER_7_3099
[INFO DPL-0035]  FILLER_1_3064
[INFO DPL-0035]  FILLER_6_3094
[INFO DPL-0035]  FILLER_10_3118
[INFO DPL-0035]  FILLER_10_3118
[INFO DPL-0035]  FILLER_526_48
[INFO DPL-0035]  FILLER_526_48
[INFO DPL-0035]  FILLER_2_3072
[INFO DPL-0035]  FILLER_525_40
[INFO DPL-0035]  FILLER_3_3080
[INFO DPL-0035]  FILLER_3_3080
[INFO DPL-0035]  FILLER_4_3086
[INFO DPL-0035]  FILLER_4_3086
[INFO DPL-0035]  FILLER_520_8
[INFO DPL-0035]  FILLER_0_3064
[INFO DPL-0035]  FILLER_8_3112
[INFO DPL-0035]  FILLER_527_48
[INFO DPL-0035]  FILLER_523_24
[INFO DPL-0035]  FILLER_519_0
[INFO DPL-0035]  FILLER_1_3072
[INFO DPL-0035]  FILLER_6_3102
[INFO DPL-0035]  FILLER_526_40
[INFO DPL-0035]  FILLER_526_40
[INFO DPL-0035]  FILLER_522_16
[INFO DPL-0035]  FILLER_2_3080
[INFO DPL-0035]  FILLER_521_8
[INFO DPL-0035]  FILLER_3_3088
[INFO DPL-0035]  FILLER_3_3088
[INFO DPL-0035]  FILLER_524_24
[INFO DPL-0035]  FILLER_520_0
[INFO DPL-0035]  FILLER_8_3120
[INFO DPL-0035]  FILLER_527_40
[INFO DPL-0035]  FILLER_527_40
[INFO DPL-0035]  FILLER_523_16
[INFO DPL-0035]  FILLER_7_3115
[INFO DPL-0035]  FILLER_7_3115
[INFO DPL-0035]  FILLER_1_3080
[INFO DPL-0035]  FILLER_522_8
[INFO DPL-0035]  FILLER_2_3088
[INFO DPL-0035]  FILLER_525_24
[INFO DPL-0035]  FILLER_5_3107
[INFO DPL-0035]  FILLER_521_0
[INFO DPL-0035]  FILLER_3_3096
[INFO DPL-0035]  FILLER_3_3096
[INFO DPL-0035]  FILLER_4_3102
[INFO DPL-0035]  FILLER_524_16
[INFO DPL-0035]  FILLER_0_3080
[INFO DPL-0035]  FILLER_527_32
[INFO DPL-0035]  FILLER_523_8
[INFO DPL-0035]  FILLER_6_3118
[INFO DPL-0035]  FILLER_526_24
[INFO DPL-0035]  FILLER_522_0
[INFO DPL-0035]  FILLER_2_3096
[INFO DPL-0035]  FILLER_525_16
[INFO DPL-0035]  FILLER_5_3115
[INFO DPL-0035]  FILLER_3_3104
[INFO DPL-0035]  FILLER_4_3110
[INFO DPL-0035]  FILLER_524_8
[INFO DPL-0035]  FILLER_0_3088
[INFO DPL-0035]  FILLER_527_24
[INFO DPL-0035]  FILLER_523_0
[INFO DPL-0035]  FILLER_1_3096
[INFO DPL-0035]  FILLER_526_16
[INFO DPL-0035]  FILLER_2_3104
[INFO DPL-0035]  FILLER_525_8
[INFO DPL-0035]  FILLER_3_3112
[INFO DPL-0035]  FILLER_4_3118
[INFO DPL-0035]  FILLER_524_0
[INFO DPL-0035]  FILLER_0_3096
[INFO DPL-0035]  FILLER_527_16
[INFO DPL-0035]  FILLER_1_3104
[INFO DPL-0035]  FILLER_526_8
[INFO DPL-0035]  FILLER_2_3112
[INFO DPL-0035]  FILLER_525_0
[INFO DPL-0035]  FILLER_3_3120
[INFO DPL-0035]  FILLER_0_3104
[INFO DPL-0035]  FILLER_527_8
[INFO DPL-0035]  FILLER_1_3112
[INFO DPL-0035]  FILLER_526_0
[INFO DPL-0035]  FILLER_2_3120
[INFO DPL-0035]  FILLER_0_3112
[INFO DPL-0035]  FILLER_527_0
[INFO DPL-0035]  FILLER_1_3120
[INFO DPL-0035]  FILLER_0_3120
[INFO DPL-0035]  FILLER_3_0
[INFO DPL-0035]  FILLER_0_16
[INFO DPL-0035]  FILLER_1_8
[INFO DPL-0035]  FILLER_2_0
[INFO DPL-0035]  FILLER_0_8
[INFO DPL-0035]  FILLER_1_0
[INFO DPL-0035]  FILLER_0_0
[INFO DPL-0035]  uart_inst/_155_
[INFO DPL-0035]  uart_inst/_155_
[INFO DPL-0035]  uart_inst/_187_
[INFO DPL-0035]  uart_inst/_187_
[INFO DPL-0035]  FILLER_353_136
[INFO DPL-0035]  FILLER_353_136
[INFO DPL-0035]  FILLER_353_136
[INFO DPL-0035]  FILLER_213_48
[INFO DPL-0035]  FILLER_213_48
[INFO DPL-0035]  FILLER_370_226
[INFO DPL-0035]  FILLER_370_226
[INFO DPL-0035]  FILLER_178_237
[INFO DPL-0035]  FILLER_178_237
[INFO DPL-0035]  uart_inst/_172_
[INFO DPL-0035]  uart_inst/_172_
[INFO DPL-0035]  FILLER_171_271
[INFO DPL-0035]  FILLER_171_271
[INFO DPL-0035]  FILLER_364_169
[INFO DPL-0035]  FILLER_364_169
[INFO DPL-0035]  FILLER_364_169
[INFO DPL-0035]  FILLER_364_169
[INFO DPL-0035]  FILLER_211_24
[INFO DPL-0035]  FILLER_211_24
[INFO DPL-0035]  FILLER_165_283
[INFO DPL-0035]  FILLER_165_283
[INFO DPL-0035]  FILLER_192_112
[INFO DPL-0035]  FILLER_192_112
[INFO DPL-0035]  clkload77
[INFO DPL-0035]  clkload77
[INFO DPL-0035]  clkload77
[INFO DPL-0035]  FILLER_190_112
[INFO DPL-0035]  FILLER_191_104
[INFO DPL-0035]  FILLER_161_257
[INFO DPL-0035]  FILLER_161_257
[INFO DPL-0035]  FILLER_161_257
[INFO DPL-0035]  FILLER_160_251
[INFO DPL-0035]  FILLER_160_251
[INFO DPL-0035]  FILLER_355_32
[INFO DPL-0035]  FILLER_358_49
[INFO DPL-0035]  FILLER_358_49
[INFO DPL-0035]  FILLER_173_168
[INFO DPL-0035]  FILLER_173_168
[INFO DPL-0035]  FILLER_183_105
[INFO DPL-0035]  FILLER_183_105
[INFO DPL-0035]  FILLER_363_64
[INFO DPL-0035]  FILLER_363_64
[INFO DPL-0035]  FILLER_363_64
[INFO DPL-0035]  uart_inst/_143_
[INFO DPL-0035]  uart_inst/_143_
[INFO DPL-0035]  uart_inst/_143_
[INFO DPL-0035]  uart_inst/_143_
[INFO DPL-0035]  FILLER_160_194
[INFO DPL-0035]  FILLER_160_194
[INFO DPL-0035]  FILLER_160_194
[INFO DPL-0035]  FILLER_174_48
[INFO DPL-0035]  FILLER_174_48
[INFO DPL-0035]  FILLER_5_1007
[INFO DPL-0035]  FILLER_5_935
[INFO DPL-0035]  FILLER_398_36
[INFO DPL-0035]  FILLER_401_39
[INFO DPL-0035]  FILLER_400_24
[INFO DPL-0035]  FILLER_5_886
[INFO DPL-0035]  FILLER_5_886
[INFO DPL-0035]  FILLER_150_24
[INFO DPL-0035]  FILLER_150_24
[INFO DPL-0035]  FILLER_415_36
[INFO DPL-0035]  FILLER_415_36
[INFO DPL-0035]  FILLER_415_36
[INFO DPL-0035]  FILLER_417_24
[INFO DPL-0035]  FILLER_417_24
[INFO DPL-0035]  FILLER_428_36
[INFO DPL-0035]  FILLER_117_39
[INFO DPL-0035]  FILLER_522_548
[INFO DPL-0035]  FILLER_117_24
[INFO DPL-0035]  FILLER_440_36
[INFO DPL-0035]  FILLER_440_24
[INFO DPL-0035]  FILLER_522_503
[INFO DPL-0035]  uart_inst/_247_
[INFO DPL-0035]  FILLER_441_16
[INFO DPL-0035]  FILLER_444_24
[INFO DPL-0035]  FILLER_448_36
[INFO DPL-0035]  FILLER_461_39
[INFO DPL-0035]  FILLER_461_24
[INFO DPL-0035]  uart_inst/_158_
[INFO DPL-0035]  FILLER_468_36
[INFO DPL-0035]  FILLER_468_36
[INFO DPL-0035]  FILLER_475_24
[INFO DPL-0035]  FILLER_475_24
[INFO DPL-0035]  FILLER_478_24
[INFO DPL-0035]  FILLER_478_24
[INFO DPL-0035]  uart_inst/_218_
[INFO DPL-0035]  uart_inst/_218_
[INFO DPL-0035]  FILLER_487_36
[INFO DPL-0035]  FILLER_489_37
[INFO DPL-0035]  FILLER_6_372
[INFO DPL-0035]  FILLER_6_372
[INFO DPL-0035]  FILLER_490_36
[INFO DPL-0035]  uart_inst/_216_
[INFO DPL-0035]  FILLER_522_179
[INFO DPL-0035]  FILLER_496_24
[INFO DPL-0035]  uart_inst/_203_
[INFO DPL-0035]  FILLER_507_37
[INFO DPL-0035]  uart_inst/_205_
[INFO DPL-0035]  FILLER_516_39
[INFO DPL-0035]  FILLER_5_221
[INFO DPL-0035]  FILLER_5_221
[INFO DPL-0035]  FILLER_516_32
[INFO DPL-0035]  uart_inst/_209_
[INFO DPL-0035]  uart_inst/_209_
[INFO DPL-0035]  FILLER_522_43
[INFO DPL-0035]  FILLER_522_43
[INFO DPL-0035]  FILLER_522_43
[INFO DPL-0035]  FILLER_522_43
[INFO DPL-0035]  FILLER_5_169
[INFO DPL-0035]  FILLER_5_169
[INFO DPL-0035]  FILLER_5_169
[INFO DPL-0035]  FILLER_5_169
[INFO DPL-0035]  FILLER_4_24
[INFO DPL-0035]  FILLER_4_24
[INFO DPL-0035]  cpu_inst/_14431_
[INFO DPL-0035]  cpu_inst/_14431_
[INFO DPL-0035]  cpu_inst/_16855_
[INFO DPL-0035]  cpu_inst/_16841_
[INFO DPL-0035]  cpu_inst/_16847_
[INFO DPL-0035]  cpu_inst/_16821_
[INFO DPL-0035]  cpu_inst/_16821_
[INFO DPL-0035]  cpu_inst/_16701_
[INFO DPL-0035]  cpu_inst/_16703_
[INFO DPL-0035]  cpu_inst/_10715_
[INFO DPL-0035]  cpu_inst/_10718_
[INFO DPL-0035]  cpu_inst/_10718_
[INFO DPL-0035]  cpu_inst/_16682_
[INFO DPL-0035]  cpu_inst/_16868_
[INFO DPL-0035]  cpu_inst/_16766_
[INFO DPL-0035]  cpu_inst/_16675_
[INFO DPL-0035] message limit (1000) reached. This message will no longer print.
[ERROR DPL-0036] Detailed placement failed.
DPL-0036
[WARNING DRT-0120] Large net reset_n has 180 pins which may impact routing performance. Consider optimization.
[INFO DRT-0018]   Complete 100000 insts.
[INFO DRT-0024]   Complete FR_MASTERSLICE.
[INFO DRT-0024]   Complete Fr_VIA.
[INFO DRT-0024]   Complete li1.
[INFO DRT-0024]   Complete mcon.
[INFO DRT-0024]   Complete met1.
[INFO DRT-0024]   Complete via.
[INFO DRT-0024]   Complete met2.
[INFO DRT-0024]   Complete via2.
[INFO DRT-0024]   Complete met3.
[INFO DRT-0024]   Complete via3.
[INFO DRT-0024]   Complete met4.
[INFO DRT-0024]   Complete via4.
[INFO DRT-0024]   Complete met5.
[INFO DRT-0165] Start pin access.
[INFO DRT-0076]   Complete 1000 pins.
[INFO DRT-0076]   Complete 2000 pins.
[INFO DRT-0076]   Complete 3000 pins.
[INFO DRT-0076]   Complete 4000 pins.
[INFO DRT-0076]   Complete 5000 pins.
[INFO DRT-0076]   Complete 6000 pins.
[INFO DRT-0076]   Complete 7000 pins.
[INFO DRT-0076]   Complete 8000 pins.
[INFO DRT-0076]   Complete 9000 pins.
[INFO DRT-0076]   Complete 10000 pins.
[ERROR DRT-0073] No access point for load_slew173/A (sky130_fd_sc_hd__clkbuf_1).
[ERROR DRT-0073] No access point for wire165/A (sky130_fd_sc_hd__buf_2).
DRT-0073
[INFO RSZ-0100] Repair move sequence: UnbufferMove SizeUpMove SwapPinsMove BufferMove CloneMove SplitLoadMove 
[INFO RSZ-0098] No setup violations found
[ERROR EST-0104] inconsistent parasitics state
EST-0104
Startpoint: reset_n (input port clocked by clk)
Endpoint: bus_inst/_297_ (recovery check against rising-edge clock clk)
Path Group: asynchronous
Path Type: max

  Delay    Time   Description
---------------------------------------------------------
   0.00    0.00   clock clk (rise edge)
   0.00    0.00   clock network delay (ideal)
   4.00    4.00 ^ input external delay
   0.57    4.57 ^ reset_n (in)
   0.00    4.57 ^ bus_inst/_297_/RESET_B (sky130_fd_sc_hd__dfrtp_2)
           4.57   data arrival time

  20.00   20.00   clock clk (rise edge)
   0.00   20.00   clock network delay (ideal)
  -0.25   19.75   clock uncertainty
   0.00   19.75   clock reconvergence pessimism
          19.75 ^ bus_inst/_297_/CLK (sky130_fd_sc_hd__dfrtp_2)
  -0.12   19.63   library recovery time
          19.63   data required time
---------------------------------------------------------
          19.63   data required time
          -4.57   data arrival time
---------------------------------------------------------
          15.07   slack (MET)


Startpoint: reset_n (input port clocked by clk)
Endpoint: cpu_inst/_16228_ (rising edge-triggered flip-flop clocked by clk)
Path Group: clk
Path Type: max

  Delay    Time   Description
---------------------------------------------------------
   0.00    0.00   clock clk (rise edge)
   0.00    0.00   clock network delay (ideal)
   4.00    4.00 v input external delay
   0.57    4.57 v reset_n (in)
   1.05    5.62 ^ cpu_inst/_10060_/Y (sky130_fd_sc_hd__nand2_4)
   0.48    6.10 v cpu_inst/_10155_/Y (sky130_fd_sc_hd__nor2_1)
   0.50    6.60 v cpu_inst/_10210_/X (sky130_fd_sc_hd__maj3_1)
   0.43    7.03 v cpu_inst/_10211_/X (sky130_fd_sc_hd__maj3_1)
   0.44    7.47 v cpu_inst/_10213_/X (sky130_fd_sc_hd__maj3_1)
   0.42    7.89 v cpu_inst/_10214_/X (sky130_fd_sc_hd__maj3_1)
   0.41    8.29 v cpu_inst/_10216_/X (sky130_fd_sc_hd__maj3_1)
   0.42    8.71 v cpu_inst/_10217_/X (sky130_fd_sc_hd__maj3_1)
   0.45    9.16 v cpu_inst/_10219_/X (sky130_fd_sc_hd__maj3_1)
   0.43    9.59 v cpu_inst/_10220_/X (sky130_fd_sc_hd__maj3_1)
   0.43   10.02 v cpu_inst/_10222_/X (sky130_fd_sc_hd__maj3_1)
   0.43   10.45 v cpu_inst/_10223_/X (sky130_fd_sc_hd__maj3_1)
   0.42   10.87 v cpu_inst/_10224_/X (sky130_fd_sc_hd__maj3_1)
   0.45   11.32 v cpu_inst/_10225_/X (sky130_fd_sc_hd__maj3_1)
   0.16   11.48 ^ cpu_inst/_10228_/Y (sky130_fd_sc_hd__nand3_1)
   0.16   11.64 v cpu_inst/_10231_/Y (sky130_fd_sc_hd__a31oi_1)
   0.49   12.13 ^ cpu_inst/_10234_/Y (sky130_fd_sc_hd__o21ai_0)
   0.32   12.45 v cpu_inst/_10236_/Y (sky130_fd_sc_hd__a21boi_0)
   0.36   12.81 ^ cpu_inst/_10238_/Y (sky130_fd_sc_hd__o21ai_0)
   0.20   13.01 v cpu_inst/_10242_/Y (sky130_fd_sc_hd__a211oi_1)
   0.31   13.32 ^ cpu_inst/_10247_/Y (sky130_fd_sc_hd__o211ai_1)
   0.22   13.54 v cpu_inst/_10251_/Y (sky130_fd_sc_hd__a21oi_1)
   0.24   13.78 v cpu_inst/_10254_/X (sky130_fd_sc_hd__o22a_1)
   0.37   14.15 ^ cpu_inst/_10255_/Y (sky130_fd_sc_hd__o21ai_0)
   0.24   14.39 ^ cpu_inst/_10257_/X (sky130_fd_sc_hd__a21o_1)
   0.11   14.50 v cpu_inst/_10259_/Y (sky130_fd_sc_hd__a21oi_1)
   0.30   14.80 ^ cpu_inst/_10263_/Y (sky130_fd_sc_hd__o21ai_0)
   0.18   14.98 v cpu_inst/_10266_/Y (sky130_fd_sc_hd__a21oi_1)
   0.37   15.36 v cpu_inst/_14242_/X (sky130_fd_sc_hd__or3_1)
   0.16   15.52 ^ cpu_inst/_14243_/Y (sky130_fd_sc_hd__a21oi_1)
   0.13   15.65 v cpu_inst/_14244_/Y (sky130_fd_sc_hd__o21ai_0)
   0.25   15.89 ^ cpu_inst/_14248_/Y (sky130_fd_sc_hd__a21boi_0)
   0.15   16.04 ^ cpu_inst/_14250_/X (sky130_fd_sc_hd__o21a_1)
   0.00   16.04 ^ cpu_inst/_16228_/D (sky130_fd_sc_hd__dfxtp_1)
          16.04   data arrival time

  20.00   20.00   clock clk (rise edge)
   0.00   20.00   clock network delay (ideal)
  -0.25   19.75   clock uncertainty
   0.00   19.75   clock reconvergence pessimism
          19.75 ^ cpu_inst/_16228_/CLK (sky130_fd_sc_hd__dfxtp_1)
  -0.06   19.69   library setup time
          19.69   data required time
---------------------------------------------------------
          19.69   data required time
         -16.04   data arrival time
---------------------------------------------------------
           3.64   slack (MET)


[INFO GRT-0279] Detailed route wire length by layer:
Startpoint: reset_n (input port clocked by clk)
Endpoint: bus_inst/_297_ (recovery check against rising-edge clock clk)
Path Group: asynchronous
Path Type: max

  Delay    Time   Description
---------------------------------------------------------
   0.00    0.00   clock clk (rise edge)
   0.00    0.00   clock network delay (ideal)
   4.00    4.00 ^ input external delay
   0.57    4.57 ^ reset_n (in)
   0.00    4.57 ^ bus_inst/_297_/RESET_B (sky130_fd_sc_hd__dfrtp_2)
           4.57   data arrival time

  20.00   20.00   clock clk (rise edge)
   0.00   20.00   clock network delay (ideal)
  -0.25   19.75   clock uncertainty
   0.00   19.75   clock reconvergence pessimism
          19.75 ^ bus_inst/_297_/CLK (sky130_fd_sc_hd__dfrtp_2)
  -0.12   19.63   library recovery time
          19.63   data required time
---------------------------------------------------------
          19.63   data required time
          -4.57   data arrival time
---------------------------------------------------------
          15.07   slack (MET)


Startpoint: reset_n (input port clocked by clk)
Endpoint: cpu_inst/_16228_ (rising edge-triggered flip-flop clocked by clk)
Path Group: clk
Path Type: max

  Delay    Time   Description
---------------------------------------------------------
   0.00    0.00   clock clk (rise edge)
   0.00    0.00   clock network delay (ideal)
   4.00    4.00 v input external delay
   0.57    4.57 v reset_n (in)
   1.05    5.62 ^ cpu_inst/_10060_/Y (sky130_fd_sc_hd__nand2_4)
   0.48    6.10 v cpu_inst/_10155_/Y (sky130_fd_sc_hd__nor2_1)
   0.50    6.60 v cpu_inst/_10210_/X (sky130_fd_sc_hd__maj3_1)
   0.43    7.03 v cpu_inst/_10211_/X (sky130_fd_sc_hd__maj3_1)
   0.44    7.47 v cpu_inst/_10213_/X (sky130_fd_sc_hd__maj3_1)
   0.42    7.89 v cpu_inst/_10214_/X (sky130_fd_sc_hd__maj3_1)
   0.41    8.29 v cpu_inst/_10216_/X (sky130_fd_sc_hd__maj3_1)
   0.42    8.71 v cpu_inst/_10217_/X (sky130_fd_sc_hd__maj3_1)
   0.45    9.16 v cpu_inst/_10219_/X (sky130_fd_sc_hd__maj3_1)
   0.43    9.59 v cpu_inst/_10220_/X (sky130_fd_sc_hd__maj3_1)
   0.43   10.02 v cpu_inst/_10222_/X (sky130_fd_sc_hd__maj3_1)
   0.43   10.45 v cpu_inst/_10223_/X (sky130_fd_sc_hd__maj3_1)
   0.42   10.87 v cpu_inst/_10224_/X (sky130_fd_sc_hd__maj3_1)
   0.45   11.32 v cpu_inst/_10225_/X (sky130_fd_sc_hd__maj3_1)
   0.16   11.48 ^ cpu_inst/_10228_/Y (sky130_fd_sc_hd__nand3_1)
   0.16   11.64 v cpu_inst/_10231_/Y (sky130_fd_sc_hd__a31oi_1)
   0.49   12.13 ^ cpu_inst/_10234_/Y (sky130_fd_sc_hd__o21ai_0)
   0.32   12.45 v cpu_inst/_10236_/Y (sky130_fd_sc_hd__a21boi_0)
   0.36   12.81 ^ cpu_inst/_10238_/Y (sky130_fd_sc_hd__o21ai_0)
   0.20   13.01 v cpu_inst/_10242_/Y (sky130_fd_sc_hd__a211oi_1)
   0.31   13.32 ^ cpu_inst/_10247_/Y (sky130_fd_sc_hd__o211ai_1)
   0.22   13.54 v cpu_inst/_10251_/Y (sky130_fd_sc_hd__a21oi_1)
   0.24   13.78 v cpu_inst/_10254_/X (sky130_fd_sc_hd__o22a_1)
   0.37   14.15 ^ cpu_inst/_10255_/Y (sky130_fd_sc_hd__o21ai_0)
   0.24   14.39 ^ cpu_inst/_10257_/X (sky130_fd_sc_hd__a21o_1)
   0.11   14.50 v cpu_inst/_10259_/Y (sky130_fd_sc_hd__a21oi_1)
   0.30   14.80 ^ cpu_inst/_10263_/Y (sky130_fd_sc_hd__o21ai_0)
   0.18   14.98 v cpu_inst/_10266_/Y (sky130_fd_sc_hd__a21oi_1)
   0.37   15.36 v cpu_inst/_14242_/X (sky130_fd_sc_hd__or3_1)
   0.16   15.52 ^ cpu_inst/_14243_/Y (sky130_fd_sc_hd__a21oi_1)
   0.13   15.65 v cpu_inst/_14244_/Y (sky130_fd_sc_hd__o21ai_0)
   0.25   15.89 ^ cpu_inst/_14248_/Y (sky130_fd_sc_hd__a21boi_0)
   0.15   16.04 ^ cpu_inst/_14250_/X (sky130_fd_sc_hd__o21a_1)
   0.00   16.04 ^ cpu_inst/_16228_/D (sky130_fd_sc_hd__dfxtp_1)
          16.04   data arrival time

  20.00   20.00   clock clk (rise edge)
   0.00   20.00   clock network delay (ideal)
  -0.25   19.75   clock uncertainty
   0.00   19.75   clock reconvergence pessimism
          19.75 ^ cpu_inst/_16228_/CLK (sky130_fd_sc_hd__dfxtp_1)
  -0.06   19.69   library setup time
          19.69   data required time
---------------------------------------------------------
          19.69   data required time
         -16.04   data arrival time
---------------------------------------------------------
           3.64   slack (MET)


tns max 0.00
wns max 0.00
Checking Timing...
bash "/home/manal/projects/RiscV-mini-SoC"/scripts/run_flow.sh --design "mini_soc_top" --step sta | tee output/sta.log
Running Static Timing Analysis for mini_soc_top...
OpenROAD v2.0-27886-g745f72f2bf 
Features included (+) or not (-): +GPU +GUI +Python
This program is licensed under the BSD-3 license. See the LICENSE file for details.
Components of this program may be licensed under more restrictive licenses which must be honored.
[INFO ODB-0227] LEF file: /home/manal/OpenROAD/test/sky130hd/sky130hd.tlef, created 13 layers, 25 vias
[WARNING ODB-0220] WARNING (LEFPARS-2008): NOWIREEXTENSIONATPIN statement is obsolete in version 5.6 or later.
The NOWIREEXTENSIONATPIN statement will be ignored. See file /home/manal/OpenROAD/test/sky130hd/sky130_fd_sc_hd.lef at line 2.

[INFO ODB-0227] LEF file: /home/manal/OpenROAD/test/sky130hd/sky130_fd_sc_hd.lef, created 437 library cells
[INFO ODB-0227] LEF file: ../macros/sky130_sram_1kbyte_1rw1r_32x256_8.lef, created 1 library cells
[INFO ODB-0127] Reading DEF file: output/routed.def
[INFO ODB-0128] Design: mini_soc_top
[INFO ODB-0094] 		Created 100000 Insts
[INFO ODB-0130]     Created 5 pins.
[INFO ODB-0131]     Created 179131 components and 756831 component-terminals.
[INFO ODB-0132]     Created 2 special nets and 358262 connections.
[INFO ODB-0133]     Created 11123 nets and 39674 connections.
[INFO ODB-0134] Finished DEF file: output/routed.def
Startpoint: reset_n (input port clocked by clk)
Endpoint: bus_inst/_297_ (recovery check against rising-edge clock clk)
Path Group: asynchronous
Path Type: max

    Delay      Time   Description
-------------------------------------------------------------
   0.0000    0.0000   clock clk (rise edge)
   0.0000    0.0000   clock network delay (propagated)
   4.0000    4.0000 ^ input external delay
   0.5344    4.5344 ^ reset_n (in)
   0.0000    4.5344 ^ bus_inst/_297_/RESET_B (sky130_fd_sc_hd__dfrtp_2)
             4.5344   data arrival time

  20.0000   20.0000   clock clk (rise edge)
   0.0000   20.0000   clock source latency
   0.0159   20.0159 ^ clk (in)
   0.1061   20.1220 ^ clkbuf_regs_0_clk/X (sky130_fd_sc_hd__clkbuf_16)
   0.1639   20.2859 ^ clkbuf_0_clk_regs/X (sky130_fd_sc_hd__clkbuf_16)
   0.1829   20.4687 ^ clkbuf_1_0_0_clk_regs/X (sky130_fd_sc_hd__clkbuf_16)
   0.1998   20.6686 ^ clkbuf_2_0_0_clk_regs/X (sky130_fd_sc_hd__clkbuf_16)
   0.2809   20.9495 ^ clkbuf_4_0_0_clk_regs/X (sky130_fd_sc_hd__clkbuf_16)
   0.1871   21.1366 ^ clkbuf_8_10_0_clk_regs/X (sky130_fd_sc_hd__clkbuf_16)
   0.0004   21.1370 ^ bus_inst/_297_/CLK (sky130_fd_sc_hd__dfrtp_2)
  -0.2500   20.8870   clock uncertainty
   0.0000   20.8870   clock reconvergence pessimism
  -0.0793   20.8076   library recovery time
            20.8076   data required time
-------------------------------------------------------------
            20.8076   data required time
            -4.5344   data arrival time
-------------------------------------------------------------
            16.2732   slack (MET)


Startpoint: cpu_inst/_16270_ (rising edge-triggered flip-flop clocked by clk)
Endpoint: cpu_inst/_16164_ (rising edge-triggered flip-flop clocked by clk)
Path Group: clk
Path Type: max

    Delay      Time   Description
-------------------------------------------------------------
   0.0000    0.0000   clock clk (rise edge)
   0.0000    0.0000   clock source latency
   0.0159    0.0159 ^ clk (in)
   0.1061    0.1220 ^ clkbuf_regs_0_clk/X (sky130_fd_sc_hd__clkbuf_16)
   0.1639    0.2859 ^ clkbuf_0_clk_regs/X (sky130_fd_sc_hd__clkbuf_16)
   0.1829    0.4687 ^ clkbuf_1_0_0_clk_regs/X (sky130_fd_sc_hd__clkbuf_16)
   0.1998    0.6686 ^ clkbuf_2_0_0_clk_regs/X (sky130_fd_sc_hd__clkbuf_16)
   0.2825    0.9511 ^ clkbuf_4_3_0_clk_regs/X (sky130_fd_sc_hd__clkbuf_16)
   0.1955    1.1466 ^ clkbuf_8_48_0_clk_regs/X (sky130_fd_sc_hd__clkbuf_16)
   0.0005    1.1472 ^ cpu_inst/_16270_/CLK (sky130_fd_sc_hd__dfxtp_1)
   0.6171    1.7642 ^ cpu_inst/_16270_/Q (sky130_fd_sc_hd__dfxtp_1)
   0.2723    2.0365 v cpu_inst/_08493_/X (sky130_fd_sc_hd__lpflow_isobufsrc_1)
   0.9506    2.9871 ^ cpu_inst/_08497_/Y (sky130_fd_sc_hd__nor4_1)
   0.5318    3.5189 v cpu_inst/_08513_/Y (sky130_fd_sc_hd__nand4_1)
   0.4072    3.9261 v cpu_inst/_08536_/X (sky130_fd_sc_hd__o211a_1)
   0.3008    4.2268 ^ cpu_inst/_10652_/Y (sky130_fd_sc_hd__nor4_2)
   0.3055    4.5324 ^ wire69/X (sky130_fd_sc_hd__clkbuf_4)
   0.2975    4.8299 v cpu_inst/_10655_/Y (sky130_fd_sc_hd__nand4_1)
   0.8224    5.6523 ^ cpu_inst/_10657_/Y (sky130_fd_sc_hd__nor4_1)
   0.4413    6.0936 v cpu_inst/_10660_/Y (sky130_fd_sc_hd__nand4_1)
   0.6307    6.7243 ^ cpu_inst/_10663_/Y (sky130_fd_sc_hd__nor4_1)
   0.3276    7.0519 v cpu_inst/_10665_/Y (sky130_fd_sc_hd__nand4_1)
   0.5187    7.5706 ^ cpu_inst/_10668_/Y (sky130_fd_sc_hd__nor4_1)
   0.3084    7.8791 v cpu_inst/_10671_/Y (sky130_fd_sc_hd__nand4_1)
   0.8804    8.7595 ^ cpu_inst/_10673_/Y (sky130_fd_sc_hd__nor4_1)
   0.6258    9.3853 v cpu_inst/_10675_/Y (sky130_fd_sc_hd__nand4_1)
   1.3392   10.7246 ^ cpu_inst/_10677_/Y (sky130_fd_sc_hd__nor4_1)
   0.7548   11.4794 v cpu_inst/_10680_/Y (sky130_fd_sc_hd__nand4_1)
   0.7726   12.2520 v cpu_inst/_10682_/X (sky130_fd_sc_hd__or4_1)
   0.5225   12.7744 ^ cpu_inst/_10684_/Y (sky130_fd_sc_hd__nor3_1)
   0.4214   13.1958 ^ cpu_inst/_10686_/X (sky130_fd_sc_hd__and3_1)
   0.4228   13.6186 ^ cpu_inst/_10688_/X (sky130_fd_sc_hd__and4_1)
   0.3535   13.9721 ^ cpu_inst/_10691_/X (sky130_fd_sc_hd__and4_1)
   0.1370   14.1091 v cpu_inst/_10692_/Y (sky130_fd_sc_hd__nand3_1)
   0.3357   14.4447 ^ cpu_inst/_10693_/X (sky130_fd_sc_hd__lpflow_isobufsrc_1)
   0.1520   14.5968 v cpu_inst/_10695_/Y (sky130_fd_sc_hd__nand3_1)
   0.4285   15.0253 ^ cpu_inst/_10696_/X (sky130_fd_sc_hd__lpflow_isobufsrc_1)
   0.1644   15.1897 v cpu_inst/_10698_/Y (sky130_fd_sc_hd__nand3_1)
   0.5419   15.7317 ^ cpu_inst/_10699_/X (sky130_fd_sc_hd__lpflow_isobufsrc_1)
   0.3134   16.0451 v cpu_inst/_10701_/Y (sky130_fd_sc_hd__nand3_1)
   0.6709   16.7161 ^ cpu_inst/_10702_/X (sky130_fd_sc_hd__lpflow_isobufsrc_1)
   0.4665   17.1826 v cpu_inst/_10704_/Y (sky130_fd_sc_hd__nand3_1)
   0.6174   17.8000 ^ cpu_inst/_10705_/X (sky130_fd_sc_hd__lpflow_isobufsrc_1)
   0.2085   18.0085 v cpu_inst/_10706_/Y (sky130_fd_sc_hd__nand3_1)
   0.2274   18.2359 ^ cpu_inst/_14222_/X (sky130_fd_sc_hd__xor2_1)
   0.0886   18.3245 v cpu_inst/_14223_/Y (sky130_fd_sc_hd__nor2_1)
   0.0003   18.3247 v cpu_inst/_16164_/D (sky130_fd_sc_hd__dfxtp_1)
            18.3247   data arrival time

  20.0000   20.0000   clock clk (rise edge)
   0.0000   20.0000   clock source latency
   0.0159   20.0159 ^ clk (in)
   0.1061   20.1220 ^ clkbuf_regs_0_clk/X (sky130_fd_sc_hd__clkbuf_16)
   0.1639   20.2859 ^ clkbuf_0_clk_regs/X (sky130_fd_sc_hd__clkbuf_16)
   0.1829   20.4687 ^ clkbuf_1_0_0_clk_regs/X (sky130_fd_sc_hd__clkbuf_16)
   0.1998   20.6686 ^ clkbuf_2_0_0_clk_regs/X (sky130_fd_sc_hd__clkbuf_16)
   0.2793   20.9479 ^ clkbuf_4_2_0_clk_regs/X (sky130_fd_sc_hd__clkbuf_16)
   0.2009   21.1488 ^ clkbuf_8_40_0_clk_regs/X (sky130_fd_sc_hd__clkbuf_16)
   0.0007   21.1495 ^ cpu_inst/_16164_/CLK (sky130_fd_sc_hd__dfxtp_1)
  -0.2500   20.8995   clock uncertainty
   0.0000   20.8995   clock reconvergence pessimism
  -0.1199   20.7796   library setup time
            20.7796   data required time
-------------------------------------------------------------
            20.7796   data required time
           -18.3247   data arrival time
-------------------------------------------------------------
             2.4549   slack (MET)


tns max 0.00
wns max 0.00
Performing Signoff Checks...
bash "/home/manal/projects/RiscV-mini-SoC"/scripts/run_flow.sh --design "mini_soc_top" --step signoff | tee output/signoff.log
Running Post-Route Sign-off STA...
OpenROAD v2.0-27886-g745f72f2bf 
Features included (+) or not (-): +GPU +GUI +Python
This program is licensed under the BSD-3 license. See the LICENSE file for details.
Components of this program may be licensed under more restrictive licenses which must be honored.
[INFO ODB-0227] LEF file: /home/manal/OpenROAD/test/sky130hd/sky130hd.tlef, created 13 layers, 25 vias
[WARNING ODB-0220] WARNING (LEFPARS-2008): NOWIREEXTENSIONATPIN statement is obsolete in version 5.6 or later.
The NOWIREEXTENSIONATPIN statement will be ignored. See file /home/manal/OpenROAD/test/sky130hd/sky130_fd_sc_hd.lef at line 2.

[INFO ODB-0227] LEF file: /home/manal/OpenROAD/test/sky130hd/sky130_fd_sc_hd.lef, created 437 library cells
[INFO ODB-0227] LEF file: ../macros/sky130_sram_1kbyte_1rw1r_32x256_8.lef, created 1 library cells
[INFO ODB-0127] Reading DEF file: output/routed.def
[INFO ODB-0128] Design: mini_soc_top
[INFO ODB-0094] 		Created 100000 Insts
[INFO ODB-0130]     Created 5 pins.
[INFO ODB-0131]     Created 179131 components and 756831 component-terminals.
[INFO ODB-0132]     Created 2 special nets and 358262 connections.
[INFO ODB-0133]     Created 11123 nets and 39674 connections.
[INFO ODB-0134] Finished DEF file: output/routed.def
Startpoint: reset_n (input port clocked by clk)
Endpoint: bus_inst/_297_ (recovery check against rising-edge clock clk)
Path Group: asynchronous
Path Type: max

  Delay    Time   Description
---------------------------------------------------------
   0.00    0.00   clock clk (rise edge)
   0.00    0.00   clock network delay (propagated)
   4.00    4.00 ^ input external delay
   0.53    4.53 ^ reset_n (in)
   0.00    4.53 ^ bus_inst/_297_/RESET_B (sky130_fd_sc_hd__dfrtp_2)
           4.53   data arrival time

  20.00   20.00   clock clk (rise edge)
   0.00   20.00   clock source latency
   0.02   20.02 ^ clk (in)
   0.11   20.12 ^ clkbuf_regs_0_clk/X (sky130_fd_sc_hd__clkbuf_16)
   0.16   20.29 ^ clkbuf_0_clk_regs/X (sky130_fd_sc_hd__clkbuf_16)
   0.18   20.47 ^ clkbuf_1_0_0_clk_regs/X (sky130_fd_sc_hd__clkbuf_16)
   0.20   20.67 ^ clkbuf_2_0_0_clk_regs/X (sky130_fd_sc_hd__clkbuf_16)
   0.28   20.95 ^ clkbuf_4_0_0_clk_regs/X (sky130_fd_sc_hd__clkbuf_16)
   0.19   21.14 ^ clkbuf_8_10_0_clk_regs/X (sky130_fd_sc_hd__clkbuf_16)
   0.00   21.14 ^ bus_inst/_297_/CLK (sky130_fd_sc_hd__dfrtp_2)
  -0.25   20.89   clock uncertainty
   0.00   20.89   clock reconvergence pessimism
  -0.08   20.81   library recovery time
          20.81   data required time
---------------------------------------------------------
          20.81   data required time
          -4.53   data arrival time
---------------------------------------------------------
          16.27   slack (MET)


Startpoint: cpu_inst/_16270_ (rising edge-triggered flip-flop clocked by clk)
Endpoint: cpu_inst/_16164_ (rising edge-triggered flip-flop clocked by clk)
Path Group: clk
Path Type: max

  Delay    Time   Description
---------------------------------------------------------
   0.00    0.00   clock clk (rise edge)
   0.00    0.00   clock source latency
   0.02    0.02 ^ clk (in)
   0.11    0.12 ^ clkbuf_regs_0_clk/X (sky130_fd_sc_hd__clkbuf_16)
   0.16    0.29 ^ clkbuf_0_clk_regs/X (sky130_fd_sc_hd__clkbuf_16)
   0.18    0.47 ^ clkbuf_1_0_0_clk_regs/X (sky130_fd_sc_hd__clkbuf_16)
   0.20    0.67 ^ clkbuf_2_0_0_clk_regs/X (sky130_fd_sc_hd__clkbuf_16)
   0.28    0.95 ^ clkbuf_4_3_0_clk_regs/X (sky130_fd_sc_hd__clkbuf_16)
   0.20    1.15 ^ clkbuf_8_48_0_clk_regs/X (sky130_fd_sc_hd__clkbuf_16)
   0.00    1.15 ^ cpu_inst/_16270_/CLK (sky130_fd_sc_hd__dfxtp_1)
   0.62    1.76 ^ cpu_inst/_16270_/Q (sky130_fd_sc_hd__dfxtp_1)
   0.27    2.04 v cpu_inst/_08493_/X (sky130_fd_sc_hd__lpflow_isobufsrc_1)
   0.95    2.99 ^ cpu_inst/_08497_/Y (sky130_fd_sc_hd__nor4_1)
   0.53    3.52 v cpu_inst/_08513_/Y (sky130_fd_sc_hd__nand4_1)
   0.41    3.93 v cpu_inst/_08536_/X (sky130_fd_sc_hd__o211a_1)
   0.30    4.23 ^ cpu_inst/_10652_/Y (sky130_fd_sc_hd__nor4_2)
   0.31    4.53 ^ wire69/X (sky130_fd_sc_hd__clkbuf_4)
   0.30    4.83 v cpu_inst/_10655_/Y (sky130_fd_sc_hd__nand4_1)
   0.82    5.65 ^ cpu_inst/_10657_/Y (sky130_fd_sc_hd__nor4_1)
   0.44    6.09 v cpu_inst/_10660_/Y (sky130_fd_sc_hd__nand4_1)
   0.63    6.72 ^ cpu_inst/_10663_/Y (sky130_fd_sc_hd__nor4_1)
   0.33    7.05 v cpu_inst/_10665_/Y (sky130_fd_sc_hd__nand4_1)
   0.52    7.57 ^ cpu_inst/_10668_/Y (sky130_fd_sc_hd__nor4_1)
   0.31    7.88 v cpu_inst/_10671_/Y (sky130_fd_sc_hd__nand4_1)
   0.88    8.76 ^ cpu_inst/_10673_/Y (sky130_fd_sc_hd__nor4_1)
   0.63    9.39 v cpu_inst/_10675_/Y (sky130_fd_sc_hd__nand4_1)
   1.34   10.72 ^ cpu_inst/_10677_/Y (sky130_fd_sc_hd__nor4_1)
   0.75   11.48 v cpu_inst/_10680_/Y (sky130_fd_sc_hd__nand4_1)
   0.77   12.25 v cpu_inst/_10682_/X (sky130_fd_sc_hd__or4_1)
   0.52   12.77 ^ cpu_inst/_10684_/Y (sky130_fd_sc_hd__nor3_1)
   0.42   13.20 ^ cpu_inst/_10686_/X (sky130_fd_sc_hd__and3_1)
   0.42   13.62 ^ cpu_inst/_10688_/X (sky130_fd_sc_hd__and4_1)
   0.35   13.97 ^ cpu_inst/_10691_/X (sky130_fd_sc_hd__and4_1)
   0.14   14.11 v cpu_inst/_10692_/Y (sky130_fd_sc_hd__nand3_1)
   0.34   14.44 ^ cpu_inst/_10693_/X (sky130_fd_sc_hd__lpflow_isobufsrc_1)
   0.15   14.60 v cpu_inst/_10695_/Y (sky130_fd_sc_hd__nand3_1)
   0.43   15.03 ^ cpu_inst/_10696_/X (sky130_fd_sc_hd__lpflow_isobufsrc_1)
   0.16   15.19 v cpu_inst/_10698_/Y (sky130_fd_sc_hd__nand3_1)
   0.54   15.73 ^ cpu_inst/_10699_/X (sky130_fd_sc_hd__lpflow_isobufsrc_1)
   0.31   16.05 v cpu_inst/_10701_/Y (sky130_fd_sc_hd__nand3_1)
   0.67   16.72 ^ cpu_inst/_10702_/X (sky130_fd_sc_hd__lpflow_isobufsrc_1)
   0.47   17.18 v cpu_inst/_10704_/Y (sky130_fd_sc_hd__nand3_1)
   0.62   17.80 ^ cpu_inst/_10705_/X (sky130_fd_sc_hd__lpflow_isobufsrc_1)
   0.21   18.01 v cpu_inst/_10706_/Y (sky130_fd_sc_hd__nand3_1)
   0.23   18.24 ^ cpu_inst/_14222_/X (sky130_fd_sc_hd__xor2_1)
   0.09   18.32 v cpu_inst/_14223_/Y (sky130_fd_sc_hd__nor2_1)
   0.00   18.32 v cpu_inst/_16164_/D (sky130_fd_sc_hd__dfxtp_1)
          18.32   data arrival time

  20.00   20.00   clock clk (rise edge)
   0.00   20.00   clock source latency
   0.02   20.02 ^ clk (in)
   0.11   20.12 ^ clkbuf_regs_0_clk/X (sky130_fd_sc_hd__clkbuf_16)
   0.16   20.29 ^ clkbuf_0_clk_regs/X (sky130_fd_sc_hd__clkbuf_16)
   0.18   20.47 ^ clkbuf_1_0_0_clk_regs/X (sky130_fd_sc_hd__clkbuf_16)
   0.20   20.67 ^ clkbuf_2_0_0_clk_regs/X (sky130_fd_sc_hd__clkbuf_16)
   0.28   20.95 ^ clkbuf_4_2_0_clk_regs/X (sky130_fd_sc_hd__clkbuf_16)
   0.20   21.15 ^ clkbuf_8_40_0_clk_regs/X (sky130_fd_sc_hd__clkbuf_16)
   0.00   21.15 ^ cpu_inst/_16164_/CLK (sky130_fd_sc_hd__dfxtp_1)
  -0.25   20.90   clock uncertainty
   0.00   20.90   clock reconvergence pessimism
  -0.12   20.78   library setup time
          20.78   data required time
---------------------------------------------------------
          20.78   data required time
         -18.32   data arrival time
---------------------------------------------------------
           2.45   slack (MET)


Startpoint: reset_n (input port clocked by clk)
Endpoint: bus_inst/_300_ (removal check against rising-edge clock clk)
Path Group: asynchronous
Path Type: min

  Delay    Time   Description
---------------------------------------------------------
   0.00    0.00   clock clk (rise edge)
   0.00    0.00   clock network delay (propagated)
   4.00    4.00 ^ input external delay
   0.28    4.28 ^ reset_n (in)
   0.00    4.28 ^ bus_inst/_300_/RESET_B (sky130_fd_sc_hd__dfrtp_1)
           4.28   data arrival time

   0.00    0.00   clock clk (rise edge)
   1.14    1.14   clock network delay (propagated)
   0.25    1.39   clock uncertainty
   0.00    1.39   clock reconvergence pessimism
           1.39 ^ bus_inst/_300_/CLK (sky130_fd_sc_hd__dfrtp_1)
   0.44    1.83   library removal time
           1.83   data required time
---------------------------------------------------------
           1.83   data required time
          -4.28   data arrival time
---------------------------------------------------------
           2.46   slack (MET)


Startpoint: cpu_inst/_16646_ (rising edge-triggered flip-flop clocked by clk)
Endpoint: dmem_inst/sram_macro (falling edge-triggered flip-flop clocked by clk)
Path Group: clk
Path Type: min

  Delay    Time   Description
---------------------------------------------------------
   0.00    0.00   clock clk (rise edge)
   1.09    1.09   clock network delay (propagated)
   0.00    1.09 ^ cpu_inst/_16646_/CLK (sky130_fd_sc_hd__dfxtp_1)
   0.36    1.45 v cpu_inst/_16646_/Q (sky130_fd_sc_hd__dfxtp_1)
   0.00    1.45 v dmem_inst/sram_macro/din0[27] (sky130_sram_1kbyte_1rw1r_32x256_8)
           1.45   data arrival time

   0.00    0.00   clock clk (rise edge)
   1.11    1.11   clock network delay (propagated)
   0.25    1.36   clock uncertainty
   0.00    1.36   clock reconvergence pessimism
           1.36 ^ dmem_inst/sram_macro/clk0 (sky130_sram_1kbyte_1rw1r_32x256_8)
  -0.06    1.30   library hold time
           1.30   data required time
---------------------------------------------------------
           1.30   data required time
          -1.45   data arrival time
---------------------------------------------------------
           0.15   slack (MET)


tns max 0.00
wns max 0.00
Design area 493148 um^2 24% utilization.
Clock clk
   1.26 source latency imem_inst/sram_macro/clk0 v
  -1.13 target latency cpu_inst/_16562_/CLK ^
   0.25 clock uncertainty
   0.00 CRPR
--------------
   0.39 setup skew

Group                  Internal  Switching    Leakage      Total
                          Power      Power      Power      Power (Watts)
----------------------------------------------------------------
Sequential             4.08e-03   2.41e-04   1.62e-08   4.32e-03  33.6%
Combinational          3.62e-04   7.49e-04   1.88e-08   1.11e-03   8.6%
Clock                  3.25e-03   2.23e-03   4.91e-09   5.47e-03  42.6%
Macro                  1.92e-03   0.00e+00   3.81e-05   1.96e-03  15.2%
Pad                    0.00e+00   0.00e+00   0.00e+00   0.00e+00   0.0%
----------------------------------------------------------------
Total                  9.61e-03   3.22e-03   3.81e-05   1.29e-02 100.0%
                          74.7%      25.0%       0.3%
Generating GDS file...
magic -dnull -noconsole -rcfile sky130A_fixed.magicrc merge.tcl | tee output/gds.log

Magic 8.3 revision 411 - Compiled on Thu Apr  2 08:30:18 AM IST 2026.
Starting magic under Tcl interpreter
Using the terminal as the console.
Using NULL graphics device.
Processing system .magicrc file
Input style sky130(): scaleFactor=2, multiplier=2
The following types are not handled by extraction and will be treated as non-electrical types:
    ubm 
Loading "merge.tcl" from command line.
Warning: Calma reading is not undoable!  I hope that's OK.
Library written using GDS-II Release 3.0
Library name: sky130_fd_sc_hd
Reading "sky130_fd_sc_hd__or4bb_4".
CIF file read warning: Input off lambda grid by 1/2; grid redefined.
Reading "sky130_fd_sc_hd__probe_p_8".
Reading "sky130_fd_sc_hd__probec_p_8".
Reading "sky130_fd_sc_hd__sdfbbn_1".
Reading "sky130_fd_sc_hd__sdfsbp_2".
Reading "sky130_fd_sc_hd__sdfsbp_1".
Reading "sky130_fd_sc_hd__sdfrtp_4".
Reading "sky130_fd_sc_hd__sdfrtp_2".
Reading "sky130_fd_sc_hd__sdfrtp_1".
Reading "sky130_fd_sc_hd__sdfrtn_1".
Reading "sky130_fd_sc_hd__sdfrbp_2".
Reading "sky130_fd_sc_hd__sdfrbp_1".
Reading "sky130_fd_sc_hd__sdfbbp_1".
Reading "sky130_fd_sc_hd__sdfbbn_2".
Reading "sky130_fd_sc_hd__sdfstp_1".
Reading "sky130_fd_sc_hd__sdfstp_2".
Reading "sky130_fd_sc_hd__sdfstp_4".
Reading "sky130_fd_sc_hd__sdfxbp_1".
Reading "sky130_fd_sc_hd__sdfxbp_2".
Reading "sky130_fd_sc_hd__sdfxtp_1".
Reading "sky130_fd_sc_hd__sdfxtp_2".
Reading "sky130_fd_sc_hd__sdfxtp_4".
Reading "sky130_fd_sc_hd__sdlclkp_1".
Reading "sky130_fd_sc_hd__sdlclkp_2".
Reading "sky130_fd_sc_hd__sdlclkp_4".
Reading "sky130_fd_sc_hd__sedfxbp_1".
Reading "sky130_fd_sc_hd__sedfxbp_2".
Reading "sky130_fd_sc_hd__sedfxtp_1".
Reading "sky130_fd_sc_hd__sedfxtp_2".
Reading "sky130_fd_sc_hd__sedfxtp_4".
Reading "sky130_fd_sc_hd__tap_1".
Reading "sky130_fd_sc_hd__tap_2".
Reading "sky130_fd_sc_hd__xor2_1".
Reading "sky130_fd_sc_hd__xnor3_4".
Reading "sky130_fd_sc_hd__xnor3_2".
Reading "sky130_fd_sc_hd__xnor3_1".
Reading "sky130_fd_sc_hd__xnor2_4".
Reading "sky130_fd_sc_hd__xnor2_2".
Reading "sky130_fd_sc_hd__xnor2_1".
Reading "sky130_fd_sc_hd__tapvpwrvgnd_1".
Reading "sky130_fd_sc_hd__tapvgnd_1".
Reading "sky130_fd_sc_hd__tapvgnd2_1".
Reading "sky130_fd_sc_hd__xor2_2".
Reading "sky130_fd_sc_hd__xor2_4".
Reading "sky130_fd_sc_hd__xor3_1".
Reading "sky130_fd_sc_hd__xor3_2".
Reading "sky130_fd_sc_hd__xor3_4".
Reading "sky130_fd_sc_hd__o41a_4".
Reading "sky130_fd_sc_hd__o41ai_1".
Reading "sky130_fd_sc_hd__o41ai_2".
Reading "sky130_fd_sc_hd__o41ai_4".
Reading "sky130_fd_sc_hd__o211a_1".
Reading "sky130_fd_sc_hd__o211a_2".
Reading "sky130_fd_sc_hd__o211a_4".
Reading "sky130_fd_sc_hd__o211ai_1".
Reading "sky130_fd_sc_hd__o211ai_2".
Reading "sky130_fd_sc_hd__o211ai_4".
Reading "sky130_fd_sc_hd__o221a_1".
Reading "sky130_fd_sc_hd__o221a_2".
Reading "sky130_fd_sc_hd__o221a_4".
Reading "sky130_fd_sc_hd__o221ai_1".
Reading "sky130_fd_sc_hd__o221ai_2".
Reading "sky130_fd_sc_hd__o221ai_4".
Reading "sky130_fd_sc_hd__o2111a_4".
Reading "sky130_fd_sc_hd__o2111a_2".
Reading "sky130_fd_sc_hd__o2111a_1".
Reading "sky130_fd_sc_hd__o311ai_4".
Reading "sky130_fd_sc_hd__o311ai_2".
Reading "sky130_fd_sc_hd__o311ai_1".
Reading "sky130_fd_sc_hd__o311ai_0".
Reading "sky130_fd_sc_hd__o311a_4".
Reading "sky130_fd_sc_hd__o311a_2".
Reading "sky130_fd_sc_hd__o311a_1".
Reading "sky130_fd_sc_hd__o2111ai_1".
Reading "sky130_fd_sc_hd__o2111ai_2".
Reading "sky130_fd_sc_hd__o2111ai_4".
Reading "sky130_fd_sc_hd__or2_0".
Reading "sky130_fd_sc_hd__or2_1".
Reading "sky130_fd_sc_hd__or2_2".
Reading "sky130_fd_sc_hd__or2_4".
Reading "sky130_fd_sc_hd__or2b_1".
Reading "sky130_fd_sc_hd__or2b_2".
Reading "sky130_fd_sc_hd__or2b_4".
Reading "sky130_fd_sc_hd__or3_1".
Reading "sky130_fd_sc_hd__or3_2".
Reading "sky130_fd_sc_hd__or3_4".
Reading "sky130_fd_sc_hd__or3b_1".
Reading "sky130_fd_sc_hd__or3b_2".
Reading "sky130_fd_sc_hd__or3b_4".
Reading "sky130_fd_sc_hd__or4_1".
Reading "sky130_fd_sc_hd__or4_2".
Reading "sky130_fd_sc_hd__or4_4".
Reading "sky130_fd_sc_hd__or4b_1".
Reading "sky130_fd_sc_hd__or4b_2".
Reading "sky130_fd_sc_hd__or4b_4".
Reading "sky130_fd_sc_hd__or4bb_1".
Reading "sky130_fd_sc_hd__or4bb_2".
Reading "sky130_fd_sc_hd__nor3b_2".
Reading "sky130_fd_sc_hd__nor3b_4".
Reading "sky130_fd_sc_hd__nor4_1".
Reading "sky130_fd_sc_hd__nor4_2".
Reading "sky130_fd_sc_hd__nor4_4".
Reading "sky130_fd_sc_hd__nor4b_1".
Reading "sky130_fd_sc_hd__nor4b_2".
Reading "sky130_fd_sc_hd__nor4b_4".
Reading "sky130_fd_sc_hd__nor4bb_1".
Reading "sky130_fd_sc_hd__nor4bb_2".
Reading "sky130_fd_sc_hd__nor4bb_4".
Moving label "k" from mvpsubdiff to pwell in cell sky130_fd_sc_hd__nor4bb_4.
Reading "sky130_fd_sc_hd__o2bb2a_1".
Reading "sky130_fd_sc_hd__o2bb2a_2".
Reading "sky130_fd_sc_hd__o2bb2a_4".
Reading "sky130_fd_sc_hd__o2bb2ai_1".
Reading "sky130_fd_sc_hd__o2bb2ai_2".
Reading "sky130_fd_sc_hd__o2bb2ai_4".
Reading "sky130_fd_sc_hd__o21a_1".
Reading "sky130_fd_sc_hd__o21a_2".
Reading "sky130_fd_sc_hd__o21ai_2".
Reading "sky130_fd_sc_hd__o21ai_1".
Reading "sky130_fd_sc_hd__o21ai_0".
Reading "sky130_fd_sc_hd__o21a_4".
Reading "sky130_fd_sc_hd__o21ba_2".
Reading "sky130_fd_sc_hd__o21ba_1".
Reading "sky130_fd_sc_hd__o21ai_4".
Reading "sky130_fd_sc_hd__o21bai_2".
Reading "sky130_fd_sc_hd__o21bai_1".
Reading "sky130_fd_sc_hd__o21ba_4".
Reading "sky130_fd_sc_hd__o21bai_4".
Reading "sky130_fd_sc_hd__o22a_1".
Reading "sky130_fd_sc_hd__o22a_2".
Reading "sky130_fd_sc_hd__o22a_4".
Reading "sky130_fd_sc_hd__o22ai_1".
Reading "sky130_fd_sc_hd__o22ai_2".
Reading "sky130_fd_sc_hd__o22ai_4".
Reading "sky130_fd_sc_hd__o31a_1".
Reading "sky130_fd_sc_hd__o31a_2".
Reading "sky130_fd_sc_hd__o31a_4".
Reading "sky130_fd_sc_hd__o31ai_1".
Reading "sky130_fd_sc_hd__o31ai_2".
Reading "sky130_fd_sc_hd__o31ai_4".
Reading "sky130_fd_sc_hd__o32a_1".
Reading "sky130_fd_sc_hd__o32a_2".
Reading "sky130_fd_sc_hd__o32a_4".
Reading "sky130_fd_sc_hd__o32ai_1".
Reading "sky130_fd_sc_hd__o32ai_2".
Reading "sky130_fd_sc_hd__o32ai_4".
Reading "sky130_fd_sc_hd__o41a_1".
Reading "sky130_fd_sc_hd__o41a_2".
Reading "sky130_fd_sc_hd__lpflow_lsbuf_lh_hl_isowell_tap_1".
CIF file read warning: CIF style sky130(): units rescaled by factor of 5 / 1
Reading "sky130_fd_sc_hd__lpflow_lsbuf_lh_hl_isowell_tap_2".
Reading "sky130_fd_sc_hd__lpflow_lsbuf_lh_hl_isowell_tap_4".
Reading "sky130_fd_sc_hd__lpflow_lsbuf_lh_isowell_4".
Reading "sky130_fd_sc_hd__lpflow_lsbuf_lh_isowell_tap_1".
Reading "sky130_fd_sc_hd__lpflow_lsbuf_lh_isowell_tap_2".
Reading "sky130_fd_sc_hd__lpflow_lsbuf_lh_isowell_tap_4".
Reading "sky130_fd_sc_hd__nor2_2".
Reading "sky130_fd_sc_hd__nand2_2".
Reading "sky130_fd_sc_hd__inv_2".
Reading "sky130_fd_sc_hd__conb_1".
Reading "sky130_fd_sc_hd__macro_sparecell".
Reading "sky130_fd_sc_hd__maj3_1".
Reading "sky130_fd_sc_hd__maj3_2".
Reading "sky130_fd_sc_hd__maj3_4".
Reading "sky130_fd_sc_hd__mux2_1".
Reading "sky130_fd_sc_hd__mux2_2".
Reading "sky130_fd_sc_hd__mux2_4".
Reading "sky130_fd_sc_hd__mux2_8".
Reading "sky130_fd_sc_hd__mux2i_1".
Reading "sky130_fd_sc_hd__mux2i_2".
Reading "sky130_fd_sc_hd__nand2_1".
Reading "sky130_fd_sc_hd__nand2_4".
Reading "sky130_fd_sc_hd__nand2_8".
Reading "sky130_fd_sc_hd__nand2b_1".
Reading "sky130_fd_sc_hd__mux2i_4".
Reading "sky130_fd_sc_hd__mux4_1".
Reading "sky130_fd_sc_hd__mux4_2".
Reading "sky130_fd_sc_hd__mux4_4".
Reading "sky130_fd_sc_hd__nand2b_2".
Reading "sky130_fd_sc_hd__nand2b_4".
Reading "sky130_fd_sc_hd__nand3_1".
Reading "sky130_fd_sc_hd__nand3_2".
Reading "sky130_fd_sc_hd__nand3_4".
Reading "sky130_fd_sc_hd__nand3b_1".
Reading "sky130_fd_sc_hd__nand3b_2".
Reading "sky130_fd_sc_hd__nand3b_4".
Reading "sky130_fd_sc_hd__nand4_1".
Reading "sky130_fd_sc_hd__nand4_2".
Reading "sky130_fd_sc_hd__nand4_4".
Reading "sky130_fd_sc_hd__nand4b_1".
Reading "sky130_fd_sc_hd__nand4b_2".
Reading "sky130_fd_sc_hd__nand4b_4".
Reading "sky130_fd_sc_hd__nand4bb_1".
Reading "sky130_fd_sc_hd__nand4bb_2".
Reading "sky130_fd_sc_hd__nand4bb_4".
Reading "sky130_fd_sc_hd__nor2_1".
Reading "sky130_fd_sc_hd__nor2_4".
Reading "sky130_fd_sc_hd__nor2_8".
Reading "sky130_fd_sc_hd__nor2b_1".
Reading "sky130_fd_sc_hd__nor2b_2".
Reading "sky130_fd_sc_hd__nor2b_4".
Reading "sky130_fd_sc_hd__nor3_1".
Reading "sky130_fd_sc_hd__nor3_2".
Reading "sky130_fd_sc_hd__nor3_4".
Reading "sky130_fd_sc_hd__nor3b_1".
Reading "sky130_fd_sc_hd__einvp_1".
Reading "sky130_fd_sc_hd__einvp_2".
Reading "sky130_fd_sc_hd__einvp_4".
Reading "sky130_fd_sc_hd__einvp_8".
Reading "sky130_fd_sc_hd__fa_1".
Reading "sky130_fd_sc_hd__fa_2".
Reading "sky130_fd_sc_hd__fa_4".
Reading "sky130_fd_sc_hd__fah_1".
Reading "sky130_fd_sc_hd__fahcin_1".
Reading "sky130_fd_sc_hd__fahcon_1".
Reading "sky130_fd_sc_hd__fill_1".
Reading "sky130_fd_sc_hd__fill_2".
Reading "sky130_fd_sc_hd__fill_4".
Reading "sky130_fd_sc_hd__fill_8".
Reading "sky130_fd_sc_hd__ha_1".
Reading "sky130_fd_sc_hd__ha_2".
Reading "sky130_fd_sc_hd__ha_4".
Reading "sky130_fd_sc_hd__inv_1".
Reading "sky130_fd_sc_hd__inv_16".
Reading "sky130_fd_sc_hd__inv_12".
Reading "sky130_fd_sc_hd__inv_8".
Reading "sky130_fd_sc_hd__inv_6".
Reading "sky130_fd_sc_hd__inv_4".
Reading "sky130_fd_sc_hd__lpflow_clkbufkapwr_4".
Reading "sky130_fd_sc_hd__lpflow_clkbufkapwr_2".
Reading "sky130_fd_sc_hd__lpflow_clkbufkapwr_1".
Reading "sky130_fd_sc_hd__lpflow_bleeder_1".
Reading "sky130_fd_sc_hd__lpflow_clkbufkapwr_8".
Reading "sky130_fd_sc_hd__lpflow_clkbufkapwr_16".
Reading "sky130_fd_sc_hd__lpflow_clkinvkapwr_1".
Reading "sky130_fd_sc_hd__lpflow_clkinvkapwr_2".
Reading "sky130_fd_sc_hd__lpflow_clkinvkapwr_4".
Reading "sky130_fd_sc_hd__lpflow_clkinvkapwr_8".
Reading "sky130_fd_sc_hd__lpflow_clkinvkapwr_16".
Reading "sky130_fd_sc_hd__lpflow_decapkapwr_3".
Reading "sky130_fd_sc_hd__lpflow_decapkapwr_4".
Reading "sky130_fd_sc_hd__lpflow_decapkapwr_6".
Reading "sky130_fd_sc_hd__lpflow_inputiso0n_1".
Reading "sky130_fd_sc_hd__lpflow_decapkapwr_12".
Reading "sky130_fd_sc_hd__lpflow_decapkapwr_8".
Reading "sky130_fd_sc_hd__lpflow_inputisolatch_1".
Reading "sky130_fd_sc_hd__lpflow_inputiso1p_1".
Reading "sky130_fd_sc_hd__lpflow_inputiso1n_1".
Reading "sky130_fd_sc_hd__lpflow_inputiso0p_1".
Reading "sky130_fd_sc_hd__lpflow_isobufsrc_4".
Reading "sky130_fd_sc_hd__lpflow_isobufsrc_2".
Reading "sky130_fd_sc_hd__lpflow_isobufsrc_1".
Reading "sky130_fd_sc_hd__lpflow_isobufsrc_8".
Reading "sky130_fd_sc_hd__lpflow_isobufsrc_16".
Reading "sky130_fd_sc_hd__lpflow_isobufsrckapwr_16".
Reading "sky130_fd_sc_hd__dfrtp_2".
Reading "sky130_fd_sc_hd__dfrtp_4".
Reading "sky130_fd_sc_hd__dfsbp_1".
Reading "sky130_fd_sc_hd__dfsbp_2".
Reading "sky130_fd_sc_hd__dfstp_1".
Reading "sky130_fd_sc_hd__dfstp_2".
Reading "sky130_fd_sc_hd__dfstp_4".
Reading "sky130_fd_sc_hd__dfxbp_1".
Reading "sky130_fd_sc_hd__dfxbp_2".
Reading "sky130_fd_sc_hd__dfxtp_1".
Reading "sky130_fd_sc_hd__dfxtp_2".
Reading "sky130_fd_sc_hd__dfxtp_4".
Reading "sky130_fd_sc_hd__diode_2".
Reading "sky130_fd_sc_hd__dlclkp_1".
Reading "sky130_fd_sc_hd__dlclkp_2".
Reading "sky130_fd_sc_hd__dlclkp_4".
Reading "sky130_fd_sc_hd__dlrbn_1".
Reading "sky130_fd_sc_hd__dlrbp_1".
Reading "sky130_fd_sc_hd__dlrtn_1".
Reading "sky130_fd_sc_hd__dlrtn_2".
Reading "sky130_fd_sc_hd__dlrbn_2".
Reading "sky130_fd_sc_hd__dlrbp_2".
Reading "sky130_fd_sc_hd__dlrtn_4".
Reading "sky130_fd_sc_hd__dlrtp_1".
Reading "sky130_fd_sc_hd__dlrtp_2".
Reading "sky130_fd_sc_hd__dlrtp_4".
Reading "sky130_fd_sc_hd__dlxbn_1".
Reading "sky130_fd_sc_hd__dlxbn_2".
Reading "sky130_fd_sc_hd__dlxbp_1".
Reading "sky130_fd_sc_hd__dlxtn_1".
Reading "sky130_fd_sc_hd__dlxtn_2".
Reading "sky130_fd_sc_hd__dlxtn_4".
Reading "sky130_fd_sc_hd__dlxtp_1".
Reading "sky130_fd_sc_hd__dlygate4sd1_1".
Reading "sky130_fd_sc_hd__dlygate4sd2_1".
Reading "sky130_fd_sc_hd__dlygate4sd3_1".
Reading "sky130_fd_sc_hd__dlymetal6s2s_1".
Reading "sky130_fd_sc_hd__dlymetal6s4s_1".
Reading "sky130_fd_sc_hd__dlymetal6s6s_1".
Reading "sky130_fd_sc_hd__ebufn_1".
Reading "sky130_fd_sc_hd__ebufn_2".
Reading "sky130_fd_sc_hd__ebufn_4".
Reading "sky130_fd_sc_hd__einvn_0".
Reading "sky130_fd_sc_hd__einvn_1".
Reading "sky130_fd_sc_hd__einvn_2".
Reading "sky130_fd_sc_hd__einvn_4".
Reading "sky130_fd_sc_hd__ebufn_8".
Reading "sky130_fd_sc_hd__edfxbp_1".
Reading "sky130_fd_sc_hd__edfxtp_1".
Reading "sky130_fd_sc_hd__einvn_8".
Reading "sky130_fd_sc_hd__and4_4".
Reading "sky130_fd_sc_hd__and4b_1".
Reading "sky130_fd_sc_hd__and4b_2".
Reading "sky130_fd_sc_hd__and4b_4".
Reading "sky130_fd_sc_hd__and4bb_1".
Reading "sky130_fd_sc_hd__and4bb_2".
Reading "sky130_fd_sc_hd__and4bb_4".
Reading "sky130_fd_sc_hd__buf_1".
Reading "sky130_fd_sc_hd__buf_2".
Reading "sky130_fd_sc_hd__buf_4".
Reading "sky130_fd_sc_hd__buf_6".
Reading "sky130_fd_sc_hd__buf_8".
Reading "sky130_fd_sc_hd__buf_12".
Reading "sky130_fd_sc_hd__buf_16".
Reading "sky130_fd_sc_hd__bufbuf_8".
Reading "sky130_fd_sc_hd__clkdlybuf4s15_2".
Reading "sky130_fd_sc_hd__clkdlybuf4s15_1".
Reading "sky130_fd_sc_hd__clkbuf_16".
Reading "sky130_fd_sc_hd__clkbuf_8".
Reading "sky130_fd_sc_hd__clkbuf_4".
Reading "sky130_fd_sc_hd__clkbuf_2".
Reading "sky130_fd_sc_hd__clkbuf_1".
Reading "sky130_fd_sc_hd__bufinv_16".
Reading "sky130_fd_sc_hd__bufinv_8".
Reading "sky130_fd_sc_hd__bufbuf_16".
Reading "sky130_fd_sc_hd__clkdlybuf4s18_1".
Reading "sky130_fd_sc_hd__clkdlybuf4s18_2".
Reading "sky130_fd_sc_hd__clkdlybuf4s25_1".
Reading "sky130_fd_sc_hd__clkdlybuf4s25_2".
Reading "sky130_fd_sc_hd__clkdlybuf4s50_1".
Reading "sky130_fd_sc_hd__clkdlybuf4s50_2".
Reading "sky130_fd_sc_hd__clkinv_1".
Reading "sky130_fd_sc_hd__clkinv_2".
Reading "sky130_fd_sc_hd__clkinv_4".
Reading "sky130_fd_sc_hd__dfbbn_1".
Reading "sky130_fd_sc_hd__decap_12".
Reading "sky130_fd_sc_hd__decap_8".
Reading "sky130_fd_sc_hd__decap_6".
Reading "sky130_fd_sc_hd__decap_4".
Reading "sky130_fd_sc_hd__decap_3".
Reading "sky130_fd_sc_hd__clkinvlp_4".
Reading "sky130_fd_sc_hd__clkinvlp_2".
Reading "sky130_fd_sc_hd__clkinv_16".
Reading "sky130_fd_sc_hd__clkinv_8".
Reading "sky130_fd_sc_hd__dfbbn_2".
Reading "sky130_fd_sc_hd__dfbbp_1".
Reading "sky130_fd_sc_hd__dfrbp_1".
Reading "sky130_fd_sc_hd__dfrbp_2".
Reading "sky130_fd_sc_hd__dfrtn_1".
Reading "sky130_fd_sc_hd__dfrtp_1".
Reading "sky130_fd_sc_hd__a32oi_1".
Reading "sky130_fd_sc_hd__a32oi_2".
Reading "sky130_fd_sc_hd__a32oi_4".
Reading "sky130_fd_sc_hd__a41o_1".
Reading "sky130_fd_sc_hd__a41o_2".
Reading "sky130_fd_sc_hd__a41o_4".
Reading "sky130_fd_sc_hd__a41oi_1".
Reading "sky130_fd_sc_hd__a41oi_2".
Reading "sky130_fd_sc_hd__a41oi_4".
Reading "sky130_fd_sc_hd__a221o_4".
Reading "sky130_fd_sc_hd__a221o_2".
Reading "sky130_fd_sc_hd__a221oi_1".
Reading "sky130_fd_sc_hd__a211oi_2".
Reading "sky130_fd_sc_hd__a211oi_1".
Reading "sky130_fd_sc_hd__a211o_4".
Reading "sky130_fd_sc_hd__a211o_2".
Reading "sky130_fd_sc_hd__a211o_1".
Reading "sky130_fd_sc_hd__a221o_1".
Reading "sky130_fd_sc_hd__a211oi_4".
Reading "sky130_fd_sc_hd__a221oi_2".
Reading "sky130_fd_sc_hd__a221oi_4".
Reading "sky130_fd_sc_hd__a222oi_1".
Reading "sky130_fd_sc_hd__a311o_1".
Reading "sky130_fd_sc_hd__a311o_2".
Reading "sky130_fd_sc_hd__a311o_4".
Reading "sky130_fd_sc_hd__a311oi_1".
Reading "sky130_fd_sc_hd__a311oi_2".
Reading "sky130_fd_sc_hd__a311oi_4".
Reading "sky130_fd_sc_hd__a2111o_1".
Reading "sky130_fd_sc_hd__a2111o_2".
Reading "sky130_fd_sc_hd__a2111o_4".
Reading "sky130_fd_sc_hd__a2111oi_0".
Reading "sky130_fd_sc_hd__a2111oi_1".
Reading "sky130_fd_sc_hd__a2111oi_2".
Reading "sky130_fd_sc_hd__a2111oi_4".
Reading "sky130_fd_sc_hd__and2_0".
Reading "sky130_fd_sc_hd__and2_1".
Reading "sky130_fd_sc_hd__and2b_1".
Reading "sky130_fd_sc_hd__and2_4".
Reading "sky130_fd_sc_hd__and2_2".
Reading "sky130_fd_sc_hd__and2b_4".
Reading "sky130_fd_sc_hd__and2b_2".
Reading "sky130_fd_sc_hd__and3_4".
Reading "sky130_fd_sc_hd__and3_2".
Reading "sky130_fd_sc_hd__and3_1".
Reading "sky130_fd_sc_hd__and3b_2".
Reading "sky130_fd_sc_hd__and3b_1".
Reading "sky130_fd_sc_hd__and3b_4".
Reading "sky130_fd_sc_hd__and4_1".
Reading "sky130_fd_sc_hd__and4_2".
Reading "sky130_ef_sc_hd__decap_12".
Reading "sky130_ef_sc_hd__fill_4".
Reading "sky130_ef_sc_hd__fill_8".
Reading "sky130_ef_sc_hd__fill_12".
Reading "sky130_fd_sc_hd__a2bb2o_1".
Reading "sky130_fd_sc_hd__a2bb2o_2".
Reading "sky130_fd_sc_hd__a2bb2o_4".
Reading "sky130_fd_sc_hd__a2bb2oi_1".
Reading "sky130_fd_sc_hd__a2bb2oi_2".
Reading "sky130_fd_sc_hd__a2bb2oi_4".
Reading "sky130_fd_sc_hd__a21bo_1".
Reading "sky130_fd_sc_hd__a21bo_2".
Reading "sky130_fd_sc_hd__a21bo_4".
Reading "sky130_fd_sc_hd__a21boi_0".
Reading "sky130_fd_sc_hd__a21boi_1".
Reading "sky130_fd_sc_hd__a21boi_2".
Reading "sky130_fd_sc_hd__a21boi_4".
Reading "sky130_fd_sc_hd__a21o_1".
Reading "sky130_fd_sc_hd__a21o_2".
Reading "sky130_fd_sc_hd__a22o_1".
Reading "sky130_fd_sc_hd__a21oi_4".
Reading "sky130_fd_sc_hd__a21oi_2".
Reading "sky130_fd_sc_hd__a22oi_2".
Reading "sky130_fd_sc_hd__a22oi_1".
Reading "sky130_fd_sc_hd__a22o_4".
Reading "sky130_fd_sc_hd__a22o_2".
Reading "sky130_fd_sc_hd__a22oi_4".
Reading "sky130_fd_sc_hd__a21oi_1".
Reading "sky130_fd_sc_hd__a21o_4".
Reading "sky130_fd_sc_hd__a31o_1".
Reading "sky130_fd_sc_hd__a31o_2".
Reading "sky130_fd_sc_hd__a31o_4".
Reading "sky130_fd_sc_hd__a31oi_1".
Reading "sky130_fd_sc_hd__a31oi_2".
Reading "sky130_fd_sc_hd__a31oi_4".
Reading "sky130_fd_sc_hd__a32o_1".
Reading "sky130_fd_sc_hd__a32o_2".
Reading "sky130_fd_sc_hd__a32o_4".
Warning: Calma reading is not undoable!  I hope that's OK.
Library written using GDS-II Release 6.0
Library name: DEFAULT.DB
Reading "sky130_sram_1kbyte_1rw1r_32x256_8_contact_11".
Reading "sky130_sram_1kbyte_1rw1r_32x256_8_contact_12".
Reading "sky130_sram_1kbyte_1rw1r_32x256_8_nmos_m1_w0_360_sli_dli_da_p".
Reading "sky130_sram_1kbyte_1rw1r_32x256_8_pmos_m1_w1_120_sli_dli_da_p".
Reading "sky130_sram_1kbyte_1rw1r_32x256_8_contact_15".
Reading "sky130_sram_1kbyte_1rw1r_32x256_8_contact_29".
Reading "sky130_sram_1kbyte_1rw1r_32x256_8_contact_28".
Reading "sky130_sram_1kbyte_1rw1r_32x256_8_nmos_m2_w0_740_sli_dli_da_p".
Reading "sky130_sram_1kbyte_1rw1r_32x256_8_pmos_m2_w1_260_sli_dli_da_p".
Reading "sky130_sram_1kbyte_1rw1r_32x256_8_contact_16".
Reading "sky130_sram_1kbyte_1rw1r_32x256_8_contact_14".
Reading "sky130_sram_1kbyte_1rw1r_32x256_8_contact_13".
Reading "sky130_sram_1kbyte_1rw1r_32x256_8_nmos_m1_w7_000_sli_dli_da_p".
Reading "sky130_sram_1kbyte_1rw1r_32x256_8_pmos_m1_w7_000_sli_dli_da_p".
Reading "sky130_fd_bd_sram__openram_dp_nand3_dec".
Reading "sky130_fd_bd_sram__openram_dp_nand2_dec".
Reading "sky130_sram_1kbyte_1rw1r_32x256_8_pinv_dec".
Reading "sky130_sram_1kbyte_1rw1r_32x256_8_pinv".
Reading "sky130_sram_1kbyte_1rw1r_32x256_8_nmos_m1_w0_740_sactive_dli".
Reading "sky130_sram_1kbyte_1rw1r_32x256_8_nmos_m1_w0_740_sli_dactive".
Reading "sky130_sram_1kbyte_1rw1r_32x256_8_pmos_m1_w1_120_sli_dli".
Reading "sky130_sram_1kbyte_1rw1r_32x256_8_nmos_m18_w2_000_sli_dli_da_p".
Reading "sky130_sram_1kbyte_1rw1r_32x256_8_pmos_m18_w2_000_sli_dli_da_p".
Reading "sky130_sram_1kbyte_1rw1r_32x256_8_nmos_m22_w2_000_sli_dli_da_p".
Reading "sky130_sram_1kbyte_1rw1r_32x256_8_pmos_m22_w2_000_sli_dli_da_p".
Reading "sky130_sram_1kbyte_1rw1r_32x256_8_nmos_m7_w1_680_sli_dli_da_p".
Reading "sky130_sram_1kbyte_1rw1r_32x256_8_pmos_m7_w2_000_sli_dli_da_p".
Reading "sky130_sram_1kbyte_1rw1r_32x256_8_nmos_m3_w1_680_sli_dli_da_p".
Reading "sky130_sram_1kbyte_1rw1r_32x256_8_pmos_m3_w1_680_sli_dli_da_p".
Reading "sky130_sram_1kbyte_1rw1r_32x256_8_pinv_dec_0".
Reading "sky130_sram_1kbyte_1rw1r_32x256_8_and2_dec".
Reading "sky130_sram_1kbyte_1rw1r_32x256_8_contact_20".
Reading "sky130_sram_1kbyte_1rw1r_32x256_8_contact_17".
Reading "sky130_sram_1kbyte_1rw1r_32x256_8_and3_dec".
Reading "sky130_sram_1kbyte_1rw1r_32x256_8_nmos_m1_w2_880_sli_dli".
Reading "sky130_sram_1kbyte_1rw1r_32x256_8_pdriver".
Reading "sky130_sram_1kbyte_1rw1r_32x256_8_pnand2".
Reading "sky130_sram_1kbyte_1rw1r_32x256_8_contact_23".
Reading "sky130_sram_1kbyte_1rw1r_32x256_8_contact_22".
Reading "sky130_sram_1kbyte_1rw1r_32x256_8_contact_21".
Reading "sky130_sram_1kbyte_1rw1r_32x256_8_pmos_m1_w0_550_sli_dli".
Reading "sky130_sram_1kbyte_1rw1r_32x256_8_contact_19".
Reading "sky130_sram_1kbyte_1rw1r_32x256_8_contact_7".
Reading "sky130_sram_1kbyte_1rw1r_32x256_8_nmos_m39_w2_000_sli_dli_da_p".
Reading "sky130_sram_1kbyte_1rw1r_32x256_8_pmos_m39_w2_000_sli_dli_da_p".
Reading "sky130_sram_1kbyte_1rw1r_32x256_8_nmos_m12_w2_000_sli_dli_da_p".
Reading "sky130_sram_1kbyte_1rw1r_32x256_8_pmos_m12_w2_000_sli_dli_da_p".
Reading "sky130_sram_1kbyte_1rw1r_32x256_8_nmos_m4_w1_260_sli_dli_da_p".
Reading "sky130_sram_1kbyte_1rw1r_32x256_8_pmos_m4_w2_000_sli_dli_da_p".
Reading "sky130_sram_1kbyte_1rw1r_32x256_8_pinv_16".
Reading "sky130_sram_1kbyte_1rw1r_32x256_8_pinv_15".
Reading "sky130_sram_1kbyte_1rw1r_32x256_8_nmos_m1_w0_740_sactive_dactive".
Reading "sky130_sram_1kbyte_1rw1r_32x256_8_nmos_m24_w2_000_sli_dli_da_p".
Reading "sky130_sram_1kbyte_1rw1r_32x256_8_pmos_m24_w2_000_sli_dli_da_p".
Reading "sky130_sram_1kbyte_1rw1r_32x256_8_nmos_m8_w2_000_sli_dli_da_p".
Reading "sky130_sram_1kbyte_1rw1r_32x256_8_pmos_m8_w2_000_sli_dli_da_p".
Reading "sky130_sram_1kbyte_1rw1r_32x256_8_nmos_m3_w2_000_sli_dli_da_p".
Reading "sky130_sram_1kbyte_1rw1r_32x256_8_pmos_m3_w2_000_sli_dli_da_p".
Reading "sky130_sram_1kbyte_1rw1r_32x256_8_pinv_3".
Reading "sky130_sram_1kbyte_1rw1r_32x256_8_nmos_m40_w2_000_sli_dli_da_p".
Reading "sky130_sram_1kbyte_1rw1r_32x256_8_pmos_m40_w2_000_sli_dli_da_p".
Reading "sky130_sram_1kbyte_1rw1r_32x256_8_nmos_m13_w2_000_sli_dli_da_p".
Reading "sky130_sram_1kbyte_1rw1r_32x256_8_pmos_m13_w2_000_sli_dli_da_p".
Reading "sky130_sram_1kbyte_1rw1r_32x256_8_nmos_m5_w1_680_sli_dli_da_p".
Reading "sky130_sram_1kbyte_1rw1r_32x256_8_pmos_m5_w2_000_sli_dli_da_p".
Reading "sky130_sram_1kbyte_1rw1r_32x256_8_nmos_m2_w1_260_sli_dli_da_p".
Reading "sky130_sram_1kbyte_1rw1r_32x256_8_pmos_m2_w2_000_sli_dli_da_p".
Reading "sky130_fd_bd_sram__openram_dff".
Reading "sky130_sram_1kbyte_1rw1r_32x256_8_pinv_2".
Reading "sky130_sram_1kbyte_1rw1r_32x256_8_pinv_1".
Reading "sky130_sram_1kbyte_1rw1r_32x256_8_wordline_driver".
Reading "sky130_sram_1kbyte_1rw1r_32x256_8_hierarchical_predecode3x8".
Reading "sky130_sram_1kbyte_1rw1r_32x256_8_hierarchical_predecode2x4".
Reading "sky130_sram_1kbyte_1rw1r_32x256_8_column_mux_0".
Reading "sky130_sram_1kbyte_1rw1r_32x256_8_precharge_1".
Reading "sky130_sram_1kbyte_1rw1r_32x256_8_contact_27".
Reading "sky130_sram_1kbyte_1rw1r_32x256_8_contact_26".
Reading "sky130_sram_1kbyte_1rw1r_32x256_8_contact_25".
Reading "sky130_sram_1kbyte_1rw1r_32x256_8_contact_24".
Reading "sky130_sram_1kbyte_1rw1r_32x256_8_column_mux".
Reading "sky130_sram_1kbyte_1rw1r_32x256_8_pand2".
Reading "sky130_fd_bd_sram__openram_write_driver".
Reading "sky130_fd_bd_sram__openram_sense_amp".
Reading "sky130_sram_1kbyte_1rw1r_32x256_8_precharge_0".
Reading "sky130_fd_bd_sram__openram_dp_cell_cap_row".
Error while reading cell "sky130_fd_bd_sram__openram_dp_cell_cap_row" (byte position 258016): Unknown layer/datatype in boundary, layer=33 type=42
Error while reading cell "sky130_fd_bd_sram__openram_dp_cell_cap_row" (byte position 258720): Unknown layer/datatype in boundary, layer=33 type=43
Error while reading cell "sky130_fd_bd_sram__openram_dp_cell_cap_row" (byte position 259680): Unknown layer/datatype in boundary, layer=22 type=21
Reading "sky130_fd_bd_sram__openram_dp_cell_dummy".
Error while reading cell "sky130_fd_bd_sram__openram_dp_cell_dummy" (byte position 268684): Unknown layer/datatype in boundary, layer=33 type=42
Error while reading cell "sky130_fd_bd_sram__openram_dp_cell_dummy" (byte position 272460): Unknown layer/datatype in boundary, layer=33 type=43
Error while reading cell "sky130_fd_bd_sram__openram_dp_cell_dummy" (byte position 276652): Unknown layer/datatype in boundary, layer=22 type=21
Error while reading cell "sky130_fd_bd_sram__openram_dp_cell_dummy" (byte position 281452): Unknown layer/datatype in boundary, layer=22 type=22
Error while reading cell "sky130_fd_bd_sram__openram_dp_cell_dummy" (byte position 283500): Unknown layer/datatype in boundary, layer=235 type=0
Reading "sky130_fd_bd_sram__openram_dp_cell_replica".
Error while reading cell "sky130_fd_bd_sram__openram_dp_cell_replica" (byte position 294780): Unknown layer/datatype in boundary, layer=33 type=42
Error while reading cell "sky130_fd_bd_sram__openram_dp_cell_replica" (byte position 298556): Unknown layer/datatype in boundary, layer=33 type=43
Error while reading cell "sky130_fd_bd_sram__openram_dp_cell_replica" (byte position 302748): Unknown layer/datatype in boundary, layer=22 type=21
Error while reading cell "sky130_fd_bd_sram__openram_dp_cell_replica" (byte position 309212): Unknown layer/datatype in boundary, layer=22 type=22
Error while reading cell "sky130_fd_bd_sram__openram_dp_cell_replica" (byte position 311388): Unknown layer/datatype in boundary, layer=235 type=0
Reading "sky130_fd_bd_sram__openram_dp_cell_cap_col".
Reading "sky130_fd_bd_sram__openram_dp_cell".
Error while reading cell "sky130_fd_bd_sram__openram_dp_cell" (byte position 325430): Unknown layer/datatype in boundary, layer=33 type=42
Error while reading cell "sky130_fd_bd_sram__openram_dp_cell" (byte position 329206): Unknown layer/datatype in boundary, layer=33 type=43
Error while reading cell "sky130_fd_bd_sram__openram_dp_cell" (byte position 333398): Unknown layer/datatype in boundary, layer=22 type=21
Error while reading cell "sky130_fd_bd_sram__openram_dp_cell" (byte position 339862): Unknown layer/datatype in boundary, layer=22 type=22
Error while reading cell "sky130_fd_bd_sram__openram_dp_cell" (byte position 342038): Unknown layer/datatype in boundary, layer=235 type=0
Reading "sky130_sram_1kbyte_1rw1r_32x256_8_pinv_20".
Reading "sky130_sram_1kbyte_1rw1r_32x256_8_pinv_18".
Reading "sky130_sram_1kbyte_1rw1r_32x256_8_pinv_17".
Reading "sky130_sram_1kbyte_1rw1r_32x256_8_pinv_19".
Reading "sky130_sram_1kbyte_1rw1r_32x256_8_pdriver_4".
Reading "sky130_sram_1kbyte_1rw1r_32x256_8_pdriver_3".
Reading "sky130_sram_1kbyte_1rw1r_32x256_8_pnand3".
Reading "sky130_sram_1kbyte_1rw1r_32x256_8_pinv_14".
Reading "sky130_sram_1kbyte_1rw1r_32x256_8_pinv_13".
Reading "sky130_sram_1kbyte_1rw1r_32x256_8_pinv_12".
Reading "sky130_sram_1kbyte_1rw1r_32x256_8_pinv_11".
Reading "sky130_sram_1kbyte_1rw1r_32x256_8_pdriver_0".
Reading "sky130_sram_1kbyte_1rw1r_32x256_8_pnand2_0".
Reading "sky130_sram_1kbyte_1rw1r_32x256_8_pinv_10".
Reading "sky130_sram_1kbyte_1rw1r_32x256_8_pinv_9".
Reading "sky130_sram_1kbyte_1rw1r_32x256_8_pinv_8".
Reading "sky130_sram_1kbyte_1rw1r_32x256_8_pinv_7".
Reading "sky130_sram_1kbyte_1rw1r_32x256_8_pinv_6".
Reading "sky130_sram_1kbyte_1rw1r_32x256_8_dff_buf_0".
Reading "sky130_sram_1kbyte_1rw1r_32x256_8_pinv_0".
Reading "sky130_sram_1kbyte_1rw1r_32x256_8_and2_dec_0".
Reading "sky130_sram_1kbyte_1rw1r_32x256_8_wordline_driver_array".
Reading "sky130_sram_1kbyte_1rw1r_32x256_8_hierarchical_decoder".
Reading "sky130_sram_1kbyte_1rw1r_32x256_8_column_mux_array_0".
Reading "sky130_sram_1kbyte_1rw1r_32x256_8_precharge_array_0".
Reading "sky130_sram_1kbyte_1rw1r_32x256_8_column_mux_array".
Reading "sky130_sram_1kbyte_1rw1r_32x256_8_write_mask_and_array".
Error while reading cell "sky130_sram_1kbyte_1rw1r_32x256_8_write_mask_and_array" (byte position 1112104): Warning: cell "sky130_sram_1kbyte_1rw1r_32x256_8_contact_14" placed on top of itself.  Ignoring the extra one.
Error while reading cell "sky130_sram_1kbyte_1rw1r_32x256_8_write_mask_and_array" (byte position 1112400): Warning: cell "sky130_sram_1kbyte_1rw1r_32x256_8_contact_14" placed on top of itself.  Ignoring the extra one.
Error while reading cell "sky130_sram_1kbyte_1rw1r_32x256_8_write_mask_and_array" (byte position 1112696): Warning: cell "sky130_sram_1kbyte_1rw1r_32x256_8_contact_14" placed on top of itself.  Ignoring the extra one.
Error while reading cell "sky130_sram_1kbyte_1rw1r_32x256_8_write_mask_and_array" (byte position 1112992): Warning: cell "sky130_sram_1kbyte_1rw1r_32x256_8_contact_14" placed on top of itself.  Ignoring the extra one.
Reading "sky130_sram_1kbyte_1rw1r_32x256_8_write_driver_array".
Reading "sky130_sram_1kbyte_1rw1r_32x256_8_sense_amp_array".
Reading "sky130_sram_1kbyte_1rw1r_32x256_8_precharge_array".
Reading "sky130_sram_1kbyte_1rw1r_32x256_8_contact_9".
Reading "sky130_sram_1kbyte_1rw1r_32x256_8_contact_8".
Reading "sky130_sram_1kbyte_1rw1r_32x256_8_row_cap_array_0".
Error while reading cell "sky130_sram_1kbyte_1rw1r_32x256_8_row_cap_array_0" (byte position 1374682): Warning: cell "sky130_sram_1kbyte_1rw1r_32x256_8_contact_7" placed on top of itself.  Ignoring the extra one.
Error while reading cell "sky130_sram_1kbyte_1rw1r_32x256_8_row_cap_array_0" (byte position 1377824): Warning: cell "sky130_sram_1kbyte_1rw1r_32x256_8_contact_7" placed on top of itself.  Ignoring the extra one.
Error while reading cell "sky130_sram_1kbyte_1rw1r_32x256_8_row_cap_array_0" (byte position 1378120): Warning: cell "sky130_sram_1kbyte_1rw1r_32x256_8_contact_7" placed on top of itself.  Ignoring the extra one.
Error while reading cell "sky130_sram_1kbyte_1rw1r_32x256_8_row_cap_array_0" (byte position 1378416): Warning: cell "sky130_sram_1kbyte_1rw1r_32x256_8_contact_7" placed on top of itself.  Ignoring the extra one.
Error while reading cell "sky130_sram_1kbyte_1rw1r_32x256_8_row_cap_array_0" (byte position 1378712): Warning: cell "sky130_sram_1kbyte_1rw1r_32x256_8_contact_7" placed on top of itself.  Ignoring the extra one.
Error while reading cell "sky130_sram_1kbyte_1rw1r_32x256_8_row_cap_array_0" (byte position 1379008): Warning: cell "sky130_sram_1kbyte_1rw1r_32x256_8_contact_7" placed on top of itself.  Ignoring the extra one.
Error while reading cell "sky130_sram_1kbyte_1rw1r_32x256_8_row_cap_array_0" (byte position 1379304): Warning: cell "sky130_sram_1kbyte_1rw1r_32x256_8_contact_7" placed on top of itself.  Ignoring the extra one.
Error while reading cell "sky130_sram_1kbyte_1rw1r_32x256_8_row_cap_array_0" (byte position 1379600): Warning: cell "sky130_sram_1kbyte_1rw1r_32x256_8_contact_7" placed on top of itself.  Ignoring the extra one.
Error while reading cell "sky130_sram_1kbyte_1rw1r_32x256_8_row_cap_array_0" (byte position 1379896): Warning: cell "sky130_sram_1kbyte_1rw1r_32x256_8_contact_7" placed on top of itself.  Ignoring the extra one.
Error while reading cell "sky130_sram_1kbyte_1rw1r_32x256_8_row_cap_array_0" (byte position 1380192): Warning: cell "sky130_sram_1kbyte_1rw1r_32x256_8_contact_7" placed on top of itself.  Ignoring the extra one.
Error while reading cell "sky130_sram_1kbyte_1rw1r_32x256_8_row_cap_array_0" (byte position 1380488): Warning: cell "sky130_sram_1kbyte_1rw1r_32x256_8_contact_7" placed on top of itself.  Ignoring the extra one.
Error while reading cell "sky130_sram_1kbyte_1rw1r_32x256_8_row_cap_array_0" (byte position 1380784): Warning: cell "sky130_sram_1kbyte_1rw1r_32x256_8_contact_7" placed on top of itself.  Ignoring the extra one.
Error while reading cell "sky130_sram_1kbyte_1rw1r_32x256_8_row_cap_array_0" (byte position 1381080): Warning: cell "sky130_sram_1kbyte_1rw1r_32x256_8_contact_7" placed on top of itself.  Ignoring the extra one.
Error while reading cell "sky130_sram_1kbyte_1rw1r_32x256_8_row_cap_array_0" (byte position 1381376): Warning: cell "sky130_sram_1kbyte_1rw1r_32x256_8_contact_7" placed on top of itself.  Ignoring the extra one.
Error while reading cell "sky130_sram_1kbyte_1rw1r_32x256_8_row_cap_array_0" (byte position 1381672): Warning: cell "sky130_sram_1kbyte_1rw1r_32x256_8_contact_7" placed on top of itself.  Ignoring the extra one.
Error while reading cell "sky130_sram_1kbyte_1rw1r_32x256_8_row_cap_array_0" (byte position 1381968): Warning: cell "sky130_sram_1kbyte_1rw1r_32x256_8_contact_7" placed on top of itself.  Ignoring the extra one.
Error while reading cell "sky130_sram_1kbyte_1rw1r_32x256_8_row_cap_array_0" (byte position 1382486): Warning: cell "sky130_sram_1kbyte_1rw1r_32x256_8_contact_7" placed on top of itself.  Ignoring the extra one.
Error while reading cell "sky130_sram_1kbyte_1rw1r_32x256_8_row_cap_array_0" (byte position 1382782): Warning: cell "sky130_sram_1kbyte_1rw1r_32x256_8_contact_7" placed on top of itself.  Ignoring the extra one.
Error while reading cell "sky130_sram_1kbyte_1rw1r_32x256_8_row_cap_array_0" (byte position 1383078): Warning: cell "sky130_sram_1kbyte_1rw1r_32x256_8_contact_7" placed on top of itself.  Ignoring the extra one.
Error while reading cell "sky130_sram_1kbyte_1rw1r_32x256_8_row_cap_array_0" (byte position 1383374): Warning: cell "sky130_sram_1kbyte_1rw1r_32x256_8_contact_7" placed on top of itself.  Ignoring the extra one.
Error while reading cell "sky130_sram_1kbyte_1rw1r_32x256_8_row_cap_array_0" (byte position 1383670): Warning: cell "sky130_sram_1kbyte_1rw1r_32x256_8_contact_7" placed on top of itself.  Ignoring the extra one.
Error while reading cell "sky130_sram_1kbyte_1rw1r_32x256_8_row_cap_array_0" (byte position 1383966): Warning: cell "sky130_sram_1kbyte_1rw1r_32x256_8_contact_7" placed on top of itself.  Ignoring the extra one.
Error while reading cell "sky130_sram_1kbyte_1rw1r_32x256_8_row_cap_array_0" (byte position 1384262): Warning: cell "sky130_sram_1kbyte_1rw1r_32x256_8_contact_7" placed on top of itself.  Ignoring the extra one.
Error while reading cell "sky130_sram_1kbyte_1rw1r_32x256_8_row_cap_array_0" (byte position 1384568): Warning: cell "sky130_sram_1kbyte_1rw1r_32x256_8_contact_7" placed on top of itself.  Ignoring the extra one.
Error while reading cell "sky130_sram_1kbyte_1rw1r_32x256_8_row_cap_array_0" (byte position 1387458): Warning: cell "sky130_sram_1kbyte_1rw1r_32x256_8_contact_7" placed on top of itself.  Ignoring the extra one.
Error while reading cell "sky130_sram_1kbyte_1rw1r_32x256_8_row_cap_array_0" (byte position 1387754): Warning: cell "sky130_sram_1kbyte_1rw1r_32x256_8_contact_7" placed on top of itself.  Ignoring the extra one.
Error while reading cell "sky130_sram_1kbyte_1rw1r_32x256_8_row_cap_array_0" (byte position 1388050): Warning: cell "sky130_sram_1kbyte_1rw1r_32x256_8_contact_7" placed on top of itself.  Ignoring the extra one.
Error while reading cell "sky130_sram_1kbyte_1rw1r_32x256_8_row_cap_array_0" (byte position 1388346): Warning: cell "sky130_sram_1kbyte_1rw1r_32x256_8_contact_7" placed on top of itself.  Ignoring the extra one.
Error while reading cell "sky130_sram_1kbyte_1rw1r_32x256_8_row_cap_array_0" (byte position 1388642): Warning: cell "sky130_sram_1kbyte_1rw1r_32x256_8_contact_7" placed on top of itself.  Ignoring the extra one.
Error while reading cell "sky130_sram_1kbyte_1rw1r_32x256_8_row_cap_array_0" (byte position 1388938): Warning: cell "sky130_sram_1kbyte_1rw1r_32x256_8_contact_7" placed on top of itself.  Ignoring the extra one.
Error while reading cell "sky130_sram_1kbyte_1rw1r_32x256_8_row_cap_array_0" (byte position 1389234): Warning: cell "sky130_sram_1kbyte_1rw1r_32x256_8_contact_7" placed on top of itself.  Ignoring the extra one.
Error while reading cell "sky130_sram_1kbyte_1rw1r_32x256_8_row_cap_array_0" (byte position 1389382): Warning: cell "sky130_sram_1kbyte_1rw1r_32x256_8_contact_7" placed on top of itself.  Ignoring the extra one.
Error while reading cell "sky130_sram_1kbyte_1rw1r_32x256_8_row_cap_array_0" (byte position 1389836): Warning: cell "sky130_sram_1kbyte_1rw1r_32x256_8_contact_7" placed on top of itself.  Ignoring the extra one.
Error while reading cell "sky130_sram_1kbyte_1rw1r_32x256_8_row_cap_array_0" (byte position 1390132): Warning: cell "sky130_sram_1kbyte_1rw1r_32x256_8_contact_7" placed on top of itself.  Ignoring the extra one.
Error while reading cell "sky130_sram_1kbyte_1rw1r_32x256_8_row_cap_array_0" (byte position 1390428): Warning: cell "sky130_sram_1kbyte_1rw1r_32x256_8_contact_7" placed on top of itself.  Ignoring the extra one.
Error while reading cell "sky130_sram_1kbyte_1rw1r_32x256_8_row_cap_array_0" (byte position 1390724): Warning: cell "sky130_sram_1kbyte_1rw1r_32x256_8_contact_7" placed on top of itself.  Ignoring the extra one.
Error while reading cell "sky130_sram_1kbyte_1rw1r_32x256_8_row_cap_array_0" (byte position 1391020): Warning: cell "sky130_sram_1kbyte_1rw1r_32x256_8_contact_7" placed on top of itself.  Ignoring the extra one.
Error while reading cell "sky130_sram_1kbyte_1rw1r_32x256_8_row_cap_array_0" (byte position 1391316): Warning: cell "sky130_sram_1kbyte_1rw1r_32x256_8_contact_7" placed on top of itself.  Ignoring the extra one.
Error while reading cell "sky130_sram_1kbyte_1rw1r_32x256_8_row_cap_array_0" (byte position 1391612): Warning: cell "sky130_sram_1kbyte_1rw1r_32x256_8_contact_7" placed on top of itself.  Ignoring the extra one.
Error while reading cell "sky130_sram_1kbyte_1rw1r_32x256_8_row_cap_array_0" (byte position 1391908): Warning: cell "sky130_sram_1kbyte_1rw1r_32x256_8_contact_7" placed on top of itself.  Ignoring the extra one.
Error while reading cell "sky130_sram_1kbyte_1rw1r_32x256_8_row_cap_array_0" (byte position 1392204): Warning: cell "sky130_sram_1kbyte_1rw1r_32x256_8_contact_7" placed on top of itself.  Ignoring the extra one.
Error while reading cell "sky130_sram_1kbyte_1rw1r_32x256_8_row_cap_array_0" (byte position 1392500): Warning: cell "sky130_sram_1kbyte_1rw1r_32x256_8_contact_7" placed on top of itself.  Ignoring the extra one.
Error while reading cell "sky130_sram_1kbyte_1rw1r_32x256_8_row_cap_array_0" (byte position 1392796): Warning: cell "sky130_sram_1kbyte_1rw1r_32x256_8_contact_7" placed on top of itself.  Ignoring the extra one.
Error while reading cell "sky130_sram_1kbyte_1rw1r_32x256_8_row_cap_array_0" (byte position 1393092): Warning: cell "sky130_sram_1kbyte_1rw1r_32x256_8_contact_7" placed on top of itself.  Ignoring the extra one.
Error while reading cell "sky130_sram_1kbyte_1rw1r_32x256_8_row_cap_array_0" (byte position 1393388): Warning: cell "sky130_sram_1kbyte_1rw1r_32x256_8_contact_7" placed on top of itself.  Ignoring the extra one.
Error while reading cell "sky130_sram_1kbyte_1rw1r_32x256_8_row_cap_array_0" (byte position 1393684): Warning: cell "sky130_sram_1kbyte_1rw1r_32x256_8_contact_7" placed on top of itself.  Ignoring the extra one.
Error while reading cell "sky130_sram_1kbyte_1rw1r_32x256_8_row_cap_array_0" (byte position 1393980): Warning: cell "sky130_sram_1kbyte_1rw1r_32x256_8_contact_7" placed on top of itself.  Ignoring the extra one.
Error while reading cell "sky130_sram_1kbyte_1rw1r_32x256_8_row_cap_array_0" (byte position 1396880): Warning: cell "sky130_sram_1kbyte_1rw1r_32x256_8_contact_7" placed on top of itself.  Ignoring the extra one.
Error while reading cell "sky130_sram_1kbyte_1rw1r_32x256_8_row_cap_array_0" (byte position 1399834): Warning: cell "sky130_sram_1kbyte_1rw1r_32x256_8_contact_7" placed on top of itself.  Ignoring the extra one.
Error while reading cell "sky130_sram_1kbyte_1rw1r_32x256_8_row_cap_array_0" (byte position 1400130): Warning: cell "sky130_sram_1kbyte_1rw1r_32x256_8_contact_7" placed on top of itself.  Ignoring the extra one.
Error while reading cell "sky130_sram_1kbyte_1rw1r_32x256_8_row_cap_array_0" (byte position 1400426): Warning: cell "sky130_sram_1kbyte_1rw1r_32x256_8_contact_7" placed on top of itself.  Ignoring the extra one.
Error while reading cell "sky130_sram_1kbyte_1rw1r_32x256_8_row_cap_array_0" (byte position 1400722): Warning: cell "sky130_sram_1kbyte_1rw1r_32x256_8_contact_7" placed on top of itself.  Ignoring the extra one.
Error while reading cell "sky130_sram_1kbyte_1rw1r_32x256_8_row_cap_array_0" (byte position 1401018): Warning: cell "sky130_sram_1kbyte_1rw1r_32x256_8_contact_7" placed on top of itself.  Ignoring the extra one.
Error while reading cell "sky130_sram_1kbyte_1rw1r_32x256_8_row_cap_array_0" (byte position 1401314): Warning: cell "sky130_sram_1kbyte_1rw1r_32x256_8_contact_7" placed on top of itself.  Ignoring the extra one.
Error while reading cell "sky130_sram_1kbyte_1rw1r_32x256_8_row_cap_array_0" (byte position 1401610): Warning: cell "sky130_sram_1kbyte_1rw1r_32x256_8_contact_7" placed on top of itself.  Ignoring the extra one.
Error while reading cell "sky130_sram_1kbyte_1rw1r_32x256_8_row_cap_array_0" (byte position 1401906): Warning: cell "sky130_sram_1kbyte_1rw1r_32x256_8_contact_7" placed on top of itself.  Ignoring the extra one.
Error while reading cell "sky130_sram_1kbyte_1rw1r_32x256_8_row_cap_array_0" (byte position 1402202): Warning: cell "sky130_sram_1kbyte_1rw1r_32x256_8_contact_7" placed on top of itself.  Ignoring the extra one.
Error while reading cell "sky130_sram_1kbyte_1rw1r_32x256_8_row_cap_array_0" (byte position 1402498): Warning: cell "sky130_sram_1kbyte_1rw1r_32x256_8_contact_7" placed on top of itself.  Ignoring the extra one.
Error while reading cell "sky130_sram_1kbyte_1rw1r_32x256_8_row_cap_array_0" (byte position 1402794): Warning: cell "sky130_sram_1kbyte_1rw1r_32x256_8_contact_7" placed on top of itself.  Ignoring the extra one.
Error while reading cell "sky130_sram_1kbyte_1rw1r_32x256_8_row_cap_array_0" (byte position 1403090): Warning: cell "sky130_sram_1kbyte_1rw1r_32x256_8_contact_7" placed on top of itself.  Ignoring the extra one.
Error while reading cell "sky130_sram_1kbyte_1rw1r_32x256_8_row_cap_array_0" (byte position 1403386): Warning: cell "sky130_sram_1kbyte_1rw1r_32x256_8_contact_7" placed on top of itself.  Ignoring the extra one.
Error while reading cell "sky130_sram_1kbyte_1rw1r_32x256_8_row_cap_array_0" (byte position 1403682): Warning: cell "sky130_sram_1kbyte_1rw1r_32x256_8_contact_7" placed on top of itself.  Ignoring the extra one.
Error while reading cell "sky130_sram_1kbyte_1rw1r_32x256_8_row_cap_array_0" (byte position 1403978): Warning: cell "sky130_sram_1kbyte_1rw1r_32x256_8_contact_7" placed on top of itself.  Ignoring the extra one.
Reading "sky130_sram_1kbyte_1rw1r_32x256_8_row_cap_array".
Error while reading cell "sky130_sram_1kbyte_1rw1r_32x256_8_row_cap_array" (byte position 1483488): Warning: cell "sky130_sram_1kbyte_1rw1r_32x256_8_contact_7" placed on top of itself.  Ignoring the extra one.
Error while reading cell "sky130_sram_1kbyte_1rw1r_32x256_8_row_cap_array" (byte position 1486234): Warning: cell "sky130_sram_1kbyte_1rw1r_32x256_8_contact_7" placed on top of itself.  Ignoring the extra one.
Error while reading cell "sky130_sram_1kbyte_1rw1r_32x256_8_row_cap_array" (byte position 1486530): Warning: cell "sky130_sram_1kbyte_1rw1r_32x256_8_contact_7" placed on top of itself.  Ignoring the extra one.
Error while reading cell "sky130_sram_1kbyte_1rw1r_32x256_8_row_cap_array" (byte position 1486826): Warning: cell "sky130_sram_1kbyte_1rw1r_32x256_8_contact_7" placed on top of itself.  Ignoring the extra one.
Error while reading cell "sky130_sram_1kbyte_1rw1r_32x256_8_row_cap_array" (byte position 1487122): Warning: cell "sky130_sram_1kbyte_1rw1r_32x256_8_contact_7" placed on top of itself.  Ignoring the extra one.
Error while reading cell "sky130_sram_1kbyte_1rw1r_32x256_8_row_cap_array" (byte position 1487418): Warning: cell "sky130_sram_1kbyte_1rw1r_32x256_8_contact_7" placed on top of itself.  Ignoring the extra one.
Error while reading cell "sky130_sram_1kbyte_1rw1r_32x256_8_row_cap_array" (byte position 1487714): Warning: cell "sky130_sram_1kbyte_1rw1r_32x256_8_contact_7" placed on top of itself.  Ignoring the extra one.
Error while reading cell "sky130_sram_1kbyte_1rw1r_32x256_8_row_cap_array" (byte position 1488010): Warning: cell "sky130_sram_1kbyte_1rw1r_32x256_8_contact_7" placed on top of itself.  Ignoring the extra one.
Error while reading cell "sky130_sram_1kbyte_1rw1r_32x256_8_row_cap_array" (byte position 1488306): Warning: cell "sky130_sram_1kbyte_1rw1r_32x256_8_contact_7" placed on top of itself.  Ignoring the extra one.
Error while reading cell "sky130_sram_1kbyte_1rw1r_32x256_8_row_cap_array" (byte position 1488602): Warning: cell "sky130_sram_1kbyte_1rw1r_32x256_8_contact_7" placed on top of itself.  Ignoring the extra one.
Error while reading cell "sky130_sram_1kbyte_1rw1r_32x256_8_row_cap_array" (byte position 1488898): Warning: cell "sky130_sram_1kbyte_1rw1r_32x256_8_contact_7" placed on top of itself.  Ignoring the extra one.
Error while reading cell "sky130_sram_1kbyte_1rw1r_32x256_8_row_cap_array" (byte position 1489194): Warning: cell "sky130_sram_1kbyte_1rw1r_32x256_8_contact_7" placed on top of itself.  Ignoring the extra one.
Error while reading cell "sky130_sram_1kbyte_1rw1r_32x256_8_row_cap_array" (byte position 1489490): Warning: cell "sky130_sram_1kbyte_1rw1r_32x256_8_contact_7" placed on top of itself.  Ignoring the extra one.
Error while reading cell "sky130_sram_1kbyte_1rw1r_32x256_8_row_cap_array" (byte position 1489786): Warning: cell "sky130_sram_1kbyte_1rw1r_32x256_8_contact_7" placed on top of itself.  Ignoring the extra one.
Error while reading cell "sky130_sram_1kbyte_1rw1r_32x256_8_row_cap_array" (byte position 1490082): Warning: cell "sky130_sram_1kbyte_1rw1r_32x256_8_contact_7" placed on top of itself.  Ignoring the extra one.
Error while reading cell "sky130_sram_1kbyte_1rw1r_32x256_8_row_cap_array" (byte position 1490378): Warning: cell "sky130_sram_1kbyte_1rw1r_32x256_8_contact_7" placed on top of itself.  Ignoring the extra one.
Error while reading cell "sky130_sram_1kbyte_1rw1r_32x256_8_row_cap_array" (byte position 1490896): Warning: cell "sky130_sram_1kbyte_1rw1r_32x256_8_contact_7" placed on top of itself.  Ignoring the extra one.
Error while reading cell "sky130_sram_1kbyte_1rw1r_32x256_8_row_cap_array" (byte position 1491192): Warning: cell "sky130_sram_1kbyte_1rw1r_32x256_8_contact_7" placed on top of itself.  Ignoring the extra one.
Error while reading cell "sky130_sram_1kbyte_1rw1r_32x256_8_row_cap_array" (byte position 1491488): Warning: cell "sky130_sram_1kbyte_1rw1r_32x256_8_contact_7" placed on top of itself.  Ignoring the extra one.
Error while reading cell "sky130_sram_1kbyte_1rw1r_32x256_8_row_cap_array" (byte position 1491784): Warning: cell "sky130_sram_1kbyte_1rw1r_32x256_8_contact_7" placed on top of itself.  Ignoring the extra one.
Error while reading cell "sky130_sram_1kbyte_1rw1r_32x256_8_row_cap_array" (byte position 1492080): Warning: cell "sky130_sram_1kbyte_1rw1r_32x256_8_contact_7" placed on top of itself.  Ignoring the extra one.
Error while reading cell "sky130_sram_1kbyte_1rw1r_32x256_8_row_cap_array" (byte position 1492376): Warning: cell "sky130_sram_1kbyte_1rw1r_32x256_8_contact_7" placed on top of itself.  Ignoring the extra one.
Error while reading cell "sky130_sram_1kbyte_1rw1r_32x256_8_row_cap_array" (byte position 1492672): Warning: cell "sky130_sram_1kbyte_1rw1r_32x256_8_contact_7" placed on top of itself.  Ignoring the extra one.
Error while reading cell "sky130_sram_1kbyte_1rw1r_32x256_8_row_cap_array" (byte position 1492966): Warning: cell "sky130_sram_1kbyte_1rw1r_32x256_8_contact_7" placed on top of itself.  Ignoring the extra one.
Error while reading cell "sky130_sram_1kbyte_1rw1r_32x256_8_row_cap_array" (byte position 1495496): Warning: cell "sky130_sram_1kbyte_1rw1r_32x256_8_contact_7" placed on top of itself.  Ignoring the extra one.
Error while reading cell "sky130_sram_1kbyte_1rw1r_32x256_8_row_cap_array" (byte position 1495792): Warning: cell "sky130_sram_1kbyte_1rw1r_32x256_8_contact_7" placed on top of itself.  Ignoring the extra one.
Error while reading cell "sky130_sram_1kbyte_1rw1r_32x256_8_row_cap_array" (byte position 1496088): Warning: cell "sky130_sram_1kbyte_1rw1r_32x256_8_contact_7" placed on top of itself.  Ignoring the extra one.
Error while reading cell "sky130_sram_1kbyte_1rw1r_32x256_8_row_cap_array" (byte position 1496384): Warning: cell "sky130_sram_1kbyte_1rw1r_32x256_8_contact_7" placed on top of itself.  Ignoring the extra one.
Error while reading cell "sky130_sram_1kbyte_1rw1r_32x256_8_row_cap_array" (byte position 1496680): Warning: cell "sky130_sram_1kbyte_1rw1r_32x256_8_contact_7" placed on top of itself.  Ignoring the extra one.
Error while reading cell "sky130_sram_1kbyte_1rw1r_32x256_8_row_cap_array" (byte position 1496976): Warning: cell "sky130_sram_1kbyte_1rw1r_32x256_8_contact_7" placed on top of itself.  Ignoring the extra one.
Error while reading cell "sky130_sram_1kbyte_1rw1r_32x256_8_row_cap_array" (byte position 1497272): Warning: cell "sky130_sram_1kbyte_1rw1r_32x256_8_contact_7" placed on top of itself.  Ignoring the extra one.
Error while reading cell "sky130_sram_1kbyte_1rw1r_32x256_8_row_cap_array" (byte position 1497420): Warning: cell "sky130_sram_1kbyte_1rw1r_32x256_8_contact_7" placed on top of itself.  Ignoring the extra one.
Error while reading cell "sky130_sram_1kbyte_1rw1r_32x256_8_row_cap_array" (byte position 1497862): Warning: cell "sky130_sram_1kbyte_1rw1r_32x256_8_contact_7" placed on top of itself.  Ignoring the extra one.
Error while reading cell "sky130_sram_1kbyte_1rw1r_32x256_8_row_cap_array" (byte position 1498158): Warning: cell "sky130_sram_1kbyte_1rw1r_32x256_8_contact_7" placed on top of itself.  Ignoring the extra one.
Error while reading cell "sky130_sram_1kbyte_1rw1r_32x256_8_row_cap_array" (byte position 1498454): Warning: cell "sky130_sram_1kbyte_1rw1r_32x256_8_contact_7" placed on top of itself.  Ignoring the extra one.
Error while reading cell "sky130_sram_1kbyte_1rw1r_32x256_8_row_cap_array" (byte position 1498750): Warning: cell "sky130_sram_1kbyte_1rw1r_32x256_8_contact_7" placed on top of itself.  Ignoring the extra one.
Error while reading cell "sky130_sram_1kbyte_1rw1r_32x256_8_row_cap_array" (byte position 1499046): Warning: cell "sky130_sram_1kbyte_1rw1r_32x256_8_contact_7" placed on top of itself.  Ignoring the extra one.
Error while reading cell "sky130_sram_1kbyte_1rw1r_32x256_8_row_cap_array" (byte position 1499342): Warning: cell "sky130_sram_1kbyte_1rw1r_32x256_8_contact_7" placed on top of itself.  Ignoring the extra one.
Error while reading cell "sky130_sram_1kbyte_1rw1r_32x256_8_row_cap_array" (byte position 1499638): Warning: cell "sky130_sram_1kbyte_1rw1r_32x256_8_contact_7" placed on top of itself.  Ignoring the extra one.
Error while reading cell "sky130_sram_1kbyte_1rw1r_32x256_8_row_cap_array" (byte position 1499934): Warning: cell "sky130_sram_1kbyte_1rw1r_32x256_8_contact_7" placed on top of itself.  Ignoring the extra one.
Error while reading cell "sky130_sram_1kbyte_1rw1r_32x256_8_row_cap_array" (byte position 1500230): Warning: cell "sky130_sram_1kbyte_1rw1r_32x256_8_contact_7" placed on top of itself.  Ignoring the extra one.
Error while reading cell "sky130_sram_1kbyte_1rw1r_32x256_8_row_cap_array" (byte position 1500526): Warning: cell "sky130_sram_1kbyte_1rw1r_32x256_8_contact_7" placed on top of itself.  Ignoring the extra one.
Error while reading cell "sky130_sram_1kbyte_1rw1r_32x256_8_row_cap_array" (byte position 1500822): Warning: cell "sky130_sram_1kbyte_1rw1r_32x256_8_contact_7" placed on top of itself.  Ignoring the extra one.
Error while reading cell "sky130_sram_1kbyte_1rw1r_32x256_8_row_cap_array" (byte position 1501118): Warning: cell "sky130_sram_1kbyte_1rw1r_32x256_8_contact_7" placed on top of itself.  Ignoring the extra one.
Error while reading cell "sky130_sram_1kbyte_1rw1r_32x256_8_row_cap_array" (byte position 1501414): Warning: cell "sky130_sram_1kbyte_1rw1r_32x256_8_contact_7" placed on top of itself.  Ignoring the extra one.
Error while reading cell "sky130_sram_1kbyte_1rw1r_32x256_8_row_cap_array" (byte position 1501710): Warning: cell "sky130_sram_1kbyte_1rw1r_32x256_8_contact_7" placed on top of itself.  Ignoring the extra one.
Error while reading cell "sky130_sram_1kbyte_1rw1r_32x256_8_row_cap_array" (byte position 1502006): Warning: cell "sky130_sram_1kbyte_1rw1r_32x256_8_contact_7" placed on top of itself.  Ignoring the extra one.
Error while reading cell "sky130_sram_1kbyte_1rw1r_32x256_8_row_cap_array" (byte position 1504534): Warning: cell "sky130_sram_1kbyte_1rw1r_32x256_8_contact_7" placed on top of itself.  Ignoring the extra one.
Error while reading cell "sky130_sram_1kbyte_1rw1r_32x256_8_row_cap_array" (byte position 1507140): Warning: cell "sky130_sram_1kbyte_1rw1r_32x256_8_contact_7" placed on top of itself.  Ignoring the extra one.
Error while reading cell "sky130_sram_1kbyte_1rw1r_32x256_8_row_cap_array" (byte position 1507436): Warning: cell "sky130_sram_1kbyte_1rw1r_32x256_8_contact_7" placed on top of itself.  Ignoring the extra one.
Error while reading cell "sky130_sram_1kbyte_1rw1r_32x256_8_row_cap_array" (byte position 1507732): Warning: cell "sky130_sram_1kbyte_1rw1r_32x256_8_contact_7" placed on top of itself.  Ignoring the extra one.
Error while reading cell "sky130_sram_1kbyte_1rw1r_32x256_8_row_cap_array" (byte position 1508028): Warning: cell "sky130_sram_1kbyte_1rw1r_32x256_8_contact_7" placed on top of itself.  Ignoring the extra one.
Error while reading cell "sky130_sram_1kbyte_1rw1r_32x256_8_row_cap_array" (byte position 1508324): Warning: cell "sky130_sram_1kbyte_1rw1r_32x256_8_contact_7" placed on top of itself.  Ignoring the extra one.
Error while reading cell "sky130_sram_1kbyte_1rw1r_32x256_8_row_cap_array" (byte position 1508620): Warning: cell "sky130_sram_1kbyte_1rw1r_32x256_8_contact_7" placed on top of itself.  Ignoring the extra one.
Error while reading cell "sky130_sram_1kbyte_1rw1r_32x256_8_row_cap_array" (byte position 1508916): Warning: cell "sky130_sram_1kbyte_1rw1r_32x256_8_contact_7" placed on top of itself.  Ignoring the extra one.
Error while reading cell "sky130_sram_1kbyte_1rw1r_32x256_8_row_cap_array" (byte position 1509212): Warning: cell "sky130_sram_1kbyte_1rw1r_32x256_8_contact_7" placed on top of itself.  Ignoring the extra one.
Error while reading cell "sky130_sram_1kbyte_1rw1r_32x256_8_row_cap_array" (byte position 1509508): Warning: cell "sky130_sram_1kbyte_1rw1r_32x256_8_contact_7" placed on top of itself.  Ignoring the extra one.
Error while reading cell "sky130_sram_1kbyte_1rw1r_32x256_8_row_cap_array" (byte position 1509804): Warning: cell "sky130_sram_1kbyte_1rw1r_32x256_8_contact_7" placed on top of itself.  Ignoring the extra one.
Error while reading cell "sky130_sram_1kbyte_1rw1r_32x256_8_row_cap_array" (byte position 1510100): Warning: cell "sky130_sram_1kbyte_1rw1r_32x256_8_contact_7" placed on top of itself.  Ignoring the extra one.
Error while reading cell "sky130_sram_1kbyte_1rw1r_32x256_8_row_cap_array" (byte position 1510396): Warning: cell "sky130_sram_1kbyte_1rw1r_32x256_8_contact_7" placed on top of itself.  Ignoring the extra one.
Error while reading cell "sky130_sram_1kbyte_1rw1r_32x256_8_row_cap_array" (byte position 1510692): Warning: cell "sky130_sram_1kbyte_1rw1r_32x256_8_contact_7" placed on top of itself.  Ignoring the extra one.
Error while reading cell "sky130_sram_1kbyte_1rw1r_32x256_8_row_cap_array" (byte position 1510988): Warning: cell "sky130_sram_1kbyte_1rw1r_32x256_8_contact_7" placed on top of itself.  Ignoring the extra one.
Error while reading cell "sky130_sram_1kbyte_1rw1r_32x256_8_row_cap_array" (byte position 1511284): Warning: cell "sky130_sram_1kbyte_1rw1r_32x256_8_contact_7" placed on top of itself.  Ignoring the extra one.
Reading "sky130_sram_1kbyte_1rw1r_32x256_8_col_cap_array".
Reading "sky130_sram_1kbyte_1rw1r_32x256_8_col_cap_array_0".
Reading "sky130_sram_1kbyte_1rw1r_32x256_8_dummy_array".
Reading "sky130_sram_1kbyte_1rw1r_32x256_8_replica_column_0".
Reading "sky130_sram_1kbyte_1rw1r_32x256_8_replica_column".
Reading "sky130_sram_1kbyte_1rw1r_32x256_8_bitcell_array".
    5000 uses
Reading "sky130_sram_1kbyte_1rw1r_32x256_8_pdriver_6".
Reading "sky130_sram_1kbyte_1rw1r_32x256_8_dff_buf_array_0".
Reading "sky130_sram_1kbyte_1rw1r_32x256_8_pdriver_5".
Reading "sky130_sram_1kbyte_1rw1r_32x256_8_pnand2_1".
Reading "sky130_sram_1kbyte_1rw1r_32x256_8_delay_chain".
Error while reading cell "sky130_sram_1kbyte_1rw1r_32x256_8_delay_chain" (byte position 6246158): Warning: cell "sky130_sram_1kbyte_1rw1r_32x256_8_contact_14" placed on top of itself.  Ignoring the extra one.
Error while reading cell "sky130_sram_1kbyte_1rw1r_32x256_8_delay_chain" (byte position 6246232): Warning: cell "sky130_sram_1kbyte_1rw1r_32x256_8_contact_19" placed on top of itself.  Ignoring the extra one.
Error while reading cell "sky130_sram_1kbyte_1rw1r_32x256_8_delay_chain" (byte position 6246306): Warning: cell "sky130_sram_1kbyte_1rw1r_32x256_8_contact_7" placed on top of itself.  Ignoring the extra one.
Error while reading cell "sky130_sram_1kbyte_1rw1r_32x256_8_delay_chain" (byte position 6246824): Warning: cell "sky130_sram_1kbyte_1rw1r_32x256_8_contact_14" placed on top of itself.  Ignoring the extra one.
Error while reading cell "sky130_sram_1kbyte_1rw1r_32x256_8_delay_chain" (byte position 6246898): Warning: cell "sky130_sram_1kbyte_1rw1r_32x256_8_contact_19" placed on top of itself.  Ignoring the extra one.
Error while reading cell "sky130_sram_1kbyte_1rw1r_32x256_8_delay_chain" (byte position 6246972): Warning: cell "sky130_sram_1kbyte_1rw1r_32x256_8_contact_7" placed on top of itself.  Ignoring the extra one.
Error while reading cell "sky130_sram_1kbyte_1rw1r_32x256_8_delay_chain" (byte position 6247046): Warning: cell "sky130_sram_1kbyte_1rw1r_32x256_8_contact_14" placed on top of itself.  Ignoring the extra one.
Error while reading cell "sky130_sram_1kbyte_1rw1r_32x256_8_delay_chain" (byte position 6248296): Warning: cell "sky130_sram_1kbyte_1rw1r_32x256_8_contact_14" placed on top of itself.  Ignoring the extra one.
Error while reading cell "sky130_sram_1kbyte_1rw1r_32x256_8_delay_chain" (byte position 6248370): Warning: cell "sky130_sram_1kbyte_1rw1r_32x256_8_contact_19" placed on top of itself.  Ignoring the extra one.
Error while reading cell "sky130_sram_1kbyte_1rw1r_32x256_8_delay_chain" (byte position 6248444): Warning: cell "sky130_sram_1kbyte_1rw1r_32x256_8_contact_7" placed on top of itself.  Ignoring the extra one.
Error while reading cell "sky130_sram_1kbyte_1rw1r_32x256_8_delay_chain" (byte position 6249628): Warning: cell "sky130_sram_1kbyte_1rw1r_32x256_8_contact_14" placed on top of itself.  Ignoring the extra one.
Error while reading cell "sky130_sram_1kbyte_1rw1r_32x256_8_delay_chain" (byte position 6249702): Warning: cell "sky130_sram_1kbyte_1rw1r_32x256_8_contact_19" placed on top of itself.  Ignoring the extra one.
Error while reading cell "sky130_sram_1kbyte_1rw1r_32x256_8_delay_chain" (byte position 6249776): Warning: cell "sky130_sram_1kbyte_1rw1r_32x256_8_contact_7" placed on top of itself.  Ignoring the extra one.
Error while reading cell "sky130_sram_1kbyte_1rw1r_32x256_8_delay_chain" (byte position 6250812): Warning: cell "sky130_sram_1kbyte_1rw1r_32x256_8_contact_19" placed on top of itself.  Ignoring the extra one.
Error while reading cell "sky130_sram_1kbyte_1rw1r_32x256_8_delay_chain" (byte position 6250886): Warning: cell "sky130_sram_1kbyte_1rw1r_32x256_8_contact_7" placed on top of itself.  Ignoring the extra one.
Error while reading cell "sky130_sram_1kbyte_1rw1r_32x256_8_delay_chain" (byte position 6252510): Warning: cell "sky130_sram_1kbyte_1rw1r_32x256_8_contact_14" placed on top of itself.  Ignoring the extra one.
Error while reading cell "sky130_sram_1kbyte_1rw1r_32x256_8_delay_chain" (byte position 6252584): Warning: cell "sky130_sram_1kbyte_1rw1r_32x256_8_contact_19" placed on top of itself.  Ignoring the extra one.
Error while reading cell "sky130_sram_1kbyte_1rw1r_32x256_8_delay_chain" (byte position 6252658): Warning: cell "sky130_sram_1kbyte_1rw1r_32x256_8_contact_7" placed on top of itself.  Ignoring the extra one.
Error while reading cell "sky130_sram_1kbyte_1rw1r_32x256_8_delay_chain" (byte position 6252732): Warning: cell "sky130_sram_1kbyte_1rw1r_32x256_8_contact_14" placed on top of itself.  Ignoring the extra one.
Error while reading cell "sky130_sram_1kbyte_1rw1r_32x256_8_delay_chain" (byte position 6253324): Warning: cell "sky130_sram_1kbyte_1rw1r_32x256_8_contact_19" placed on top of itself.  Ignoring the extra one.
Error while reading cell "sky130_sram_1kbyte_1rw1r_32x256_8_delay_chain" (byte position 6253398): Warning: cell "sky130_sram_1kbyte_1rw1r_32x256_8_contact_7" placed on top of itself.  Ignoring the extra one.
Error while reading cell "sky130_sram_1kbyte_1rw1r_32x256_8_delay_chain" (byte position 6253840): Warning: cell "sky130_sram_1kbyte_1rw1r_32x256_8_contact_7" placed on top of itself.  Ignoring the extra one.
Error while reading cell "sky130_sram_1kbyte_1rw1r_32x256_8_delay_chain" (byte position 6254504): Warning: cell "sky130_sram_1kbyte_1rw1r_32x256_8_contact_14" placed on top of itself.  Ignoring the extra one.
Error while reading cell "sky130_sram_1kbyte_1rw1r_32x256_8_delay_chain" (byte position 6254578): Warning: cell "sky130_sram_1kbyte_1rw1r_32x256_8_contact_14" placed on top of itself.  Ignoring the extra one.
Error while reading cell "sky130_sram_1kbyte_1rw1r_32x256_8_delay_chain" (byte position 6254652): Warning: cell "sky130_sram_1kbyte_1rw1r_32x256_8_contact_19" placed on top of itself.  Ignoring the extra one.
Error while reading cell "sky130_sram_1kbyte_1rw1r_32x256_8_delay_chain" (byte position 6255524): Warning: cell "sky130_sram_1kbyte_1rw1r_32x256_8_contact_7" placed on top of itself.  Ignoring the extra one.
Error while reading cell "sky130_sram_1kbyte_1rw1r_32x256_8_delay_chain" (byte position 6255820): Warning: cell "sky130_sram_1kbyte_1rw1r_32x256_8_contact_14" placed on top of itself.  Ignoring the extra one.
Error while reading cell "sky130_sram_1kbyte_1rw1r_32x256_8_delay_chain" (byte position 6255894): Warning: cell "sky130_sram_1kbyte_1rw1r_32x256_8_contact_19" placed on top of itself.  Ignoring the extra one.
Error while reading cell "sky130_sram_1kbyte_1rw1r_32x256_8_delay_chain" (byte position 6255968): Warning: cell "sky130_sram_1kbyte_1rw1r_32x256_8_contact_7" placed on top of itself.  Ignoring the extra one.
Error while reading cell "sky130_sram_1kbyte_1rw1r_32x256_8_delay_chain" (byte position 6257374): Warning: cell "sky130_sram_1kbyte_1rw1r_32x256_8_contact_14" placed on top of itself.  Ignoring the extra one.
Error while reading cell "sky130_sram_1kbyte_1rw1r_32x256_8_delay_chain" (byte position 6257592): Warning: cell "sky130_sram_1kbyte_1rw1r_32x256_8_contact_19" placed on top of itself.  Ignoring the extra one.
Error while reading cell "sky130_sram_1kbyte_1rw1r_32x256_8_delay_chain" (byte position 6258406): Warning: cell "sky130_sram_1kbyte_1rw1r_32x256_8_contact_19" placed on top of itself.  Ignoring the extra one.
Error while reading cell "sky130_sram_1kbyte_1rw1r_32x256_8_delay_chain" (byte position 6258480): Warning: cell "sky130_sram_1kbyte_1rw1r_32x256_8_contact_7" placed on top of itself.  Ignoring the extra one.
Error while reading cell "sky130_sram_1kbyte_1rw1r_32x256_8_delay_chain" (byte position 6259738): Warning: cell "sky130_sram_1kbyte_1rw1r_32x256_8_contact_7" placed on top of itself.  Ignoring the extra one.
Error while reading cell "sky130_sram_1kbyte_1rw1r_32x256_8_delay_chain" (byte position 6260330): Warning: cell "sky130_sram_1kbyte_1rw1r_32x256_8_contact_14" placed on top of itself.  Ignoring the extra one.
Error while reading cell "sky130_sram_1kbyte_1rw1r_32x256_8_delay_chain" (byte position 6260992): Warning: cell "sky130_sram_1kbyte_1rw1r_32x256_8_contact_14" placed on top of itself.  Ignoring the extra one.
Error while reading cell "sky130_sram_1kbyte_1rw1r_32x256_8_delay_chain" (byte position 6261066): Warning: cell "sky130_sram_1kbyte_1rw1r_32x256_8_contact_19" placed on top of itself.  Ignoring the extra one.
Error while reading cell "sky130_sram_1kbyte_1rw1r_32x256_8_delay_chain" (byte position 6263430): Warning: cell "sky130_sram_1kbyte_1rw1r_32x256_8_contact_14" placed on top of itself.  Ignoring the extra one.
Error while reading cell "sky130_sram_1kbyte_1rw1r_32x256_8_delay_chain" (byte position 6263504): Warning: cell "sky130_sram_1kbyte_1rw1r_32x256_8_contact_19" placed on top of itself.  Ignoring the extra one.
Error while reading cell "sky130_sram_1kbyte_1rw1r_32x256_8_delay_chain" (byte position 6263578): Warning: cell "sky130_sram_1kbyte_1rw1r_32x256_8_contact_7" placed on top of itself.  Ignoring the extra one.
Error while reading cell "sky130_sram_1kbyte_1rw1r_32x256_8_delay_chain" (byte position 6263652): Warning: cell "sky130_sram_1kbyte_1rw1r_32x256_8_contact_14" placed on top of itself.  Ignoring the extra one.
Error while reading cell "sky130_sram_1kbyte_1rw1r_32x256_8_delay_chain" (byte position 6263726): Warning: cell "sky130_sram_1kbyte_1rw1r_32x256_8_contact_19" placed on top of itself.  Ignoring the extra one.
Error while reading cell "sky130_sram_1kbyte_1rw1r_32x256_8_delay_chain" (byte position 6263800): Warning: cell "sky130_sram_1kbyte_1rw1r_32x256_8_contact_7" placed on top of itself.  Ignoring the extra one.
Error while reading cell "sky130_sram_1kbyte_1rw1r_32x256_8_delay_chain" (byte position 6265198): Warning: cell "sky130_sram_1kbyte_1rw1r_32x256_8_contact_19" placed on top of itself.  Ignoring the extra one.
Error while reading cell "sky130_sram_1kbyte_1rw1r_32x256_8_delay_chain" (byte position 6265272): Warning: cell "sky130_sram_1kbyte_1rw1r_32x256_8_contact_7" placed on top of itself.  Ignoring the extra one.
Error while reading cell "sky130_sram_1kbyte_1rw1r_32x256_8_delay_chain" (byte position 6266082): Warning: cell "sky130_sram_1kbyte_1rw1r_32x256_8_contact_14" placed on top of itself.  Ignoring the extra one.
Error while reading cell "sky130_sram_1kbyte_1rw1r_32x256_8_delay_chain" (byte position 6266156): Warning: cell "sky130_sram_1kbyte_1rw1r_32x256_8_contact_19" placed on top of itself.  Ignoring the extra one.
Error while reading cell "sky130_sram_1kbyte_1rw1r_32x256_8_delay_chain" (byte position 6266230): Warning: cell "sky130_sram_1kbyte_1rw1r_32x256_8_contact_7" placed on top of itself.  Ignoring the extra one.
Error while reading cell "sky130_sram_1kbyte_1rw1r_32x256_8_delay_chain" (byte position 6266526): Warning: cell "sky130_sram_1kbyte_1rw1r_32x256_8_contact_14" placed on top of itself.  Ignoring the extra one.
Reading "sky130_sram_1kbyte_1rw1r_32x256_8_pand3_0".
Reading "sky130_sram_1kbyte_1rw1r_32x256_8_pand3".
Reading "sky130_sram_1kbyte_1rw1r_32x256_8_pdriver_2".
Reading "sky130_sram_1kbyte_1rw1r_32x256_8_pand2_0".
Reading "sky130_sram_1kbyte_1rw1r_32x256_8_pdriver_1".
Reading "sky130_sram_1kbyte_1rw1r_32x256_8_dff_buf_array".
Error while reading cell "sky130_sram_1kbyte_1rw1r_32x256_8_dff_buf_array" (byte position 6278122): Warning: cell "sky130_sram_1kbyte_1rw1r_32x256_8_contact_14" placed on top of itself.  Ignoring the extra one.
Error while reading cell "sky130_sram_1kbyte_1rw1r_32x256_8_dff_buf_array" (byte position 6278196): Warning: cell "sky130_sram_1kbyte_1rw1r_32x256_8_contact_19" placed on top of itself.  Ignoring the extra one.
Error while reading cell "sky130_sram_1kbyte_1rw1r_32x256_8_dff_buf_array" (byte position 6278270): Warning: cell "sky130_sram_1kbyte_1rw1r_32x256_8_contact_7" placed on top of itself.  Ignoring the extra one.
Reading "sky130_sram_1kbyte_1rw1r_32x256_8_pinvbuf".
Reading "sky130_sram_1kbyte_1rw1r_32x256_8_port_address_0".
Reading "sky130_sram_1kbyte_1rw1r_32x256_8_port_address".
Reading "sky130_sram_1kbyte_1rw1r_32x256_8_port_data_0".
Reading "sky130_sram_1kbyte_1rw1r_32x256_8_port_data".
Reading "sky130_sram_1kbyte_1rw1r_32x256_8_replica_bitcell_array".
Reading "sky130_sram_1kbyte_1rw1r_32x256_8_contact_34".
Reading "sky130_sram_1kbyte_1rw1r_32x256_8_contact_33".
Reading "sky130_sram_1kbyte_1rw1r_32x256_8_contact_40".
Reading "sky130_sram_1kbyte_1rw1r_32x256_8_contact_39".
Reading "sky130_sram_1kbyte_1rw1r_32x256_8_cr_5".
Reading "sky130_sram_1kbyte_1rw1r_32x256_8_cr_4".
Reading "sky130_sram_1kbyte_1rw1r_32x256_8_cr_3".
Reading "sky130_sram_1kbyte_1rw1r_32x256_8_data_dff".
Reading "sky130_sram_1kbyte_1rw1r_32x256_8_wmask_dff".
Reading "sky130_sram_1kbyte_1rw1r_32x256_8_col_addr_dff".
Reading "sky130_sram_1kbyte_1rw1r_32x256_8_row_addr_dff".
Error while reading cell "sky130_sram_1kbyte_1rw1r_32x256_8_row_addr_dff" (byte position 7390398): Warning: cell "sky130_sram_1kbyte_1rw1r_32x256_8_contact_14" placed on top of itself.  Ignoring the extra one.
Error while reading cell "sky130_sram_1kbyte_1rw1r_32x256_8_row_addr_dff" (byte position 7390472): Warning: cell "sky130_sram_1kbyte_1rw1r_32x256_8_contact_19" placed on top of itself.  Ignoring the extra one.
Error while reading cell "sky130_sram_1kbyte_1rw1r_32x256_8_row_addr_dff" (byte position 7390546): Warning: cell "sky130_sram_1kbyte_1rw1r_32x256_8_contact_7" placed on top of itself.  Ignoring the extra one.
Error while reading cell "sky130_sram_1kbyte_1rw1r_32x256_8_row_addr_dff" (byte position 7391064): Warning: cell "sky130_sram_1kbyte_1rw1r_32x256_8_contact_14" placed on top of itself.  Ignoring the extra one.
Error while reading cell "sky130_sram_1kbyte_1rw1r_32x256_8_row_addr_dff" (byte position 7391138): Warning: cell "sky130_sram_1kbyte_1rw1r_32x256_8_contact_19" placed on top of itself.  Ignoring the extra one.
Error while reading cell "sky130_sram_1kbyte_1rw1r_32x256_8_row_addr_dff" (byte position 7391212): Warning: cell "sky130_sram_1kbyte_1rw1r_32x256_8_contact_7" placed on top of itself.  Ignoring the extra one.
Error while reading cell "sky130_sram_1kbyte_1rw1r_32x256_8_row_addr_dff" (byte position 7391286): Warning: cell "sky130_sram_1kbyte_1rw1r_32x256_8_contact_14" placed on top of itself.  Ignoring the extra one.
Error while reading cell "sky130_sram_1kbyte_1rw1r_32x256_8_row_addr_dff" (byte position 7391360): Warning: cell "sky130_sram_1kbyte_1rw1r_32x256_8_contact_19" placed on top of itself.  Ignoring the extra one.
Error while reading cell "sky130_sram_1kbyte_1rw1r_32x256_8_row_addr_dff" (byte position 7391434): Warning: cell "sky130_sram_1kbyte_1rw1r_32x256_8_contact_7" placed on top of itself.  Ignoring the extra one.
Error while reading cell "sky130_sram_1kbyte_1rw1r_32x256_8_row_addr_dff" (byte position 7391952): Warning: cell "sky130_sram_1kbyte_1rw1r_32x256_8_contact_14" placed on top of itself.  Ignoring the extra one.
Error while reading cell "sky130_sram_1kbyte_1rw1r_32x256_8_row_addr_dff" (byte position 7392026): Warning: cell "sky130_sram_1kbyte_1rw1r_32x256_8_contact_19" placed on top of itself.  Ignoring the extra one.
Error while reading cell "sky130_sram_1kbyte_1rw1r_32x256_8_row_addr_dff" (byte position 7392100): Warning: cell "sky130_sram_1kbyte_1rw1r_32x256_8_contact_7" placed on top of itself.  Ignoring the extra one.
Error while reading cell "sky130_sram_1kbyte_1rw1r_32x256_8_row_addr_dff" (byte position 7392174): Warning: cell "sky130_sram_1kbyte_1rw1r_32x256_8_contact_14" placed on top of itself.  Ignoring the extra one.
Error while reading cell "sky130_sram_1kbyte_1rw1r_32x256_8_row_addr_dff" (byte position 7392248): Warning: cell "sky130_sram_1kbyte_1rw1r_32x256_8_contact_19" placed on top of itself.  Ignoring the extra one.
Error while reading cell "sky130_sram_1kbyte_1rw1r_32x256_8_row_addr_dff" (byte position 7392322): Warning: cell "sky130_sram_1kbyte_1rw1r_32x256_8_contact_7" placed on top of itself.  Ignoring the extra one.
Error while reading cell "sky130_sram_1kbyte_1rw1r_32x256_8_row_addr_dff" (byte position 7392840): Warning: cell "sky130_sram_1kbyte_1rw1r_32x256_8_contact_14" placed on top of itself.  Ignoring the extra one.
Error while reading cell "sky130_sram_1kbyte_1rw1r_32x256_8_row_addr_dff" (byte position 7392914): Warning: cell "sky130_sram_1kbyte_1rw1r_32x256_8_contact_19" placed on top of itself.  Ignoring the extra one.
Error while reading cell "sky130_sram_1kbyte_1rw1r_32x256_8_row_addr_dff" (byte position 7392988): Warning: cell "sky130_sram_1kbyte_1rw1r_32x256_8_contact_7" placed on top of itself.  Ignoring the extra one.
Reading "sky130_sram_1kbyte_1rw1r_32x256_8_control_logic_r".
Error while reading cell "sky130_sram_1kbyte_1rw1r_32x256_8_control_logic_r" (byte position 7408538): Warning: cell "sky130_sram_1kbyte_1rw1r_32x256_8_contact_14" placed on top of itself.  Ignoring the extra one.
Error while reading cell "sky130_sram_1kbyte_1rw1r_32x256_8_control_logic_r" (byte position 7408612): Warning: cell "sky130_sram_1kbyte_1rw1r_32x256_8_contact_19" placed on top of itself.  Ignoring the extra one.
Error while reading cell "sky130_sram_1kbyte_1rw1r_32x256_8_control_logic_r" (byte position 7408686): Warning: cell "sky130_sram_1kbyte_1rw1r_32x256_8_contact_7" placed on top of itself.  Ignoring the extra one.
Error while reading cell "sky130_sram_1kbyte_1rw1r_32x256_8_control_logic_r" (byte position 7409648): Warning: cell "sky130_sram_1kbyte_1rw1r_32x256_8_contact_14" placed on top of itself.  Ignoring the extra one.
Error while reading cell "sky130_sram_1kbyte_1rw1r_32x256_8_control_logic_r" (byte position 7409722): Warning: cell "sky130_sram_1kbyte_1rw1r_32x256_8_contact_19" placed on top of itself.  Ignoring the extra one.
Error while reading cell "sky130_sram_1kbyte_1rw1r_32x256_8_control_logic_r" (byte position 7409944): Warning: cell "sky130_sram_1kbyte_1rw1r_32x256_8_contact_14" placed on top of itself.  Ignoring the extra one.
Error while reading cell "sky130_sram_1kbyte_1rw1r_32x256_8_control_logic_r" (byte position 7410018): Warning: cell "sky130_sram_1kbyte_1rw1r_32x256_8_contact_19" placed on top of itself.  Ignoring the extra one.
Error while reading cell "sky130_sram_1kbyte_1rw1r_32x256_8_control_logic_r" (byte position 7410906): Warning: cell "sky130_sram_1kbyte_1rw1r_32x256_8_contact_14" placed on top of itself.  Ignoring the extra one.
Error while reading cell "sky130_sram_1kbyte_1rw1r_32x256_8_control_logic_r" (byte position 7410980): Warning: cell "sky130_sram_1kbyte_1rw1r_32x256_8_contact_19" placed on top of itself.  Ignoring the extra one.
Error while reading cell "sky130_sram_1kbyte_1rw1r_32x256_8_control_logic_r" (byte position 7411054): Warning: cell "sky130_sram_1kbyte_1rw1r_32x256_8_contact_7" placed on top of itself.  Ignoring the extra one.
Error while reading cell "sky130_sram_1kbyte_1rw1r_32x256_8_control_logic_r" (byte position 7411572): Warning: cell "sky130_sram_1kbyte_1rw1r_32x256_8_contact_14" placed on top of itself.  Ignoring the extra one.
Error while reading cell "sky130_sram_1kbyte_1rw1r_32x256_8_control_logic_r" (byte position 7411646): Warning: cell "sky130_sram_1kbyte_1rw1r_32x256_8_contact_19" placed on top of itself.  Ignoring the extra one.
Error while reading cell "sky130_sram_1kbyte_1rw1r_32x256_8_control_logic_r" (byte position 7411720): Warning: cell "sky130_sram_1kbyte_1rw1r_32x256_8_contact_7" placed on top of itself.  Ignoring the extra one.
Error while reading cell "sky130_sram_1kbyte_1rw1r_32x256_8_control_logic_r" (byte position 7411794): Warning: cell "sky130_sram_1kbyte_1rw1r_32x256_8_contact_14" placed on top of itself.  Ignoring the extra one.
Error while reading cell "sky130_sram_1kbyte_1rw1r_32x256_8_control_logic_r" (byte position 7411868): Warning: cell "sky130_sram_1kbyte_1rw1r_32x256_8_contact_19" placed on top of itself.  Ignoring the extra one.
Error while reading cell "sky130_sram_1kbyte_1rw1r_32x256_8_control_logic_r" (byte position 7411942): Warning: cell "sky130_sram_1kbyte_1rw1r_32x256_8_contact_7" placed on top of itself.  Ignoring the extra one.
Error while reading cell "sky130_sram_1kbyte_1rw1r_32x256_8_control_logic_r" (byte position 7412460): Warning: cell "sky130_sram_1kbyte_1rw1r_32x256_8_contact_14" placed on top of itself.  Ignoring the extra one.
Error while reading cell "sky130_sram_1kbyte_1rw1r_32x256_8_control_logic_r" (byte position 7412534): Warning: cell "sky130_sram_1kbyte_1rw1r_32x256_8_contact_19" placed on top of itself.  Ignoring the extra one.
Error while reading cell "sky130_sram_1kbyte_1rw1r_32x256_8_control_logic_r" (byte position 7412608): Warning: cell "sky130_sram_1kbyte_1rw1r_32x256_8_contact_7" placed on top of itself.  Ignoring the extra one.
Error while reading cell "sky130_sram_1kbyte_1rw1r_32x256_8_control_logic_r" (byte position 7412682): Warning: cell "sky130_sram_1kbyte_1rw1r_32x256_8_contact_14" placed on top of itself.  Ignoring the extra one.
Error while reading cell "sky130_sram_1kbyte_1rw1r_32x256_8_control_logic_r" (byte position 7412756): Warning: cell "sky130_sram_1kbyte_1rw1r_32x256_8_contact_19" placed on top of itself.  Ignoring the extra one.
Error while reading cell "sky130_sram_1kbyte_1rw1r_32x256_8_control_logic_r" (byte position 7412830): Warning: cell "sky130_sram_1kbyte_1rw1r_32x256_8_contact_7" placed on top of itself.  Ignoring the extra one.
Reading "sky130_sram_1kbyte_1rw1r_32x256_8_control_logic_rw".
Error while reading cell "sky130_sram_1kbyte_1rw1r_32x256_8_control_logic_rw" (byte position 7429392): Warning: cell "sky130_sram_1kbyte_1rw1r_32x256_8_contact_14" placed on top of itself.  Ignoring the extra one.
Error while reading cell "sky130_sram_1kbyte_1rw1r_32x256_8_control_logic_rw" (byte position 7429466): Warning: cell "sky130_sram_1kbyte_1rw1r_32x256_8_contact_19" placed on top of itself.  Ignoring the extra one.
Error while reading cell "sky130_sram_1kbyte_1rw1r_32x256_8_control_logic_rw" (byte position 7429540): Warning: cell "sky130_sram_1kbyte_1rw1r_32x256_8_contact_7" placed on top of itself.  Ignoring the extra one.
Error while reading cell "sky130_sram_1kbyte_1rw1r_32x256_8_control_logic_rw" (byte position 7433016): Warning: cell "sky130_sram_1kbyte_1rw1r_32x256_8_contact_14" placed on top of itself.  Ignoring the extra one.
Error while reading cell "sky130_sram_1kbyte_1rw1r_32x256_8_control_logic_rw" (byte position 7433090): Warning: cell "sky130_sram_1kbyte_1rw1r_32x256_8_contact_19" placed on top of itself.  Ignoring the extra one.
Error while reading cell "sky130_sram_1kbyte_1rw1r_32x256_8_control_logic_rw" (byte position 7433164): Warning: cell "sky130_sram_1kbyte_1rw1r_32x256_8_contact_7" placed on top of itself.  Ignoring the extra one.
Error while reading cell "sky130_sram_1kbyte_1rw1r_32x256_8_control_logic_rw" (byte position 7434126): Warning: cell "sky130_sram_1kbyte_1rw1r_32x256_8_contact_14" placed on top of itself.  Ignoring the extra one.
Error while reading cell "sky130_sram_1kbyte_1rw1r_32x256_8_control_logic_rw" (byte position 7434200): Warning: cell "sky130_sram_1kbyte_1rw1r_32x256_8_contact_19" placed on top of itself.  Ignoring the extra one.
Error while reading cell "sky130_sram_1kbyte_1rw1r_32x256_8_control_logic_rw" (byte position 7435380): Warning: cell "sky130_sram_1kbyte_1rw1r_32x256_8_contact_7" placed on top of itself.  Ignoring the extra one.
Error while reading cell "sky130_sram_1kbyte_1rw1r_32x256_8_control_logic_rw" (byte position 7435898): Warning: cell "sky130_sram_1kbyte_1rw1r_32x256_8_contact_14" placed on top of itself.  Ignoring the extra one.
Error while reading cell "sky130_sram_1kbyte_1rw1r_32x256_8_control_logic_rw" (byte position 7435972): Warning: cell "sky130_sram_1kbyte_1rw1r_32x256_8_contact_19" placed on top of itself.  Ignoring the extra one.
Error while reading cell "sky130_sram_1kbyte_1rw1r_32x256_8_control_logic_rw" (byte position 7436046): Warning: cell "sky130_sram_1kbyte_1rw1r_32x256_8_contact_7" placed on top of itself.  Ignoring the extra one.
Error while reading cell "sky130_sram_1kbyte_1rw1r_32x256_8_control_logic_rw" (byte position 7436120): Warning: cell "sky130_sram_1kbyte_1rw1r_32x256_8_contact_14" placed on top of itself.  Ignoring the extra one.
Error while reading cell "sky130_sram_1kbyte_1rw1r_32x256_8_control_logic_rw" (byte position 7436194): Warning: cell "sky130_sram_1kbyte_1rw1r_32x256_8_contact_19" placed on top of itself.  Ignoring the extra one.
Error while reading cell "sky130_sram_1kbyte_1rw1r_32x256_8_control_logic_rw" (byte position 7436268): Warning: cell "sky130_sram_1kbyte_1rw1r_32x256_8_contact_7" placed on top of itself.  Ignoring the extra one.
Error while reading cell "sky130_sram_1kbyte_1rw1r_32x256_8_control_logic_rw" (byte position 7436786): Warning: cell "sky130_sram_1kbyte_1rw1r_32x256_8_contact_14" placed on top of itself.  Ignoring the extra one.
Error while reading cell "sky130_sram_1kbyte_1rw1r_32x256_8_control_logic_rw" (byte position 7436860): Warning: cell "sky130_sram_1kbyte_1rw1r_32x256_8_contact_19" placed on top of itself.  Ignoring the extra one.
Error while reading cell "sky130_sram_1kbyte_1rw1r_32x256_8_control_logic_rw" (byte position 7436934): Warning: cell "sky130_sram_1kbyte_1rw1r_32x256_8_contact_7" placed on top of itself.  Ignoring the extra one.
Error while reading cell "sky130_sram_1kbyte_1rw1r_32x256_8_control_logic_rw" (byte position 7437008): Warning: cell "sky130_sram_1kbyte_1rw1r_32x256_8_contact_14" placed on top of itself.  Ignoring the extra one.
Error while reading cell "sky130_sram_1kbyte_1rw1r_32x256_8_control_logic_rw" (byte position 7437082): Warning: cell "sky130_sram_1kbyte_1rw1r_32x256_8_contact_19" placed on top of itself.  Ignoring the extra one.
Error while reading cell "sky130_sram_1kbyte_1rw1r_32x256_8_control_logic_rw" (byte position 7437156): Warning: cell "sky130_sram_1kbyte_1rw1r_32x256_8_contact_7" placed on top of itself.  Ignoring the extra one.
Error while reading cell "sky130_sram_1kbyte_1rw1r_32x256_8_control_logic_rw" (byte position 7437674): Warning: cell "sky130_sram_1kbyte_1rw1r_32x256_8_contact_14" placed on top of itself.  Ignoring the extra one.
Error while reading cell "sky130_sram_1kbyte_1rw1r_32x256_8_control_logic_rw" (byte position 7437748): Warning: cell "sky130_sram_1kbyte_1rw1r_32x256_8_contact_19" placed on top of itself.  Ignoring the extra one.
Error while reading cell "sky130_sram_1kbyte_1rw1r_32x256_8_control_logic_rw" (byte position 7437822): Warning: cell "sky130_sram_1kbyte_1rw1r_32x256_8_contact_7" placed on top of itself.  Ignoring the extra one.
Error while reading cell "sky130_sram_1kbyte_1rw1r_32x256_8_control_logic_rw" (byte position 7437896): Warning: cell "sky130_sram_1kbyte_1rw1r_32x256_8_contact_14" placed on top of itself.  Ignoring the extra one.
Error while reading cell "sky130_sram_1kbyte_1rw1r_32x256_8_control_logic_rw" (byte position 7437970): Warning: cell "sky130_sram_1kbyte_1rw1r_32x256_8_contact_19" placed on top of itself.  Ignoring the extra one.
Error while reading cell "sky130_sram_1kbyte_1rw1r_32x256_8_control_logic_rw" (byte position 7438192): Warning: cell "sky130_sram_1kbyte_1rw1r_32x256_8_contact_14" placed on top of itself.  Ignoring the extra one.
Error while reading cell "sky130_sram_1kbyte_1rw1r_32x256_8_control_logic_rw" (byte position 7438266): Warning: cell "sky130_sram_1kbyte_1rw1r_32x256_8_contact_19" placed on top of itself.  Ignoring the extra one.
Reading "sky130_sram_1kbyte_1rw1r_32x256_8_bank".
Reading "sky130_sram_1kbyte_1rw1r_32x256_8".
    5000 uses
Reading DEF data from file /home/manal/projects/RiscV-mini-SoC/pd/output/final.def.
This action cannot be undone.
  Processed 5 vias total.
  Processed 2 non-default rules total.
DEF read, Line 168683 (Warning): Character in instance name converted to underscore.
DEF read, Line 168684 (Warning): Character in instance name converted to underscore.
DEF read, Line 168685 (Warning): Character in instance name converted to underscore.
DEF read, Line 168686 (Warning): Character in instance name converted to underscore.
DEF read, Line 168687 (Warning): Character in instance name converted to underscore.
DEF read, Line 168688 (Warning): Character in instance name converted to underscore.
DEF read, Line 168689 (Warning): Character in instance name converted to underscore.
DEF read, Line 168690 (Warning): Character in instance name converted to underscore.
DEF read, Line 168691 (Warning): Character in instance name converted to underscore.
DEF read, Line 168692 (Warning): Character in instance name converted to underscore.
DEF read, Line 168693 (Warning): Character in instance name converted to underscore.
DEF read, Line 168694 (Warning): Character in instance name converted to underscore.
DEF read, Line 168695 (Warning): Character in instance name converted to underscore.
DEF read, Line 168696 (Warning): Character in instance name converted to underscore.
DEF read, Line 168697 (Warning): Character in instance name converted to underscore.
DEF read, Line 168698 (Warning): Character in instance name converted to underscore.
DEF read, Line 168699 (Warning): Character in instance name converted to underscore.
DEF read, Line 168700 (Warning): Character in instance name converted to underscore.
DEF read, Line 168701 (Warning): Character in instance name converted to underscore.
DEF read, Line 168702 (Warning): Character in instance name converted to underscore.
DEF read, Line 168703 (Warning): Character in instance name converted to underscore.
DEF read, Line 168704 (Warning): Character in instance name converted to underscore.
DEF read, Line 168705 (Warning): Character in instance name converted to underscore.
DEF read, Line 168706 (Warning): Character in instance name converted to underscore.
DEF read, Line 168707 (Warning): Character in instance name converted to underscore.
DEF read, Line 168708 (Warning): Character in instance name converted to underscore.
DEF read, Line 168709 (Warning): Character in instance name converted to underscore.
DEF read, Line 168710 (Warning): Character in instance name converted to underscore.
DEF read, Line 168711 (Warning): Character in instance name converted to underscore.
DEF read, Line 168712 (Warning): Character in instance name converted to underscore.
DEF read, Line 168713 (Warning): Character in instance name converted to underscore.
DEF read, Line 168714 (Warning): Character in instance name converted to underscore.
DEF read, Line 168715 (Warning): Character in instance name converted to underscore.
DEF read, Line 168716 (Warning): Character in instance name converted to underscore.
DEF read, Line 168717 (Warning): Character in instance name converted to underscore.
DEF read, Line 168718 (Warning): Character in instance name converted to underscore.
DEF read, Line 168719 (Warning): Character in instance name converted to underscore.
DEF read, Line 168720 (Warning): Character in instance name converted to underscore.
DEF read, Line 168721 (Warning): Character in instance name converted to underscore.
DEF read, Line 168722 (Warning): Character in instance name converted to underscore.
DEF read, Line 168723 (Warning): Character in instance name converted to underscore.
DEF read, Line 168724 (Warning): Character in instance name converted to underscore.
DEF read, Line 168725 (Warning): Character in instance name converted to underscore.
DEF read, Line 168726 (Warning): Character in instance name converted to underscore.
DEF read, Line 168727 (Warning): Character in instance name converted to underscore.
DEF read, Line 168728 (Warning): Character in instance name converted to underscore.
DEF read, Line 168729 (Warning): Character in instance name converted to underscore.
DEF read, Line 168730 (Warning): Character in instance name converted to underscore.
DEF read, Line 168731 (Warning): Character in instance name converted to underscore.
DEF read, Line 168732 (Warning): Character in instance name converted to underscore.
DEF read, Line 168733 (Warning): Character in instance name converted to underscore.
DEF read, Line 168734 (Warning): Character in instance name converted to underscore.
DEF read, Line 168735 (Warning): Character in instance name converted to underscore.
DEF read, Line 168736 (Warning): Character in instance name converted to underscore.
DEF read, Line 168737 (Warning): Character in instance name converted to underscore.
DEF read, Line 168738 (Warning): Character in instance name converted to underscore.
DEF read, Line 168739 (Warning): Character in instance name converted to underscore.
DEF read, Line 168740 (Warning): Character in instance name converted to underscore.
DEF read, Line 168741 (Warning): Character in instance name converted to underscore.
DEF read, Line 168742 (Warning): Character in instance name converted to underscore.
DEF read, Line 168743 (Warning): Character in instance name converted to underscore.
DEF read, Line 168744 (Warning): Character in instance name converted to underscore.
DEF read, Line 168745 (Warning): Character in instance name converted to underscore.
DEF read, Line 168746 (Warning): Character in instance name converted to underscore.
DEF read, Line 168747 (Warning): Character in instance name converted to underscore.
DEF read, Line 168748 (Warning): Character in instance name converted to underscore.
DEF read, Line 168749 (Warning): Character in instance name converted to underscore.
DEF read, Line 168750 (Warning): Character in instance name converted to underscore.
DEF read, Line 168751 (Warning): Character in instance name converted to underscore.
DEF read, Line 168752 (Warning): Character in instance name converted to underscore.
DEF read, Line 168753 (Warning): Character in instance name converted to underscore.
DEF read, Line 168754 (Warning): Character in instance name converted to underscore.
DEF read, Line 168755 (Warning): Character in instance name converted to underscore.
DEF read, Line 168756 (Warning): Character in instance name converted to underscore.
DEF read, Line 168757 (Warning): Character in instance name converted to underscore.
DEF read, Line 168758 (Warning): Character in instance name converted to underscore.
DEF read, Line 168759 (Warning): Character in instance name converted to underscore.
DEF read, Line 168760 (Warning): Character in instance name converted to underscore.
DEF read, Line 168761 (Warning): Character in instance name converted to underscore.
DEF read, Line 168762 (Warning): Character in instance name converted to underscore.
DEF read, Line 168763 (Warning): Character in instance name converted to underscore.
DEF read, Line 168764 (Warning): Character in instance name converted to underscore.
DEF read, Line 168765 (Warning): Character in instance name converted to underscore.
DEF read, Line 168766 (Warning): Character in instance name converted to underscore.
DEF read, Line 168767 (Warning): Character in instance name converted to underscore.
DEF read, Line 168768 (Warning): Character in instance name converted to underscore.
DEF read, Line 168769 (Warning): Character in instance name converted to underscore.
DEF read, Line 168770 (Warning): Character in instance name converted to underscore.
DEF read, Line 168771 (Warning): Character in instance name converted to underscore.
DEF read, Line 168772 (Warning): Character in instance name converted to underscore.
DEF read, Line 168773 (Warning): Character in instance name converted to underscore.
DEF read, Line 168774 (Warning): Character in instance name converted to underscore.
DEF read, Line 168775 (Warning): Character in instance name converted to underscore.
DEF read, Line 168776 (Warning): Character in instance name converted to underscore.
DEF read, Line 168777 (Warning): Character in instance name converted to underscore.
DEF read, Line 168778 (Warning): Character in instance name converted to underscore.
DEF read, Line 168779 (Warning): Character in instance name converted to underscore.
DEF read, Line 168780 (Warning): Character in instance name converted to underscore.
DEF read, Line 168781 (Warning): Character in instance name converted to underscore.
DEF read, Line 168782 (Warning): Character in instance name converted to underscore.
DEF read:  Further warnings will not be reported.
  Processed 179131 subcell instances total.
  Processed 5 pins total.
  Processed 2 special nets total.
  Processed 11123 nets total.
DEF read: Processed 268002 lines.
DEF Read: encountered 10242 warnings total.
   Generating output for cell sky130_fd_sc_hd__fill_1
   Generating output for cell sky130_fd_sc_hd__fill_8
   Generating output for cell sky130_fd_sc_hd__conb_1
   Generating output for cell sky130_fd_sc_hd__fill_4
   Generating output for cell sky130_fd_sc_hd__fill_2
   Generating output for cell sky130_fd_sc_hd__nor2_1
   Generating output for cell sky130_fd_sc_hd__dfxtp_1
   Generating output for cell sky130_fd_sc_hd__nand2_1
   Generating output for cell sky130_fd_sc_hd__clkinv_1
   Generating output for cell sky130_sram_1kbyte_1rw1r_32x256_8_contact_19
   Generating output for cell sky130_sram_1kbyte_1rw1r_32x256_8_contact_13
   Generating output for cell sky130_sram_1kbyte_1rw1r_32x256_8_contact_14
   Generating output for cell sky130_sram_1kbyte_1rw1r_32x256_8_contact_40
   Generating output for cell sky130_sram_1kbyte_1rw1r_32x256_8_contact_34
   Generating output for cell sky130_sram_1kbyte_1rw1r_32x256_8_contact_7
   Generating output for cell sky130_sram_1kbyte_1rw1r_32x256_8_contact_39
   Generating output for cell sky130_sram_1kbyte_1rw1r_32x256_8_contact_33
   Generating output for cell sky130_fd_bd_sram__openram_dff
   Generating output for cell sky130_sram_1kbyte_1rw1r_32x256_8_row_addr_dff
   Generating output for cell sky130_sram_1kbyte_1rw1r_32x256_8_col_addr_dff
   Generating output for cell sky130_sram_1kbyte_1rw1r_32x256_8_wmask_dff
   Generating output for cell sky130_sram_1kbyte_1rw1r_32x256_8_cr_3
   Generating output for cell sky130_sram_1kbyte_1rw1r_32x256_8_contact_16
   Generating output for cell sky130_sram_1kbyte_1rw1r_32x256_8_contact_29
   Generating output for cell sky130_sram_1kbyte_1rw1r_32x256_8_contact_28
   Generating output for cell sky130_sram_1kbyte_1rw1r_32x256_8_contact_11
   Generating output for cell sky130_sram_1kbyte_1rw1r_32x256_8_nmos_m1_w0_360_sli_dli_da_p
   Generating output for cell sky130_sram_1kbyte_1rw1r_32x256_8_contact_12
   Generating output for cell sky130_sram_1kbyte_1rw1r_32x256_8_pmos_m1_w1_120_sli_dli_da_p
   Generating output for cell sky130_sram_1kbyte_1rw1r_32x256_8_pinv_0
   Generating output for cell sky130_sram_1kbyte_1rw1r_32x256_8_nmos_m1_w0_740_sactive_dli
   Generating output for cell sky130_sram_1kbyte_1rw1r_32x256_8_nmos_m1_w0_740_sli_dactive
   Generating output for cell sky130_sram_1kbyte_1rw1r_32x256_8_pmos_m1_w1_120_sli_dli
   Generating output for cell sky130_sram_1kbyte_1rw1r_32x256_8_pnand2_1
   Generating output for cell sky130_sram_1kbyte_1rw1r_32x256_8_nmos_m3_w1_680_sli_dli_da_p
   Generating output for cell sky130_sram_1kbyte_1rw1r_32x256_8_pmos_m3_w1_680_sli_dli_da_p
   Generating output for cell sky130_sram_1kbyte_1rw1r_32x256_8_pinv_2
   Generating output for cell sky130_sram_1kbyte_1rw1r_32x256_8_nmos_m2_w0_740_sli_dli_da_p
   Generating output for cell sky130_sram_1kbyte_1rw1r_32x256_8_pmos_m2_w1_260_sli_dli_da_p
   Generating output for cell sky130_sram_1kbyte_1rw1r_32x256_8_pinv_1
   Generating output for cell sky130_sram_1kbyte_1rw1r_32x256_8_dff_buf_0
   Generating output for cell sky130_sram_1kbyte_1rw1r_32x256_8_dff_buf_array
   Generating output for cell sky130_sram_1kbyte_1rw1r_32x256_8_nmos_m7_w1_680_sli_dli_da_p
   Generating output for cell sky130_sram_1kbyte_1rw1r_32x256_8_pmos_m7_w2_000_sli_dli_da_p
   Generating output for cell sky130_sram_1kbyte_1rw1r_32x256_8_pinv_3
   Generating output for cell sky130_sram_1kbyte_1rw1r_32x256_8_pdriver_0
   Generating output for cell sky130_sram_1kbyte_1rw1r_32x256_8_pnand2_0
   Generating output for cell sky130_sram_1kbyte_1rw1r_32x256_8_pand2_0
   Generating output for cell sky130_sram_1kbyte_1rw1r_32x256_8_nmos_m12_w2_000_sli_dli_da_p
   Generating output for cell sky130_sram_1kbyte_1rw1r_32x256_8_pmos_m12_w2_000_sli_dli_da_p
   Generating output for cell sky130_sram_1kbyte_1rw1r_32x256_8_pinv_18
   Generating output for cell sky130_sram_1kbyte_1rw1r_32x256_8_nmos_m4_w1_260_sli_dli_da_p
   Generating output for cell sky130_sram_1kbyte_1rw1r_32x256_8_pmos_m4_w2_000_sli_dli_da_p
   Generating output for cell sky130_sram_1kbyte_1rw1r_32x256_8_pinv_17
   Generating output for cell sky130_sram_1kbyte_1rw1r_32x256_8_pinv_11
   Generating output for cell sky130_sram_1kbyte_1rw1r_32x256_8_pinv_6
   Generating output for cell sky130_sram_1kbyte_1rw1r_32x256_8_pdriver_5
   Generating output for cell sky130_sram_1kbyte_1rw1r_32x256_8_pinv_19
   Generating output for cell sky130_sram_1kbyte_1rw1r_32x256_8_delay_chain
   Generating output for cell sky130_sram_1kbyte_1rw1r_32x256_8_nmos_m18_w2_000_sli_dli_da_p
   Generating output for cell sky130_sram_1kbyte_1rw1r_32x256_8_pmos_m18_w2_000_sli_dli_da_p
   Generating output for cell sky130_sram_1kbyte_1rw1r_32x256_8_pinv_16
   Generating output for cell sky130_sram_1kbyte_1rw1r_32x256_8_pdriver_4
   Generating output for cell sky130_sram_1kbyte_1rw1r_32x256_8_nmos_m1_w0_740_sactive_dactive
   Generating output for cell sky130_sram_1kbyte_1rw1r_32x256_8_pnand3
   Generating output for cell sky130_sram_1kbyte_1rw1r_32x256_8_pand3_0
   Generating output for cell sky130_sram_1kbyte_1rw1r_32x256_8_nmos_m22_w2_000_sli_dli_da_p
   Generating output for cell sky130_sram_1kbyte_1rw1r_32x256_8_pmos_m22_w2_000_sli_dli_da_p
   Generating output for cell sky130_sram_1kbyte_1rw1r_32x256_8_pinv_15
   Generating output for cell sky130_sram_1kbyte_1rw1r_32x256_8_pdriver_3
   Generating output for cell sky130_sram_1kbyte_1rw1r_32x256_8_pand3
   Generating output for cell sky130_sram_1kbyte_1rw1r_32x256_8_nmos_m24_w2_000_sli_dli_da_p
   Generating output for cell sky130_sram_1kbyte_1rw1r_32x256_8_pmos_m24_w2_000_sli_dli_da_p
   Generating output for cell sky130_sram_1kbyte_1rw1r_32x256_8_pinv_14
   Generating output for cell sky130_sram_1kbyte_1rw1r_32x256_8_nmos_m8_w2_000_sli_dli_da_p
   Generating output for cell sky130_sram_1kbyte_1rw1r_32x256_8_pmos_m8_w2_000_sli_dli_da_p
   Generating output for cell sky130_sram_1kbyte_1rw1r_32x256_8_pinv_13
   Generating output for cell sky130_sram_1kbyte_1rw1r_32x256_8_nmos_m3_w2_000_sli_dli_da_p
   Generating output for cell sky130_sram_1kbyte_1rw1r_32x256_8_pmos_m3_w2_000_sli_dli_da_p
   Generating output for cell sky130_sram_1kbyte_1rw1r_32x256_8_pinv_12
   Generating output for cell sky130_sram_1kbyte_1rw1r_32x256_8_pdriver_2
   Generating output for cell sky130_sram_1kbyte_1rw1r_32x256_8_nmos_m40_w2_000_sli_dli_da_p
   Generating output for cell sky130_sram_1kbyte_1rw1r_32x256_8_pmos_m40_w2_000_sli_dli_da_p
   Generating output for cell sky130_sram_1kbyte_1rw1r_32x256_8_pinv_10
   Generating output for cell sky130_sram_1kbyte_1rw1r_32x256_8_nmos_m13_w2_000_sli_dli_da_p
   Generating output for cell sky130_sram_1kbyte_1rw1r_32x256_8_pmos_m13_w2_000_sli_dli_da_p
   Generating output for cell sky130_sram_1kbyte_1rw1r_32x256_8_pinv_9
   Generating output for cell sky130_sram_1kbyte_1rw1r_32x256_8_nmos_m5_w1_680_sli_dli_da_p
   Generating output for cell sky130_sram_1kbyte_1rw1r_32x256_8_pmos_m5_w2_000_sli_dli_da_p
   Generating output for cell sky130_sram_1kbyte_1rw1r_32x256_8_pinv_8
   Generating output for cell sky130_sram_1kbyte_1rw1r_32x256_8_nmos_m2_w1_260_sli_dli_da_p
   Generating output for cell sky130_sram_1kbyte_1rw1r_32x256_8_pmos_m2_w2_000_sli_dli_da_p
   Generating output for cell sky130_sram_1kbyte_1rw1r_32x256_8_pinv_7
   Generating output for cell sky130_sram_1kbyte_1rw1r_32x256_8_pdriver_1
   Generating output for cell sky130_sram_1kbyte_1rw1r_32x256_8_control_logic_rw
   Generating output for cell sky130_sram_1kbyte_1rw1r_32x256_8_cr_5
   Generating output for cell sky130_sram_1kbyte_1rw1r_32x256_8_dff_buf_array_0
   Generating output for cell sky130_sram_1kbyte_1rw1r_32x256_8_nmos_m39_w2_000_sli_dli_da_p
   Generating output for cell sky130_sram_1kbyte_1rw1r_32x256_8_pmos_m39_w2_000_sli_dli_da_p
   Generating output for cell sky130_sram_1kbyte_1rw1r_32x256_8_pinv_20
   Generating output for cell sky130_sram_1kbyte_1rw1r_32x256_8_pdriver_6
   Generating output for cell sky130_sram_1kbyte_1rw1r_32x256_8_control_logic_r
   Generating output for cell sky130_sram_1kbyte_1rw1r_32x256_8_cr_4
   Generating output for cell sky130_sram_1kbyte_1rw1r_32x256_8_data_dff
   Generating output for cell sky130_sram_1kbyte_1rw1r_32x256_8_pinvbuf
   Generating output for cell sky130_sram_1kbyte_1rw1r_32x256_8_contact_15
   Generating output for cell sky130_sram_1kbyte_1rw1r_32x256_8_nmos_m1_w7_000_sli_dli_da_p
   Generating output for cell sky130_sram_1kbyte_1rw1r_32x256_8_pmos_m1_w7_000_sli_dli_da_p
   Generating output for cell sky130_sram_1kbyte_1rw1r_32x256_8_pinv_dec_0
   Generating output for cell sky130_fd_bd_sram__openram_dp_nand2_dec
   Generating output for cell sky130_sram_1kbyte_1rw1r_32x256_8_and2_dec_0
   Generating output for cell sky130_sram_1kbyte_1rw1r_32x256_8_wordline_driver
   Generating output for cell sky130_sram_1kbyte_1rw1r_32x256_8_wordline_driver_array
   Generating output for cell sky130_sram_1kbyte_1rw1r_32x256_8_contact_20
   Generating output for cell sky130_sram_1kbyte_1rw1r_32x256_8_contact_17
   Generating output for cell sky130_sram_1kbyte_1rw1r_32x256_8_pinv_dec
   Generating output for cell sky130_fd_bd_sram__openram_dp_nand3_dec
   Generating output for cell sky130_sram_1kbyte_1rw1r_32x256_8_and3_dec
   Generating output for cell sky130_sram_1kbyte_1rw1r_32x256_8_hierarchical_predecode3x8
   Generating output for cell sky130_sram_1kbyte_1rw1r_32x256_8_and2_dec
   Generating output for cell sky130_sram_1kbyte_1rw1r_32x256_8_hierarchical_predecode2x4
   Generating output for cell sky130_sram_1kbyte_1rw1r_32x256_8_hierarchical_decoder
   Generating output for cell sky130_sram_1kbyte_1rw1r_32x256_8_port_address_0
   Generating output for cell sky130_sram_1kbyte_1rw1r_32x256_8_port_address
   Generating output for cell sky130_sram_1kbyte_1rw1r_32x256_8_contact_27
   Generating output for cell sky130_sram_1kbyte_1rw1r_32x256_8_contact_26
   Generating output for cell sky130_sram_1kbyte_1rw1r_32x256_8_nmos_m1_w2_880_sli_dli
   Generating output for cell sky130_sram_1kbyte_1rw1r_32x256_8_column_mux_0
   Generating output for cell sky130_sram_1kbyte_1rw1r_32x256_8_contact_25
   Generating output for cell sky130_sram_1kbyte_1rw1r_32x256_8_contact_24
   Generating output for cell sky130_sram_1kbyte_1rw1r_32x256_8_column_mux_array_0
   Generating output for cell sky130_fd_bd_sram__openram_sense_amp
   Generating output for cell sky130_sram_1kbyte_1rw1r_32x256_8_sense_amp_array
   Generating output for cell sky130_sram_1kbyte_1rw1r_32x256_8_contact_23
   Generating output for cell sky130_sram_1kbyte_1rw1r_32x256_8_contact_21
   Generating output for cell sky130_sram_1kbyte_1rw1r_32x256_8_contact_22
   Generating output for cell sky130_sram_1kbyte_1rw1r_32x256_8_pmos_m1_w0_550_sli_dli
   Generating output for cell sky130_sram_1kbyte_1rw1r_32x256_8_precharge_1
   Generating output for cell sky130_sram_1kbyte_1rw1r_32x256_8_precharge_array_0
   Generating output for cell sky130_sram_1kbyte_1rw1r_32x256_8_port_data_0
   Generating output for cell sky130_sram_1kbyte_1rw1r_32x256_8_column_mux
   Generating output for cell sky130_sram_1kbyte_1rw1r_32x256_8_column_mux_array
   Generating output for cell sky130_sram_1kbyte_1rw1r_32x256_8_pinv
   Generating output for cell sky130_sram_1kbyte_1rw1r_32x256_8_pdriver
   Generating output for cell sky130_sram_1kbyte_1rw1r_32x256_8_pnand2
   Generating output for cell sky130_sram_1kbyte_1rw1r_32x256_8_pand2
   Generating output for cell sky130_sram_1kbyte_1rw1r_32x256_8_write_mask_and_array
   Generating output for cell sky130_fd_bd_sram__openram_write_driver
   Generating output for cell sky130_sram_1kbyte_1rw1r_32x256_8_write_driver_array
   Generating output for cell sky130_sram_1kbyte_1rw1r_32x256_8_precharge_0
   Generating output for cell sky130_sram_1kbyte_1rw1r_32x256_8_precharge_array
   Generating output for cell sky130_sram_1kbyte_1rw1r_32x256_8_port_data
   Generating output for cell sky130_sram_1kbyte_1rw1r_32x256_8_contact_9
   Generating output for cell sky130_sram_1kbyte_1rw1r_32x256_8_contact_8
   Generating output for cell sky130_fd_bd_sram__openram_dp_cell_cap_row
   Generating output for cell sky130_sram_1kbyte_1rw1r_32x256_8_row_cap_array_0
   Generating output for cell sky130_sram_1kbyte_1rw1r_32x256_8_row_cap_array
   Generating output for cell sky130_fd_bd_sram__openram_dp_cell_cap_col
   Generating output for cell sky130_sram_1kbyte_1rw1r_32x256_8_col_cap_array
   Generating output for cell sky130_sram_1kbyte_1rw1r_32x256_8_col_cap_array_0
   Generating output for cell sky130_fd_bd_sram__openram_dp_cell_dummy
   Generating output for cell sky130_sram_1kbyte_1rw1r_32x256_8_dummy_array
   Generating output for cell sky130_fd_bd_sram__openram_dp_cell_replica
   Generating output for cell sky130_sram_1kbyte_1rw1r_32x256_8_replica_column_0
   Generating output for cell sky130_sram_1kbyte_1rw1r_32x256_8_replica_column
   Generating output for cell sky130_fd_bd_sram__openram_dp_cell
   Generating output for cell sky130_sram_1kbyte_1rw1r_32x256_8_bitcell_array
   Generating output for cell sky130_sram_1kbyte_1rw1r_32x256_8_replica_bitcell_array
   Generating output for cell sky130_sram_1kbyte_1rw1r_32x256_8_bank
   Generating output for cell sky130_sram_1kbyte_1rw1r_32x256_8
   Generating output for cell sky130_fd_sc_hd__nor3_1
   Generating output for cell sky130_fd_sc_hd__a21oi_1
   Generating output for cell sky130_fd_sc_hd__o21a_1
   Generating output for cell sky130_fd_sc_hd__a31oi_1
   Generating output for cell sky130_fd_sc_hd__o21ai_0
   Generating output for cell sky130_fd_sc_hd__and2_0
   Generating output for cell sky130_fd_sc_hd__lpflow_isobufsrc_1
   Generating output for cell sky130_fd_sc_hd__nand3_1
   Generating output for cell sky130_fd_sc_hd__buf_1
   Generating output for cell sky130_fd_sc_hd__buf_12
   Generating output for cell sky130_fd_sc_hd__nor3b_1
   Generating output for cell sky130_fd_sc_hd__nand4_1
   Generating output for cell sky130_fd_sc_hd__clkinvlp_4
   Generating output for cell sky130_fd_sc_hd__nor4_1
   Generating output for cell sky130_fd_sc_hd__a222oi_1
   Generating output for cell sky130_fd_sc_hd__mux4_2
   Generating output for cell sky130_fd_sc_hd__and3_1
   Generating output for cell sky130_fd_sc_hd__xnor2_1
   Generating output for cell sky130_fd_sc_hd__buf_2
   Generating output for cell sky130_fd_sc_hd__clkbuf_8
   Generating output for cell sky130_fd_sc_hd__clkbuf_16
   Generating output for cell sky130_fd_sc_hd__inv_6
   Generating output for cell sky130_fd_sc_hd__xor2_1
   Generating output for cell sky130_fd_sc_hd__bufinv_16
   Generating output for cell sky130_fd_sc_hd__clkinv_4
   Generating output for cell sky130_fd_sc_hd__diode_2
   Generating output for cell sky130_fd_sc_hd__or4_1
   Generating output for cell sky130_fd_sc_hd__buf_16
   Generating output for cell sky130_fd_sc_hd__and4_1
   Generating output for cell sky130_fd_sc_hd__buf_4
   Generating output for cell sky130_fd_sc_hd__mux2_1
   Generating output for cell sky130_fd_sc_hd__mux2i_1
   Generating output for cell sky130_fd_sc_hd__inv_12
   Generating output for cell sky130_fd_sc_hd__clkinv_8
   Generating output for cell sky130_fd_sc_hd__clkbuf_1
   Generating output for cell sky130_fd_sc_hd__probe_p_8
   Generating output for cell sky130_fd_sc_hd__clkinv_2
   Generating output for cell sky130_fd_sc_hd__nor2b_1
   Generating output for cell sky130_fd_sc_hd__o211ai_1
   Generating output for cell sky130_fd_sc_hd__nand2b_1
   Generating output for cell sky130_fd_sc_hd__o22a_1
   Generating output for cell sky130_fd_sc_hd__o21ai_2
   Generating output for cell sky130_fd_sc_hd__or3_1
   Generating output for cell sky130_fd_sc_hd__buf_6
   Generating output for cell sky130_fd_sc_hd__nor4b_1
   Generating output for cell sky130_fd_sc_hd__nor2_2
   Generating output for cell sky130_fd_sc_hd__a22oi_1
   Generating output for cell sky130_fd_sc_hd__a211o_1
   Generating output for cell sky130_fd_sc_hd__o31ai_1
   Generating output for cell sky130_fd_sc_hd__a31o_1
   Generating output for cell sky130_fd_sc_hd__inv_8
   Generating output for cell sky130_fd_sc_hd__clkbuf_4
   Generating output for cell sky130_fd_sc_hd__dfxtp_2
   Generating output for cell sky130_fd_sc_hd__dfrtp_2
   Generating output for cell sky130_fd_sc_hd__nor3_2
   Generating output for cell sky130_fd_sc_hd__lpflow_isobufsrc_4
   Generating output for cell sky130_fd_sc_hd__nand3b_1
   Generating output for cell sky130_fd_sc_hd__a32oi_1
   Generating output for cell sky130_fd_sc_hd__a32o_1
   Generating output for cell sky130_fd_sc_hd__nand2b_4
   Generating output for cell sky130_fd_sc_hd__a21o_1
   Generating output for cell sky130_fd_sc_hd__dfxtp_4
   Generating output for cell sky130_fd_sc_hd__a221oi_1
   Generating output for cell sky130_fd_sc_hd__a22o_1
   Generating output for cell sky130_fd_sc_hd__lpflow_inputiso1p_1
   Generating output for cell sky130_fd_sc_hd__o211a_1
   Generating output for cell sky130_fd_sc_hd__a2111oi_0
   Generating output for cell sky130_fd_sc_hd__nand2_2
   Generating output for cell sky130_fd_sc_hd__nor3b_2
   Generating output for cell sky130_fd_sc_hd__a211oi_1
   Generating output for cell sky130_fd_sc_hd__nor2_4
   Generating output for cell sky130_fd_sc_hd__o32ai_1
   Generating output for cell sky130_fd_sc_hd__a311o_1
   Generating output for cell sky130_fd_sc_hd__and2_2
   Generating output for cell sky130_fd_sc_hd__nor4_2
   Generating output for cell sky130_fd_sc_hd__o21ai_4
   Generating output for cell sky130_fd_sc_hd__o22ai_1
   Generating output for cell sky130_fd_sc_hd__or3b_1
   Generating output for cell sky130_fd_sc_hd__o2111a_1
   Generating output for cell sky130_fd_sc_hd__o221ai_1
   Generating output for cell sky130_fd_sc_hd__and3b_1
   Generating output for cell sky130_fd_sc_hd__o41ai_1
   Generating output for cell sky130_fd_sc_hd__o32a_1
   Generating output for cell sky130_fd_sc_hd__o22ai_2
   Generating output for cell sky130_fd_sc_hd__probec_p_8
   Generating output for cell sky130_fd_sc_hd__nand3_4
   Generating output for cell sky130_fd_sc_hd__nand2_4
   Generating output for cell sky130_fd_sc_hd__mux2i_4
   Generating output for cell sky130_fd_sc_hd__inv_4
   Generating output for cell sky130_fd_sc_hd__nand4b_1
   Generating output for cell sky130_fd_sc_hd__and2_4
   Generating output for cell sky130_fd_sc_hd__a21oi_2
   Generating output for cell sky130_fd_sc_hd__o31ai_2
   Generating output for cell sky130_fd_sc_hd__maj3_1
   Generating output for cell sky130_fd_sc_hd__a221o_1
   Generating output for cell sky130_fd_sc_hd__o31a_2
   Generating output for cell sky130_fd_sc_hd__o21bai_1
   Generating output for cell sky130_fd_sc_hd__a21boi_0
   Generating output for cell sky130_fd_sc_hd__a2bb2oi_1
   Generating output for cell sky130_fd_sc_hd__o21ai_1
   Generating output for cell sky130_fd_sc_hd__nand3_2
   Generating output for cell sky130_fd_sc_hd__o311ai_0
   Generating output for cell sky130_fd_sc_hd__nor4b_2
   Generating output for cell sky130_fd_sc_hd__nor2b_2
   Generating output for cell sky130_fd_sc_hd__o31a_1
   Generating output for cell sky130_fd_sc_hd__buf_8
   Generating output for cell sky130_fd_sc_hd__a21bo_1
   Generating output for cell sky130_fd_sc_hd__lpflow_isobufsrc_2
   Generating output for cell sky130_fd_sc_hd__dfrtp_1
   Generating output for cell sky130_fd_sc_hd__clkbuf_2
   Generating output for cell sky130_fd_sc_hd__or3_2
   Generating output for cell sky130_fd_sc_hd__o2111ai_1
   Generating output for cell sky130_fd_sc_hd__dlymetal6s2s_1
   Generating output for cell sky130_fd_sc_hd__and4b_1
   Generating output for cell sky130_fd_sc_hd__or4b_1
   Generating output for cell sky130_fd_sc_hd__clkdlybuf4s50_1
   Generating output for cell sky130_fd_sc_hd__a2111oi_1
   Generating output for cell sky130_fd_sc_hd__nor4bb_1
   Generating output for cell mini_soc_top
78605 problems occurred.  See feedback entries.
Analyzing Design Metrics...
python3 "/home/manal/projects/RiscV-mini-SoC"/scripts/report_parser.py

--- SYNTHESIS Report Summary ---
Total Standard Cells: 9434
Total Flip-Flops detected: 160

--- AREA Report Summary ---
Final Utilization: 9.837%

--- TIMING Report Summary ---

--- CTS Report Summary ---

--- ROUTE Report Summary ---

--- SIGNOFF Report Summary ---
Sign-off Status: MET
